
-- ───────────────────────────────────────────────────────────
-- PRODUCTION-GRADE SAAS + E-COMMERCE SCHEMA v1.0
-- ───────────────────────────────────────────────────────────

DROP TABLE IF EXISTS AdminLogs;
DROP TABLE IF EXISTS Reviews;
DROP TABLE IF EXISTS Payments;
DROP TABLE IF EXISTS OrderItems;
DROP TABLE IF EXISTS Orders;
DROP TABLE IF EXISTS ProductVariants;
DROP TABLE IF EXISTS Products;
DROP TABLE IF EXISTS Categories;
DROP TABLE IF EXISTS Users;
DROP TABLE IF EXISTS Roles;

-- 1. AUTHENTICATION MODULE
CREATE TABLE Roles (
    id UUID PRIMARY KEY,
    name VARCHAR(50) UNIQUE NOT NULL,
    description TEXT,
    created_at TIMESTAMP DEFAULT CURRENT_TIMESTAMP
);

CREATE TABLE Users (
    id UUID PRIMARY KEY,
    email VARCHAR(255) UNIQUE NOT NULL,
    password_hash TEXT NOT NULL,
    first_name VARCHAR(100),
    last_name VARCHAR(100),
    role_id UUID REFERENCES Roles(id),
    status VARCHAR(20) DEFAULT 'active', -- active, inactive, banned, pending
    is_soft_deleted BOOLEAN DEFAULT FALSE,
    last_login_at TIMESTAMP,
    created_at TIMESTAMP DEFAULT CURRENT_TIMESTAMP
);

-- 2. PRODUCT CATALOG MODULE
CREATE TABLE Categories (
    id UUID PRIMARY KEY,
    name VARCHAR(100) UNIQUE NOT NULL,
    parent_id UUID REFERENCES Categories(id),
    created_at TIMESTAMP DEFAULT CURRENT_TIMESTAMP
);

CREATE TABLE Products (
    id UUID PRIMARY KEY,
    name VARCHAR(255) NOT NULL,
    description TEXT,
    category_id UUID REFERENCES Categories(id),
    base_price DECIMAL(15, 2) NOT NULL,
    currency VARCHAR(3) DEFAULT 'USD',
    is_active BOOLEAN DEFAULT TRUE,
    created_at TIMESTAMP DEFAULT CURRENT_TIMESTAMP
);

CREATE TABLE ProductVariants (
    id UUID PRIMARY KEY,
    product_id UUID REFERENCES Products(id),
    sku VARCHAR(100) UNIQUE NOT NULL,
    attribute_name VARCHAR(50), -- e.g., Color, Size
    attribute_value VARCHAR(100),
    price_modifier DECIMAL(15, 2) DEFAULT 0.00,
    inventory_count INT DEFAULT 0
);

-- 3. SALES & CART MODULE
CREATE TABLE Orders (
    id UUID PRIMARY KEY,
    user_id UUID REFERENCES Users(id), -- Null if Guest
    status VARCHAR(20) DEFAULT 'pending', -- pending, completed, failed, cancelled, refunded
    total_amount DECIMAL(15, 2) NOT NULL,
    currency VARCHAR(3),
    shipping_address_id UUID,
    created_at TIMESTAMP DEFAULT CURRENT_TIMESTAMP
);

CREATE TABLE OrderItems (
    id UUID PRIMARY KEY,
    order_id UUID REFERENCES Orders(id),
    product_id UUID REFERENCES Products(id),
    variant_id UUID REFERENCES ProductVariants(id),
    quantity INT NOT NULL,
    unit_price DECIMAL(15, 2) NOT NULL
);

-- 4. FINANCE & FLOW MODULE
CREATE TABLE Payments (
    id UUID PRIMARY KEY,
    order_id UUID REFERENCES Orders(id),
    transaction_id VARCHAR(255) UNIQUE,
    provider VARCHAR(50), -- e.g., Stripe, PayPal
    status VARCHAR(20), -- success, failed, processing, refunded
    amount DECIMAL(15, 2),
    created_at TIMESTAMP DEFAULT CURRENT_TIMESTAMP
);

-- 5. AUDIT & REVIEWS
CREATE TABLE Reviews (
    id UUID PRIMARY KEY,
    product_id UUID REFERENCES Products(id),
    user_id UUID REFERENCES Users(id),
    rating INT CHECK (rating >= 1 AND rating <= 5),
    comment TEXT,
    is_published BOOLEAN DEFAULT TRUE,
    created_at TIMESTAMP DEFAULT CURRENT_TIMESTAMP
);

CREATE TABLE AdminLogs (
    id UUID PRIMARY KEY,
    admin_id UUID REFERENCES Users(id),
    action VARCHAR(100),
    entity_id UUID,
    payload TEXT,
    created_at TIMESTAMP DEFAULT CURRENT_TIMESTAMP
);

-- INDEXES FOR PERFORMANCE
CREATE INDEX idx_products_category ON Products(category_id);
CREATE INDEX idx_orders_user ON Orders(user_id);
CREATE INDEX idx_payments_order ON Payments(order_id);


-- SEED DATA
INSERT INTO Roles (id, name, description) VALUES ('a421ca10-d345-43da-8298-dd6661ef5fb2', 'admin', 'System admin access');
INSERT INTO Roles (id, name, description) VALUES ('83d7fc2b-c6dd-4e79-9718-502b37b6122d', 'editor', 'System editor access');
INSERT INTO Roles (id, name, description) VALUES ('e3db1774-9f93-4606-ad59-a79e1fb23e30', 'moderator', 'System moderator access');
INSERT INTO Roles (id, name, description) VALUES ('e0f02707-5256-4fcd-accf-1c94e09ffb93', 'customer', 'System customer access');
INSERT INTO Roles (id, name, description) VALUES ('ddab2bcc-031d-4f4d-8cc9-1faeb7a014d3', 'guest', 'System guest access');
INSERT INTO Categories (id, name) VALUES ('cbd311c1-2373-4bb9-a47b-1dc42ca7499e', 'Electronics');
INSERT INTO Categories (id, name) VALUES ('4001301b-874d-4ea1-874a-bbee43b3a47d', 'Fashion');
INSERT INTO Categories (id, name) VALUES ('6c338540-9155-425d-9d4a-1dfa7322850d', 'Home & Garden');
INSERT INTO Categories (id, name) VALUES ('d839bf40-8d5f-4c70-a2d5-879f95ef1433', 'Books');
INSERT INTO Categories (id, name) VALUES ('f169d8c1-cf23-4ef9-92a6-ced4f31de6c6', 'Beauty');
INSERT INTO Categories (id, name) VALUES ('780b32aa-dbe0-4c61-96e8-f33d449d8872', 'Sports');
INSERT INTO Categories (id, name) VALUES ('c069af92-a6f8-43fb-93ab-fb621f03907f', 'Toys');
INSERT INTO Categories (id, name) VALUES ('95078d8e-5417-4102-a6a3-da17c38bdb13', 'Automotive');
INSERT INTO Users (id, email, password_hash, first_name, last_name, role_id, status, is_soft_deleted, created_at) VALUES ('c20584b0-fa58-48d8-acba-54fae2fae177', 'benjamin.thomas.0@guest-checkout.com', 'bcrypt_hash_v2_xyz', 'Benjamin', 'Thomas', 'e3db1774-9f93-4606-ad59-a79e1fb23e30', 'active', true, '2025-09-19 04:17:55');
INSERT INTO Users (id, email, password_hash, first_name, last_name, role_id, status, is_soft_deleted, created_at) VALUES ('de71788d-d93a-419b-a1f1-03c27e71cef7', 'elijah.williams.1@gmail.com', 'bcrypt_hash_v2_xyz', 'Elijah', 'Williams', 'ddab2bcc-031d-4f4d-8cc9-1faeb7a014d3', 'active', true, '2025-12-02 04:17:55');
INSERT INTO Users (id, email, password_hash, first_name, last_name, role_id, status, is_soft_deleted, created_at) VALUES ('b310bf8b-14f3-4322-89e0-ffd8ecc3eed4', 'charlotte.rodriguez.2@guest-checkout.com', 'bcrypt_hash_v2_xyz', 'Charlotte', 'Rodriguez', 'e0f02707-5256-4fcd-accf-1c94e09ffb93', 'banned', true, '2026-02-09 04:17:55');
INSERT INTO Users (id, email, password_hash, first_name, last_name, role_id, status, is_soft_deleted, created_at) VALUES ('374935b3-5aa6-4cb6-8191-87751b948303', 'emma.moore.3@company-internal.net', 'bcrypt_hash_v2_xyz', 'Emma', 'Moore', 'e3db1774-9f93-4606-ad59-a79e1fb23e30', 'pending', true, '2025-08-13 04:17:55');
INSERT INTO Users (id, email, password_hash, first_name, last_name, role_id, status, is_soft_deleted, created_at) VALUES ('f18c5cc6-9c98-4ee5-a449-06423f3befd0', 'olivia.taylor.4@outlook.com', 'bcrypt_hash_v2_xyz', 'Olivia', 'Taylor', 'a421ca10-d345-43da-8298-dd6661ef5fb2', 'banned', true, '2025-06-06 04:17:55');
INSERT INTO Users (id, email, password_hash, first_name, last_name, role_id, status, is_soft_deleted, created_at) VALUES ('40531f5f-2399-49aa-ac6f-d4800085388b', 'evelyn.martinez.5@outlook.com', 'bcrypt_hash_v2_xyz', 'Evelyn', 'Martinez', '83d7fc2b-c6dd-4e79-9718-502b37b6122d', 'pending', false, '2026-01-30 04:17:55');
INSERT INTO Users (id, email, password_hash, first_name, last_name, role_id, status, is_soft_deleted, created_at) VALUES ('9f8c892c-dd6e-4434-8000-f5f680c99030', 'charlotte.gonzalez.6@test-user-group.org', 'bcrypt_hash_v2_xyz', 'Charlotte', 'Gonzalez', 'e0f02707-5256-4fcd-accf-1c94e09ffb93', 'pending', false, '2025-04-06 04:17:55');
INSERT INTO Users (id, email, password_hash, first_name, last_name, role_id, status, is_soft_deleted, created_at) VALUES ('4d100011-9113-4a30-91c9-c4cfdcdd09eb', 'noah.johnson.7@outlook.com', 'bcrypt_hash_v2_xyz', 'Noah', 'Johnson', 'e3db1774-9f93-4606-ad59-a79e1fb23e30', 'pending', false, '2025-12-18 04:17:55');
INSERT INTO Users (id, email, password_hash, first_name, last_name, role_id, status, is_soft_deleted, created_at) VALUES ('70d36bcc-358f-4c3d-8584-559157aebcd9', 'alexander.martin.8@outlook.com', 'bcrypt_hash_v2_xyz', 'Alexander', 'Martin', '83d7fc2b-c6dd-4e79-9718-502b37b6122d', 'inactive', false, '2025-11-03 04:17:55');
INSERT INTO Users (id, email, password_hash, first_name, last_name, role_id, status, is_soft_deleted, created_at) VALUES ('3b685c4a-e24b-4ca1-86a0-605d80d599e2', 'amelia.martin.9@outlook.com', 'bcrypt_hash_v2_xyz', 'Amelia', 'Martin', 'a421ca10-d345-43da-8298-dd6661ef5fb2', 'banned', false, '2026-02-19 04:17:55');
INSERT INTO Users (id, email, password_hash, first_name, last_name, role_id, status, is_soft_deleted, created_at) VALUES ('4917125c-9589-4ac9-ac15-aa8fddb80fec', 'isabella.taylor.10@company-internal.net', 'bcrypt_hash_v2_xyz', 'Isabella', 'Taylor', 'e3db1774-9f93-4606-ad59-a79e1fb23e30', 'inactive', false, '2025-04-15 04:17:55');
INSERT INTO Users (id, email, password_hash, first_name, last_name, role_id, status, is_soft_deleted, created_at) VALUES ('c208a807-42fd-4c99-a3af-40292c0a601f', 'william.taylor.11@guest-checkout.com', 'bcrypt_hash_v2_xyz', 'William', 'Taylor', 'e3db1774-9f93-4606-ad59-a79e1fb23e30', 'active', false, '2025-10-10 04:17:55');
INSERT INTO Users (id, email, password_hash, first_name, last_name, role_id, status, is_soft_deleted, created_at) VALUES ('fcb02153-2d99-46b6-be81-f959198cee8c', 'charlotte.davis.12@test-user-group.org', 'bcrypt_hash_v2_xyz', 'Charlotte', 'Davis', 'a421ca10-d345-43da-8298-dd6661ef5fb2', 'active', false, '2026-01-19 04:17:55');
INSERT INTO Users (id, email, password_hash, first_name, last_name, role_id, status, is_soft_deleted, created_at) VALUES ('5bb7af4f-5aa0-46ec-9990-0bf10e98f46e', 'james.anderson.13@gmail.com', 'bcrypt_hash_v2_xyz', 'James', 'Anderson', 'e3db1774-9f93-4606-ad59-a79e1fb23e30', 'active', false, '2025-09-15 04:17:55');
INSERT INTO Users (id, email, password_hash, first_name, last_name, role_id, status, is_soft_deleted, created_at) VALUES ('089effb1-025b-4e56-809c-b95621fe6d64', 'oliver.gonzalez.14@company-internal.net', 'bcrypt_hash_v2_xyz', 'Oliver', 'Gonzalez', 'ddab2bcc-031d-4f4d-8cc9-1faeb7a014d3', 'inactive', false, '2025-05-30 04:17:55');
INSERT INTO Users (id, email, password_hash, first_name, last_name, role_id, status, is_soft_deleted, created_at) VALUES ('982ffae6-1b1a-4229-ab90-7d106265889b', 'alexander.anderson.15@guest-checkout.com', 'bcrypt_hash_v2_xyz', 'Alexander', 'Anderson', '83d7fc2b-c6dd-4e79-9718-502b37b6122d', 'active', false, '2025-12-29 04:17:55');
INSERT INTO Users (id, email, password_hash, first_name, last_name, role_id, status, is_soft_deleted, created_at) VALUES ('cd1fea1f-6389-47be-ab2c-47b4bb1a5938', 'emma.moore.16@outlook.com', 'bcrypt_hash_v2_xyz', 'Emma', 'Moore', '83d7fc2b-c6dd-4e79-9718-502b37b6122d', 'inactive', false, '2026-03-21 04:17:55');
INSERT INTO Users (id, email, password_hash, first_name, last_name, role_id, status, is_soft_deleted, created_at) VALUES ('54ebb713-ef38-458a-b565-c4fce5c32d8a', 'emma.davis.17@test-user-group.org', 'bcrypt_hash_v2_xyz', 'Emma', 'Davis', 'a421ca10-d345-43da-8298-dd6661ef5fb2', 'active', false, '2025-11-22 04:17:55');
INSERT INTO Users (id, email, password_hash, first_name, last_name, role_id, status, is_soft_deleted, created_at) VALUES ('94fd965b-3376-4f48-b07a-39bd29a9ed52', 'olivia.hernandez.18@gmail.com', 'bcrypt_hash_v2_xyz', 'Olivia', 'Hernandez', '83d7fc2b-c6dd-4e79-9718-502b37b6122d', 'active', false, '2025-10-07 04:17:55');
INSERT INTO Users (id, email, password_hash, first_name, last_name, role_id, status, is_soft_deleted, created_at) VALUES ('80b85459-ad90-412f-86a1-6b3734a25926', 'ava.garcia.19@gmail.com', 'bcrypt_hash_v2_xyz', 'Ava', 'Garcia', '83d7fc2b-c6dd-4e79-9718-502b37b6122d', 'pending', false, '2026-01-26 04:17:55');
INSERT INTO Users (id, email, password_hash, first_name, last_name, role_id, status, is_soft_deleted, created_at) VALUES ('b96fe81a-6d90-49f9-b408-dd3853b44667', 'oliver.martinez.20@test-user-group.org', 'bcrypt_hash_v2_xyz', 'Oliver', 'Martinez', '83d7fc2b-c6dd-4e79-9718-502b37b6122d', 'banned', false, '2025-07-14 04:17:55');
INSERT INTO Users (id, email, password_hash, first_name, last_name, role_id, status, is_soft_deleted, created_at) VALUES ('96689df8-9b10-4974-97c5-104c74beaecc', 'amelia.hernandez.21@gmail.com', 'bcrypt_hash_v2_xyz', 'Amelia', 'Hernandez', 'e3db1774-9f93-4606-ad59-a79e1fb23e30', 'banned', false, '2025-10-13 04:17:55');
INSERT INTO Users (id, email, password_hash, first_name, last_name, role_id, status, is_soft_deleted, created_at) VALUES ('5f734998-d4b0-47b2-8371-6bea17a09969', 'mia.thomas.22@outlook.com', 'bcrypt_hash_v2_xyz', 'Mia', 'Thomas', 'e3db1774-9f93-4606-ad59-a79e1fb23e30', 'pending', false, '2025-06-14 04:17:55');
INSERT INTO Users (id, email, password_hash, first_name, last_name, role_id, status, is_soft_deleted, created_at) VALUES ('33b2eb1b-c074-47ee-8833-3c93f3bc0c92', 'mia.lopez.23@company-internal.net', 'bcrypt_hash_v2_xyz', 'Mia', 'Lopez', '83d7fc2b-c6dd-4e79-9718-502b37b6122d', 'banned', false, '2025-06-06 04:17:55');
INSERT INTO Users (id, email, password_hash, first_name, last_name, role_id, status, is_soft_deleted, created_at) VALUES ('a7f59351-ad02-4684-bfd7-8377c90b5497', 'mia.wilson.24@outlook.com', 'bcrypt_hash_v2_xyz', 'Mia', 'Wilson', 'e3db1774-9f93-4606-ad59-a79e1fb23e30', 'inactive', false, '2026-02-01 04:17:55');
INSERT INTO Users (id, email, password_hash, first_name, last_name, role_id, status, is_soft_deleted, created_at) VALUES ('61e7b748-fec2-4e0f-b295-5299211ebe84', 'elijah.taylor.25@guest-checkout.com', 'bcrypt_hash_v2_xyz', 'Elijah', 'Taylor', 'e0f02707-5256-4fcd-accf-1c94e09ffb93', 'banned', false, '2026-03-30 04:17:55');
INSERT INTO Users (id, email, password_hash, first_name, last_name, role_id, status, is_soft_deleted, created_at) VALUES ('c9ed9c4f-b573-42f7-b2c5-f9169f65156a', 'evelyn.jones.26@gmail.com', 'bcrypt_hash_v2_xyz', 'Evelyn', 'Jones', '83d7fc2b-c6dd-4e79-9718-502b37b6122d', 'pending', false, '2026-01-29 04:17:55');
INSERT INTO Users (id, email, password_hash, first_name, last_name, role_id, status, is_soft_deleted, created_at) VALUES ('9ce8526f-be0f-4b20-ab7c-ca468dc472b5', 'sophia.moore.27@company-internal.net', 'bcrypt_hash_v2_xyz', 'Sophia', 'Moore', 'a421ca10-d345-43da-8298-dd6661ef5fb2', 'inactive', false, '2025-06-23 04:17:55');
INSERT INTO Users (id, email, password_hash, first_name, last_name, role_id, status, is_soft_deleted, created_at) VALUES ('6766171c-ab33-4b11-9c06-9d93c11b0b25', 'lucas.taylor.28@test-user-group.org', 'bcrypt_hash_v2_xyz', 'Lucas', 'Taylor', 'e3db1774-9f93-4606-ad59-a79e1fb23e30', 'banned', false, '2025-08-28 04:17:55');
INSERT INTO Users (id, email, password_hash, first_name, last_name, role_id, status, is_soft_deleted, created_at) VALUES ('c07a9d43-f5d2-4dcc-a955-cb009ed9af51', 'charlotte.anderson.29@outlook.com', 'bcrypt_hash_v2_xyz', 'Charlotte', 'Anderson', 'e3db1774-9f93-4606-ad59-a79e1fb23e30', 'active', false, '2025-11-24 04:17:55');
INSERT INTO Users (id, email, password_hash, first_name, last_name, role_id, status, is_soft_deleted, created_at) VALUES ('29ac56e2-3e19-4b83-9134-910f608682cc', 'charlotte.taylor.30@company-internal.net', 'bcrypt_hash_v2_xyz', 'Charlotte', 'Taylor', 'e0f02707-5256-4fcd-accf-1c94e09ffb93', 'pending', false, '2025-12-25 04:17:55');
INSERT INTO Users (id, email, password_hash, first_name, last_name, role_id, status, is_soft_deleted, created_at) VALUES ('3b21ff34-4bb9-42ce-986f-3bada1adb611', 'henry.wilson.31@test-user-group.org', 'bcrypt_hash_v2_xyz', 'Henry', 'Wilson', '83d7fc2b-c6dd-4e79-9718-502b37b6122d', 'active', false, '2025-03-16 04:17:55');
INSERT INTO Users (id, email, password_hash, first_name, last_name, role_id, status, is_soft_deleted, created_at) VALUES ('f608c30b-eb53-485c-b1ef-54e28c901e97', 'evelyn.smith.32@outlook.com', 'bcrypt_hash_v2_xyz', 'Evelyn', 'Smith', 'e0f02707-5256-4fcd-accf-1c94e09ffb93', 'pending', false, '2026-01-19 04:17:55');
INSERT INTO Users (id, email, password_hash, first_name, last_name, role_id, status, is_soft_deleted, created_at) VALUES ('4addac3c-3df5-4eee-949b-1dff0d2a7669', 'lucas.lopez.33@company-internal.net', 'bcrypt_hash_v2_xyz', 'Lucas', 'Lopez', 'e0f02707-5256-4fcd-accf-1c94e09ffb93', 'pending', false, '2025-04-22 04:17:55');
INSERT INTO Users (id, email, password_hash, first_name, last_name, role_id, status, is_soft_deleted, created_at) VALUES ('689e0d65-5fa7-4529-be76-249d7fada106', 'oliver.miller.34@outlook.com', 'bcrypt_hash_v2_xyz', 'Oliver', 'Miller', 'e0f02707-5256-4fcd-accf-1c94e09ffb93', 'inactive', false, '2025-09-21 04:17:55');
INSERT INTO Users (id, email, password_hash, first_name, last_name, role_id, status, is_soft_deleted, created_at) VALUES ('b40d5621-ae1b-4ae3-9cf8-0dfe7dd149fc', 'elijah.hernandez.35@company-internal.net', 'bcrypt_hash_v2_xyz', 'Elijah', 'Hernandez', 'e3db1774-9f93-4606-ad59-a79e1fb23e30', 'inactive', false, '2025-07-15 04:17:55');
INSERT INTO Users (id, email, password_hash, first_name, last_name, role_id, status, is_soft_deleted, created_at) VALUES ('1f6e2b7b-4b7d-4bc5-8334-d62cb841b0ac', 'oliver.wilson.36@gmail.com', 'bcrypt_hash_v2_xyz', 'Oliver', 'Wilson', 'e0f02707-5256-4fcd-accf-1c94e09ffb93', 'banned', false, '2026-03-05 04:17:55');
INSERT INTO Users (id, email, password_hash, first_name, last_name, role_id, status, is_soft_deleted, created_at) VALUES ('8cfe2a7d-306a-460e-9aef-ebc9227dc39b', 'ava.jackson.37@company-internal.net', 'bcrypt_hash_v2_xyz', 'Ava', 'Jackson', '83d7fc2b-c6dd-4e79-9718-502b37b6122d', 'banned', false, '2025-11-23 04:17:55');
INSERT INTO Users (id, email, password_hash, first_name, last_name, role_id, status, is_soft_deleted, created_at) VALUES ('ec026ca2-26fa-492c-a380-5f13901e04ab', 'noah.jones.38@company-internal.net', 'bcrypt_hash_v2_xyz', 'Noah', 'Jones', 'e3db1774-9f93-4606-ad59-a79e1fb23e30', 'pending', false, '2025-03-17 04:17:55');
INSERT INTO Users (id, email, password_hash, first_name, last_name, role_id, status, is_soft_deleted, created_at) VALUES ('46a5f60b-0cb8-4a63-b607-7640f0be3ff0', 'isabella.johnson.39@guest-checkout.com', 'bcrypt_hash_v2_xyz', 'Isabella', 'Johnson', 'ddab2bcc-031d-4f4d-8cc9-1faeb7a014d3', 'pending', false, '2025-12-07 04:17:55');
INSERT INTO Users (id, email, password_hash, first_name, last_name, role_id, status, is_soft_deleted, created_at) VALUES ('141d58ba-b8ac-44d2-90ee-2c62493f5bda', 'william.lopez.40@guest-checkout.com', 'bcrypt_hash_v2_xyz', 'William', 'Lopez', 'ddab2bcc-031d-4f4d-8cc9-1faeb7a014d3', 'inactive', false, '2026-03-08 04:17:55');
INSERT INTO Users (id, email, password_hash, first_name, last_name, role_id, status, is_soft_deleted, created_at) VALUES ('0165d3eb-25d9-493d-b189-aa1165c571c7', 'harper.moore.41@company-internal.net', 'bcrypt_hash_v2_xyz', 'Harper', 'Moore', 'ddab2bcc-031d-4f4d-8cc9-1faeb7a014d3', 'pending', false, '2026-02-28 04:17:55');
INSERT INTO Users (id, email, password_hash, first_name, last_name, role_id, status, is_soft_deleted, created_at) VALUES ('2cbba6b9-0ec5-401f-adcd-d9c9665d75f2', 'alexander.moore.42@company-internal.net', 'bcrypt_hash_v2_xyz', 'Alexander', 'Moore', 'a421ca10-d345-43da-8298-dd6661ef5fb2', 'banned', false, '2026-01-03 04:17:55');
INSERT INTO Users (id, email, password_hash, first_name, last_name, role_id, status, is_soft_deleted, created_at) VALUES ('0a40e647-a800-464f-b105-8f595c3601e0', 'charlotte.anderson.43@gmail.com', 'bcrypt_hash_v2_xyz', 'Charlotte', 'Anderson', '83d7fc2b-c6dd-4e79-9718-502b37b6122d', 'inactive', false, '2025-07-02 04:17:55');
INSERT INTO Users (id, email, password_hash, first_name, last_name, role_id, status, is_soft_deleted, created_at) VALUES ('12f13b28-302e-403e-a7fc-c77f1c804d22', 'emma.lopez.44@gmail.com', 'bcrypt_hash_v2_xyz', 'Emma', 'Lopez', 'ddab2bcc-031d-4f4d-8cc9-1faeb7a014d3', 'active', false, '2025-08-09 04:17:55');
INSERT INTO Users (id, email, password_hash, first_name, last_name, role_id, status, is_soft_deleted, created_at) VALUES ('e2466a30-cc59-4f01-a9bb-27beb9d56c53', 'lucas.anderson.45@outlook.com', 'bcrypt_hash_v2_xyz', 'Lucas', 'Anderson', 'a421ca10-d345-43da-8298-dd6661ef5fb2', 'pending', false, '2026-02-18 04:17:55');
INSERT INTO Users (id, email, password_hash, first_name, last_name, role_id, status, is_soft_deleted, created_at) VALUES ('b8b8da81-6431-4399-8ee8-5b5c7264bf5f', 'oliver.martinez.46@company-internal.net', 'bcrypt_hash_v2_xyz', 'Oliver', 'Martinez', '83d7fc2b-c6dd-4e79-9718-502b37b6122d', 'inactive', false, '2025-04-27 04:17:55');
INSERT INTO Users (id, email, password_hash, first_name, last_name, role_id, status, is_soft_deleted, created_at) VALUES ('2409e2b3-3ef1-476a-b57f-07baef5d118a', 'james.brown.47@company-internal.net', 'bcrypt_hash_v2_xyz', 'James', 'Brown', 'e0f02707-5256-4fcd-accf-1c94e09ffb93', 'inactive', false, '2025-11-11 04:17:55');
INSERT INTO Users (id, email, password_hash, first_name, last_name, role_id, status, is_soft_deleted, created_at) VALUES ('552069d8-997e-4764-86cb-b0380f8ec7d9', 'benjamin.jackson.48@outlook.com', 'bcrypt_hash_v2_xyz', 'Benjamin', 'Jackson', 'e0f02707-5256-4fcd-accf-1c94e09ffb93', 'inactive', false, '2025-05-30 04:17:55');
INSERT INTO Users (id, email, password_hash, first_name, last_name, role_id, status, is_soft_deleted, created_at) VALUES ('cc8205fb-de9c-4c33-a2db-28a296473c1f', 'alexander.martinez.49@test-user-group.org', 'bcrypt_hash_v2_xyz', 'Alexander', 'Martinez', 'ddab2bcc-031d-4f4d-8cc9-1faeb7a014d3', 'banned', false, '2025-06-04 04:17:55');
INSERT INTO Users (id, email, password_hash, first_name, last_name, role_id, status, is_soft_deleted, created_at) VALUES ('0f8b96db-6b12-4d7d-94f8-e2a5a2223cca', 'charlotte.wilson.50@guest-checkout.com', 'bcrypt_hash_v2_xyz', 'Charlotte', 'Wilson', 'a421ca10-d345-43da-8298-dd6661ef5fb2', 'pending', false, '2026-03-04 04:17:55');
INSERT INTO Users (id, email, password_hash, first_name, last_name, role_id, status, is_soft_deleted, created_at) VALUES ('a0cea2aa-50e9-4aef-b30f-62b3e9c442df', 'oliver.anderson.51@company-internal.net', 'bcrypt_hash_v2_xyz', 'Oliver', 'Anderson', '83d7fc2b-c6dd-4e79-9718-502b37b6122d', 'banned', false, '2025-08-23 04:17:55');
INSERT INTO Users (id, email, password_hash, first_name, last_name, role_id, status, is_soft_deleted, created_at) VALUES ('ebe6b0e5-c6b8-43b8-b3ef-14f67c854134', 'james.taylor.52@outlook.com', 'bcrypt_hash_v2_xyz', 'James', 'Taylor', 'a421ca10-d345-43da-8298-dd6661ef5fb2', 'inactive', false, '2025-07-25 04:17:55');
INSERT INTO Users (id, email, password_hash, first_name, last_name, role_id, status, is_soft_deleted, created_at) VALUES ('df3355a5-252f-434f-9bf2-4a0a471ccb86', 'oliver.martinez.53@guest-checkout.com', 'bcrypt_hash_v2_xyz', 'Oliver', 'Martinez', 'e3db1774-9f93-4606-ad59-a79e1fb23e30', 'pending', false, '2025-10-06 04:17:55');
INSERT INTO Users (id, email, password_hash, first_name, last_name, role_id, status, is_soft_deleted, created_at) VALUES ('042e013a-bd8a-4001-97c4-6935c484071e', 'oliver.martin.54@guest-checkout.com', 'bcrypt_hash_v2_xyz', 'Oliver', 'Martin', 'e3db1774-9f93-4606-ad59-a79e1fb23e30', 'inactive', false, '2025-04-08 04:17:55');
INSERT INTO Users (id, email, password_hash, first_name, last_name, role_id, status, is_soft_deleted, created_at) VALUES ('5815aa44-b608-42a8-a01e-fd978d65ed29', 'ava.johnson.55@test-user-group.org', 'bcrypt_hash_v2_xyz', 'Ava', 'Johnson', 'ddab2bcc-031d-4f4d-8cc9-1faeb7a014d3', 'active', false, '2026-02-05 04:17:55');
INSERT INTO Users (id, email, password_hash, first_name, last_name, role_id, status, is_soft_deleted, created_at) VALUES ('ad931990-b82c-42a7-9ede-5f370579dc1a', 'isabella.williams.56@test-user-group.org', 'bcrypt_hash_v2_xyz', 'Isabella', 'Williams', 'e3db1774-9f93-4606-ad59-a79e1fb23e30', 'banned', false, '2025-07-07 04:17:55');
INSERT INTO Users (id, email, password_hash, first_name, last_name, role_id, status, is_soft_deleted, created_at) VALUES ('d5944d0c-c617-4740-adcd-430a35e2a8d3', 'liam.martinez.57@outlook.com', 'bcrypt_hash_v2_xyz', 'Liam', 'Martinez', 'a421ca10-d345-43da-8298-dd6661ef5fb2', 'banned', false, '2026-01-09 04:17:55');
INSERT INTO Users (id, email, password_hash, first_name, last_name, role_id, status, is_soft_deleted, created_at) VALUES ('59cf6230-3fed-4ed8-8f99-aad52d809f56', 'ava.anderson.58@gmail.com', 'bcrypt_hash_v2_xyz', 'Ava', 'Anderson', 'e0f02707-5256-4fcd-accf-1c94e09ffb93', 'pending', false, '2025-12-12 04:17:55');
INSERT INTO Users (id, email, password_hash, first_name, last_name, role_id, status, is_soft_deleted, created_at) VALUES ('b7154edd-6442-44f2-a008-76441792e300', 'isabella.smith.59@test-user-group.org', 'bcrypt_hash_v2_xyz', 'Isabella', 'Smith', '83d7fc2b-c6dd-4e79-9718-502b37b6122d', 'banned', false, '2025-04-01 04:17:55');
INSERT INTO Users (id, email, password_hash, first_name, last_name, role_id, status, is_soft_deleted, created_at) VALUES ('7d176d89-0c1b-41ab-b7f7-64bff0364fc7', 'charlotte.rodriguez.60@gmail.com', 'bcrypt_hash_v2_xyz', 'Charlotte', 'Rodriguez', 'e0f02707-5256-4fcd-accf-1c94e09ffb93', 'pending', false, '2026-03-06 04:17:55');
INSERT INTO Users (id, email, password_hash, first_name, last_name, role_id, status, is_soft_deleted, created_at) VALUES ('c43c946e-37bd-4925-a469-ec9961ff8f5c', 'william.gonzalez.61@test-user-group.org', 'bcrypt_hash_v2_xyz', 'William', 'Gonzalez', 'a421ca10-d345-43da-8298-dd6661ef5fb2', 'active', false, '2025-12-12 04:17:55');
INSERT INTO Users (id, email, password_hash, first_name, last_name, role_id, status, is_soft_deleted, created_at) VALUES ('e7c3a52d-a99d-4d3b-9709-23381a78e4e8', 'benjamin.jackson.62@company-internal.net', 'bcrypt_hash_v2_xyz', 'Benjamin', 'Jackson', 'e3db1774-9f93-4606-ad59-a79e1fb23e30', 'inactive', false, '2025-12-07 04:17:55');
INSERT INTO Users (id, email, password_hash, first_name, last_name, role_id, status, is_soft_deleted, created_at) VALUES ('ee0a4518-9d43-44da-9ffc-0de60cb66ce1', 'sophia.martinez.63@outlook.com', 'bcrypt_hash_v2_xyz', 'Sophia', 'Martinez', '83d7fc2b-c6dd-4e79-9718-502b37b6122d', 'active', false, '2026-01-22 04:17:55');
INSERT INTO Users (id, email, password_hash, first_name, last_name, role_id, status, is_soft_deleted, created_at) VALUES ('00d67916-5e5e-4d3a-9f26-1a3c242ee490', 'oliver.rodriguez.64@company-internal.net', 'bcrypt_hash_v2_xyz', 'Oliver', 'Rodriguez', 'ddab2bcc-031d-4f4d-8cc9-1faeb7a014d3', 'active', false, '2025-04-21 04:17:55');
INSERT INTO Users (id, email, password_hash, first_name, last_name, role_id, status, is_soft_deleted, created_at) VALUES ('7ca58d8a-46aa-4330-b3fc-0567da3425a7', 'evelyn.martinez.65@guest-checkout.com', 'bcrypt_hash_v2_xyz', 'Evelyn', 'Martinez', '83d7fc2b-c6dd-4e79-9718-502b37b6122d', 'inactive', false, '2025-10-14 04:17:55');
INSERT INTO Users (id, email, password_hash, first_name, last_name, role_id, status, is_soft_deleted, created_at) VALUES ('9d9acfd4-f69b-46ca-a135-d642c8199a80', 'harper.thomas.66@gmail.com', 'bcrypt_hash_v2_xyz', 'Harper', 'Thomas', 'e3db1774-9f93-4606-ad59-a79e1fb23e30', 'pending', false, '2026-02-19 04:17:55');
INSERT INTO Users (id, email, password_hash, first_name, last_name, role_id, status, is_soft_deleted, created_at) VALUES ('f70d7277-fce4-4f4a-924f-2196bafab52d', 'emma.williams.67@test-user-group.org', 'bcrypt_hash_v2_xyz', 'Emma', 'Williams', 'ddab2bcc-031d-4f4d-8cc9-1faeb7a014d3', 'banned', false, '2026-02-12 04:17:55');
INSERT INTO Users (id, email, password_hash, first_name, last_name, role_id, status, is_soft_deleted, created_at) VALUES ('932ce711-f721-41b9-b7ba-59f28638b71c', 'liam.johnson.68@guest-checkout.com', 'bcrypt_hash_v2_xyz', 'Liam', 'Johnson', 'ddab2bcc-031d-4f4d-8cc9-1faeb7a014d3', 'active', false, '2026-03-21 04:17:55');
INSERT INTO Users (id, email, password_hash, first_name, last_name, role_id, status, is_soft_deleted, created_at) VALUES ('fd5c7b77-7cdc-4f15-8e63-c730553b12b7', 'alexander.moore.69@test-user-group.org', 'bcrypt_hash_v2_xyz', 'Alexander', 'Moore', 'a421ca10-d345-43da-8298-dd6661ef5fb2', 'active', false, '2026-03-11 04:17:55');
INSERT INTO Users (id, email, password_hash, first_name, last_name, role_id, status, is_soft_deleted, created_at) VALUES ('42ff1c03-90df-409b-9741-0e0c6e706bbf', 'harper.garcia.70@guest-checkout.com', 'bcrypt_hash_v2_xyz', 'Harper', 'Garcia', '83d7fc2b-c6dd-4e79-9718-502b37b6122d', 'banned', false, '2025-09-14 04:17:55');
INSERT INTO Users (id, email, password_hash, first_name, last_name, role_id, status, is_soft_deleted, created_at) VALUES ('b44ccca1-5c97-4be7-b06a-f3c611915d76', 'william.taylor.71@test-user-group.org', 'bcrypt_hash_v2_xyz', 'William', 'Taylor', 'e0f02707-5256-4fcd-accf-1c94e09ffb93', 'inactive', false, '2025-08-02 04:17:55');
INSERT INTO Users (id, email, password_hash, first_name, last_name, role_id, status, is_soft_deleted, created_at) VALUES ('68c5d026-e68d-4ebf-9ae6-929df5b8d0ae', 'alexander.hernandez.72@gmail.com', 'bcrypt_hash_v2_xyz', 'Alexander', 'Hernandez', 'e0f02707-5256-4fcd-accf-1c94e09ffb93', 'active', false, '2026-03-23 04:17:55');
INSERT INTO Users (id, email, password_hash, first_name, last_name, role_id, status, is_soft_deleted, created_at) VALUES ('257e24c9-3f92-4001-aa31-9efd0edb1ccf', 'isabella.garcia.73@company-internal.net', 'bcrypt_hash_v2_xyz', 'Isabella', 'Garcia', 'e0f02707-5256-4fcd-accf-1c94e09ffb93', 'active', false, '2025-07-16 04:17:55');
INSERT INTO Users (id, email, password_hash, first_name, last_name, role_id, status, is_soft_deleted, created_at) VALUES ('f2bf5a0e-87ef-47fa-9bda-16ea5f5ccb61', 'sophia.brown.74@gmail.com', 'bcrypt_hash_v2_xyz', 'Sophia', 'Brown', 'ddab2bcc-031d-4f4d-8cc9-1faeb7a014d3', 'inactive', false, '2025-08-19 04:17:55');
INSERT INTO Users (id, email, password_hash, first_name, last_name, role_id, status, is_soft_deleted, created_at) VALUES ('6d070f3a-0b36-4d80-8a67-5275c48b8008', 'amelia.lopez.75@gmail.com', 'bcrypt_hash_v2_xyz', 'Amelia', 'Lopez', 'e3db1774-9f93-4606-ad59-a79e1fb23e30', 'banned', false, '2025-03-07 04:17:55');
INSERT INTO Users (id, email, password_hash, first_name, last_name, role_id, status, is_soft_deleted, created_at) VALUES ('51bbf1a7-1515-480a-b77b-3b5f2c11c832', 'liam.williams.76@company-internal.net', 'bcrypt_hash_v2_xyz', 'Liam', 'Williams', 'e3db1774-9f93-4606-ad59-a79e1fb23e30', 'inactive', false, '2026-03-29 04:17:55');
INSERT INTO Users (id, email, password_hash, first_name, last_name, role_id, status, is_soft_deleted, created_at) VALUES ('cf1b1be8-1c7b-4335-a5da-6b68a85530b6', 'amelia.taylor.77@gmail.com', 'bcrypt_hash_v2_xyz', 'Amelia', 'Taylor', 'e3db1774-9f93-4606-ad59-a79e1fb23e30', 'active', false, '2025-10-03 04:17:55');
INSERT INTO Users (id, email, password_hash, first_name, last_name, role_id, status, is_soft_deleted, created_at) VALUES ('8c58d206-f29b-460b-bfe3-b017dad5390b', 'harper.martin.78@company-internal.net', 'bcrypt_hash_v2_xyz', 'Harper', 'Martin', 'ddab2bcc-031d-4f4d-8cc9-1faeb7a014d3', 'inactive', false, '2026-04-04 04:17:55');
INSERT INTO Users (id, email, password_hash, first_name, last_name, role_id, status, is_soft_deleted, created_at) VALUES ('7ba2abf7-858b-4caf-b27d-7c01add95ce1', 'evelyn.wilson.79@company-internal.net', 'bcrypt_hash_v2_xyz', 'Evelyn', 'Wilson', 'a421ca10-d345-43da-8298-dd6661ef5fb2', 'pending', false, '2026-02-05 04:17:55');
INSERT INTO Users (id, email, password_hash, first_name, last_name, role_id, status, is_soft_deleted, created_at) VALUES ('913e5523-be92-4fec-a9ab-63fd0e39e704', 'william.taylor.80@outlook.com', 'bcrypt_hash_v2_xyz', 'William', 'Taylor', '83d7fc2b-c6dd-4e79-9718-502b37b6122d', 'inactive', false, '2025-07-27 04:17:55');
INSERT INTO Users (id, email, password_hash, first_name, last_name, role_id, status, is_soft_deleted, created_at) VALUES ('2b12e616-d824-4e3d-99c6-2e332194a268', 'liam.jackson.81@guest-checkout.com', 'bcrypt_hash_v2_xyz', 'Liam', 'Jackson', 'e3db1774-9f93-4606-ad59-a79e1fb23e30', 'banned', false, '2026-03-14 04:17:55');
INSERT INTO Users (id, email, password_hash, first_name, last_name, role_id, status, is_soft_deleted, created_at) VALUES ('5efb4331-5ee6-471c-a05c-4dccdb54337f', 'alexander.martin.82@gmail.com', 'bcrypt_hash_v2_xyz', 'Alexander', 'Martin', '83d7fc2b-c6dd-4e79-9718-502b37b6122d', 'active', false, '2025-06-14 04:17:55');
INSERT INTO Users (id, email, password_hash, first_name, last_name, role_id, status, is_soft_deleted, created_at) VALUES ('8b6df08e-f30c-4eef-b4bf-709c7fe64ded', 'harper.smith.83@company-internal.net', 'bcrypt_hash_v2_xyz', 'Harper', 'Smith', '83d7fc2b-c6dd-4e79-9718-502b37b6122d', 'inactive', false, '2026-01-16 04:17:55');
INSERT INTO Users (id, email, password_hash, first_name, last_name, role_id, status, is_soft_deleted, created_at) VALUES ('79cb10b8-161f-4ca4-9df5-2aa16e9c1d87', 'mia.williams.84@company-internal.net', 'bcrypt_hash_v2_xyz', 'Mia', 'Williams', 'e0f02707-5256-4fcd-accf-1c94e09ffb93', 'inactive', false, '2025-04-23 04:17:55');
INSERT INTO Users (id, email, password_hash, first_name, last_name, role_id, status, is_soft_deleted, created_at) VALUES ('92cbfdca-506b-4a50-900c-002e1e625e10', 'mia.smith.85@test-user-group.org', 'bcrypt_hash_v2_xyz', 'Mia', 'Smith', 'ddab2bcc-031d-4f4d-8cc9-1faeb7a014d3', 'pending', false, '2025-03-16 04:17:55');
INSERT INTO Users (id, email, password_hash, first_name, last_name, role_id, status, is_soft_deleted, created_at) VALUES ('f4d9bf2b-320e-4d02-8905-8b498de91959', 'elijah.thomas.86@gmail.com', 'bcrypt_hash_v2_xyz', 'Elijah', 'Thomas', '83d7fc2b-c6dd-4e79-9718-502b37b6122d', 'active', false, '2025-06-01 04:17:55');
INSERT INTO Users (id, email, password_hash, first_name, last_name, role_id, status, is_soft_deleted, created_at) VALUES ('f37ae365-6f08-496b-8e1f-a3b7469f45bf', 'amelia.thomas.87@guest-checkout.com', 'bcrypt_hash_v2_xyz', 'Amelia', 'Thomas', 'e3db1774-9f93-4606-ad59-a79e1fb23e30', 'banned', false, '2025-09-27 04:17:55');
INSERT INTO Users (id, email, password_hash, first_name, last_name, role_id, status, is_soft_deleted, created_at) VALUES ('913a1a64-42f5-4d7a-97cd-6f84769e332e', 'james.miller.88@company-internal.net', 'bcrypt_hash_v2_xyz', 'James', 'Miller', 'ddab2bcc-031d-4f4d-8cc9-1faeb7a014d3', 'active', false, '2025-12-11 04:17:55');
INSERT INTO Users (id, email, password_hash, first_name, last_name, role_id, status, is_soft_deleted, created_at) VALUES ('d9950953-7a41-4eea-bd68-9ce3b967d6dc', 'ava.brown.89@outlook.com', 'bcrypt_hash_v2_xyz', 'Ava', 'Brown', 'e3db1774-9f93-4606-ad59-a79e1fb23e30', 'pending', false, '2025-12-09 04:17:55');
INSERT INTO Users (id, email, password_hash, first_name, last_name, role_id, status, is_soft_deleted, created_at) VALUES ('d6fee95d-7b3f-4b20-8df4-8343d1e26a2b', 'alexander.gonzalez.90@company-internal.net', 'bcrypt_hash_v2_xyz', 'Alexander', 'Gonzalez', '83d7fc2b-c6dd-4e79-9718-502b37b6122d', 'active', false, '2025-07-29 04:17:55');
INSERT INTO Users (id, email, password_hash, first_name, last_name, role_id, status, is_soft_deleted, created_at) VALUES ('b38504f5-f484-487e-b832-811efb5f8f95', 'sophia.moore.91@test-user-group.org', 'bcrypt_hash_v2_xyz', 'Sophia', 'Moore', 'a421ca10-d345-43da-8298-dd6661ef5fb2', 'inactive', false, '2026-02-12 04:17:55');
INSERT INTO Users (id, email, password_hash, first_name, last_name, role_id, status, is_soft_deleted, created_at) VALUES ('f7434807-7de1-46b5-bec8-eaa5cb314efb', 'william.jackson.92@guest-checkout.com', 'bcrypt_hash_v2_xyz', 'William', 'Jackson', 'ddab2bcc-031d-4f4d-8cc9-1faeb7a014d3', 'inactive', false, '2026-03-07 04:17:55');
INSERT INTO Users (id, email, password_hash, first_name, last_name, role_id, status, is_soft_deleted, created_at) VALUES ('a2b082fd-1cc1-4726-bd68-c70bc1d01319', 'lucas.wilson.93@gmail.com', 'bcrypt_hash_v2_xyz', 'Lucas', 'Wilson', 'ddab2bcc-031d-4f4d-8cc9-1faeb7a014d3', 'banned', false, '2025-05-26 04:17:55');
INSERT INTO Users (id, email, password_hash, first_name, last_name, role_id, status, is_soft_deleted, created_at) VALUES ('e18ed6e9-e573-4920-875e-5a4b4a54f22d', 'ava.jackson.94@guest-checkout.com', 'bcrypt_hash_v2_xyz', 'Ava', 'Jackson', 'ddab2bcc-031d-4f4d-8cc9-1faeb7a014d3', 'pending', false, '2025-04-02 04:17:55');
INSERT INTO Users (id, email, password_hash, first_name, last_name, role_id, status, is_soft_deleted, created_at) VALUES ('756ebdc0-93f6-405f-a8ea-ea2e62327c9b', 'evelyn.moore.95@outlook.com', 'bcrypt_hash_v2_xyz', 'Evelyn', 'Moore', 'e0f02707-5256-4fcd-accf-1c94e09ffb93', 'pending', false, '2025-06-16 04:17:55');
INSERT INTO Users (id, email, password_hash, first_name, last_name, role_id, status, is_soft_deleted, created_at) VALUES ('833eabb6-a213-4828-aa85-68495329d730', 'ava.williams.96@outlook.com', 'bcrypt_hash_v2_xyz', 'Ava', 'Williams', 'a421ca10-d345-43da-8298-dd6661ef5fb2', 'banned', false, '2025-03-14 04:17:55');
INSERT INTO Users (id, email, password_hash, first_name, last_name, role_id, status, is_soft_deleted, created_at) VALUES ('8190ef8a-0603-4e92-8bab-227d00773615', 'noah.williams.97@guest-checkout.com', 'bcrypt_hash_v2_xyz', 'Noah', 'Williams', 'a421ca10-d345-43da-8298-dd6661ef5fb2', 'inactive', false, '2025-03-19 04:17:55');
INSERT INTO Users (id, email, password_hash, first_name, last_name, role_id, status, is_soft_deleted, created_at) VALUES ('6834da12-3c6f-4592-895d-d14a749cb744', 'lucas.martinez.98@company-internal.net', 'bcrypt_hash_v2_xyz', 'Lucas', 'Martinez', 'a421ca10-d345-43da-8298-dd6661ef5fb2', 'banned', false, '2026-02-08 04:17:55');
INSERT INTO Users (id, email, password_hash, first_name, last_name, role_id, status, is_soft_deleted, created_at) VALUES ('a0d54df1-950d-4f8d-affa-cec4d2fc6f4b', 'henry.jones.99@gmail.com', 'bcrypt_hash_v2_xyz', 'Henry', 'Jones', 'e3db1774-9f93-4606-ad59-a79e1fb23e30', 'banned', false, '2026-03-29 04:17:55');
INSERT INTO Users (id, email, password_hash, first_name, last_name, role_id, status, is_soft_deleted, created_at) VALUES ('f7372ac3-28e3-4e2b-b553-47c2368113a3', 'amelia.davis.100@company-internal.net', 'bcrypt_hash_v2_xyz', 'Amelia', 'Davis', '83d7fc2b-c6dd-4e79-9718-502b37b6122d', 'pending', false, '2025-11-06 04:17:55');
INSERT INTO Users (id, email, password_hash, first_name, last_name, role_id, status, is_soft_deleted, created_at) VALUES ('f3c93346-3d95-4cdf-b785-2d841c35da0f', 'emma.brown.101@guest-checkout.com', 'bcrypt_hash_v2_xyz', 'Emma', 'Brown', 'a421ca10-d345-43da-8298-dd6661ef5fb2', 'active', false, '2025-12-08 04:17:55');
INSERT INTO Users (id, email, password_hash, first_name, last_name, role_id, status, is_soft_deleted, created_at) VALUES ('8c52a3f3-923a-4694-8e75-b7030025c00a', 'isabella.smith.102@guest-checkout.com', 'bcrypt_hash_v2_xyz', 'Isabella', 'Smith', 'ddab2bcc-031d-4f4d-8cc9-1faeb7a014d3', 'active', false, '2025-06-10 04:17:55');
INSERT INTO Users (id, email, password_hash, first_name, last_name, role_id, status, is_soft_deleted, created_at) VALUES ('4d940c5f-c160-4330-b367-08127fd52ff1', 'henry.jackson.103@gmail.com', 'bcrypt_hash_v2_xyz', 'Henry', 'Jackson', 'e0f02707-5256-4fcd-accf-1c94e09ffb93', 'banned', false, '2026-04-01 04:17:55');
INSERT INTO Users (id, email, password_hash, first_name, last_name, role_id, status, is_soft_deleted, created_at) VALUES ('e04bf04a-48a7-42d6-94cc-14f0ab7fe077', 'liam.lopez.104@gmail.com', 'bcrypt_hash_v2_xyz', 'Liam', 'Lopez', 'e3db1774-9f93-4606-ad59-a79e1fb23e30', 'pending', false, '2025-09-02 04:17:55');
INSERT INTO Users (id, email, password_hash, first_name, last_name, role_id, status, is_soft_deleted, created_at) VALUES ('b6d037a6-9bb7-48b0-b911-6a0bfc61cf34', 'noah.johnson.105@company-internal.net', 'bcrypt_hash_v2_xyz', 'Noah', 'Johnson', 'ddab2bcc-031d-4f4d-8cc9-1faeb7a014d3', 'pending', false, '2025-06-28 04:17:55');
INSERT INTO Users (id, email, password_hash, first_name, last_name, role_id, status, is_soft_deleted, created_at) VALUES ('4a5b55e8-e735-466f-83b9-ca47573858c7', 'emma.jones.106@guest-checkout.com', 'bcrypt_hash_v2_xyz', 'Emma', 'Jones', 'e0f02707-5256-4fcd-accf-1c94e09ffb93', 'inactive', false, '2026-03-10 04:17:55');
INSERT INTO Users (id, email, password_hash, first_name, last_name, role_id, status, is_soft_deleted, created_at) VALUES ('a7c23564-7cf7-466b-af52-d5f5265df2c3', 'isabella.garcia.107@gmail.com', 'bcrypt_hash_v2_xyz', 'Isabella', 'Garcia', 'e3db1774-9f93-4606-ad59-a79e1fb23e30', 'pending', false, '2025-10-12 04:17:55');
INSERT INTO Users (id, email, password_hash, first_name, last_name, role_id, status, is_soft_deleted, created_at) VALUES ('3ee39bdd-25ad-4f70-a181-fd2b761f1480', 'elijah.brown.108@test-user-group.org', 'bcrypt_hash_v2_xyz', 'Elijah', 'Brown', 'a421ca10-d345-43da-8298-dd6661ef5fb2', 'active', false, '2025-07-14 04:17:55');
INSERT INTO Users (id, email, password_hash, first_name, last_name, role_id, status, is_soft_deleted, created_at) VALUES ('8ceb3bbf-2843-46f2-b366-5c33c95ee222', 'elijah.thomas.109@company-internal.net', 'bcrypt_hash_v2_xyz', 'Elijah', 'Thomas', 'a421ca10-d345-43da-8298-dd6661ef5fb2', 'banned', false, '2026-03-04 04:17:55');
INSERT INTO Users (id, email, password_hash, first_name, last_name, role_id, status, is_soft_deleted, created_at) VALUES ('24b77445-ae1c-4e8c-a354-1fd99d144095', 'henry.gonzalez.110@test-user-group.org', 'bcrypt_hash_v2_xyz', 'Henry', 'Gonzalez', 'e3db1774-9f93-4606-ad59-a79e1fb23e30', 'pending', false, '2025-03-24 04:17:55');
INSERT INTO Users (id, email, password_hash, first_name, last_name, role_id, status, is_soft_deleted, created_at) VALUES ('cd6cf8f2-dc53-498c-9039-75398f8eb2f4', 'charlotte.jackson.111@test-user-group.org', 'bcrypt_hash_v2_xyz', 'Charlotte', 'Jackson', 'e3db1774-9f93-4606-ad59-a79e1fb23e30', 'banned', false, '2025-06-15 04:17:55');
INSERT INTO Users (id, email, password_hash, first_name, last_name, role_id, status, is_soft_deleted, created_at) VALUES ('b0b41045-1362-45a3-8c12-74456f7cbcbb', 'benjamin.miller.112@company-internal.net', 'bcrypt_hash_v2_xyz', 'Benjamin', 'Miller', 'e3db1774-9f93-4606-ad59-a79e1fb23e30', 'inactive', false, '2025-05-25 04:17:55');
INSERT INTO Users (id, email, password_hash, first_name, last_name, role_id, status, is_soft_deleted, created_at) VALUES ('05b52c30-998c-448f-a4f6-3d09724a4f45', 'james.wilson.113@test-user-group.org', 'bcrypt_hash_v2_xyz', 'James', 'Wilson', '83d7fc2b-c6dd-4e79-9718-502b37b6122d', 'active', false, '2025-06-27 04:17:55');
INSERT INTO Users (id, email, password_hash, first_name, last_name, role_id, status, is_soft_deleted, created_at) VALUES ('7d18ed27-6ccb-4fec-b1a4-f7ce3975f66e', 'liam.miller.114@company-internal.net', 'bcrypt_hash_v2_xyz', 'Liam', 'Miller', 'ddab2bcc-031d-4f4d-8cc9-1faeb7a014d3', 'pending', false, '2025-12-18 04:17:55');
INSERT INTO Users (id, email, password_hash, first_name, last_name, role_id, status, is_soft_deleted, created_at) VALUES ('0ae32022-be28-4aeb-809d-e23b3136f2fb', 'william.moore.115@company-internal.net', 'bcrypt_hash_v2_xyz', 'William', 'Moore', 'a421ca10-d345-43da-8298-dd6661ef5fb2', 'banned', false, '2025-04-08 04:17:55');
INSERT INTO Users (id, email, password_hash, first_name, last_name, role_id, status, is_soft_deleted, created_at) VALUES ('e863709e-a331-481b-bd0d-00bc146e7456', 'lucas.johnson.116@company-internal.net', 'bcrypt_hash_v2_xyz', 'Lucas', 'Johnson', '83d7fc2b-c6dd-4e79-9718-502b37b6122d', 'banned', false, '2025-11-29 04:17:55');
INSERT INTO Users (id, email, password_hash, first_name, last_name, role_id, status, is_soft_deleted, created_at) VALUES ('3dcb7fb9-e15e-43db-ba0d-785128b6c1c8', 'henry.gonzalez.117@gmail.com', 'bcrypt_hash_v2_xyz', 'Henry', 'Gonzalez', 'a421ca10-d345-43da-8298-dd6661ef5fb2', 'pending', false, '2025-07-29 04:17:55');
INSERT INTO Users (id, email, password_hash, first_name, last_name, role_id, status, is_soft_deleted, created_at) VALUES ('780f0854-0613-4798-b309-664b79200f3b', 'charlotte.moore.118@gmail.com', 'bcrypt_hash_v2_xyz', 'Charlotte', 'Moore', 'e0f02707-5256-4fcd-accf-1c94e09ffb93', 'active', false, '2025-08-02 04:17:55');
INSERT INTO Users (id, email, password_hash, first_name, last_name, role_id, status, is_soft_deleted, created_at) VALUES ('8ff5f273-cbf5-451d-a90b-9d58b7bbd1ce', 'elijah.williams.119@outlook.com', 'bcrypt_hash_v2_xyz', 'Elijah', 'Williams', 'e0f02707-5256-4fcd-accf-1c94e09ffb93', 'inactive', false, '2025-03-22 04:17:55');
INSERT INTO Users (id, email, password_hash, first_name, last_name, role_id, status, is_soft_deleted, created_at) VALUES ('71b0878f-6be6-4824-a55e-0f02212cb5c7', 'james.johnson.120@gmail.com', 'bcrypt_hash_v2_xyz', 'James', 'Johnson', 'a421ca10-d345-43da-8298-dd6661ef5fb2', 'inactive', false, '2025-12-15 04:17:55');
INSERT INTO Users (id, email, password_hash, first_name, last_name, role_id, status, is_soft_deleted, created_at) VALUES ('e4fe0658-01ce-49ab-ac71-00d68f176ac2', 'isabella.anderson.121@outlook.com', 'bcrypt_hash_v2_xyz', 'Isabella', 'Anderson', 'a421ca10-d345-43da-8298-dd6661ef5fb2', 'active', false, '2025-06-12 04:17:55');
INSERT INTO Users (id, email, password_hash, first_name, last_name, role_id, status, is_soft_deleted, created_at) VALUES ('c3cd53dd-4a4a-433e-a623-b86b28ee950f', 'isabella.martin.122@outlook.com', 'bcrypt_hash_v2_xyz', 'Isabella', 'Martin', 'e3db1774-9f93-4606-ad59-a79e1fb23e30', 'active', false, '2025-04-11 04:17:55');
INSERT INTO Users (id, email, password_hash, first_name, last_name, role_id, status, is_soft_deleted, created_at) VALUES ('309b07b7-b39b-4a40-a4dc-af6f91b63d18', 'james.thomas.123@test-user-group.org', 'bcrypt_hash_v2_xyz', 'James', 'Thomas', 'e3db1774-9f93-4606-ad59-a79e1fb23e30', 'banned', false, '2026-04-01 04:17:55');
INSERT INTO Users (id, email, password_hash, first_name, last_name, role_id, status, is_soft_deleted, created_at) VALUES ('6af5ed49-e4ca-42cb-b676-c4af5cf4b79f', 'charlotte.moore.124@outlook.com', 'bcrypt_hash_v2_xyz', 'Charlotte', 'Moore', 'a421ca10-d345-43da-8298-dd6661ef5fb2', 'inactive', false, '2025-08-19 04:17:55');
INSERT INTO Users (id, email, password_hash, first_name, last_name, role_id, status, is_soft_deleted, created_at) VALUES ('47c9c174-7c29-4885-bb02-f0baff03a01c', 'alexander.lopez.125@outlook.com', 'bcrypt_hash_v2_xyz', 'Alexander', 'Lopez', 'ddab2bcc-031d-4f4d-8cc9-1faeb7a014d3', 'banned', false, '2026-01-25 04:17:55');
INSERT INTO Users (id, email, password_hash, first_name, last_name, role_id, status, is_soft_deleted, created_at) VALUES ('970c3814-5b83-4f6f-9597-22108db891ad', 'william.smith.126@test-user-group.org', 'bcrypt_hash_v2_xyz', 'William', 'Smith', 'ddab2bcc-031d-4f4d-8cc9-1faeb7a014d3', 'active', false, '2025-11-29 04:17:55');
INSERT INTO Users (id, email, password_hash, first_name, last_name, role_id, status, is_soft_deleted, created_at) VALUES ('919d464a-abe3-4752-aba8-1e86c1bfdc7b', 'alexander.smith.127@gmail.com', 'bcrypt_hash_v2_xyz', 'Alexander', 'Smith', 'a421ca10-d345-43da-8298-dd6661ef5fb2', 'banned', false, '2026-01-15 04:17:55');
INSERT INTO Users (id, email, password_hash, first_name, last_name, role_id, status, is_soft_deleted, created_at) VALUES ('46aab1d8-1f03-4359-9773-e247ab8889c9', 'isabella.lopez.128@outlook.com', 'bcrypt_hash_v2_xyz', 'Isabella', 'Lopez', 'ddab2bcc-031d-4f4d-8cc9-1faeb7a014d3', 'pending', false, '2025-08-20 04:17:55');
INSERT INTO Users (id, email, password_hash, first_name, last_name, role_id, status, is_soft_deleted, created_at) VALUES ('e6499594-121d-40eb-883d-a585001ad516', 'lucas.gonzalez.129@company-internal.net', 'bcrypt_hash_v2_xyz', 'Lucas', 'Gonzalez', 'e0f02707-5256-4fcd-accf-1c94e09ffb93', 'active', false, '2025-03-13 04:17:55');
INSERT INTO Users (id, email, password_hash, first_name, last_name, role_id, status, is_soft_deleted, created_at) VALUES ('7a772fac-d6d6-48ce-a53b-5b147efd3af2', 'james.hernandez.130@company-internal.net', 'bcrypt_hash_v2_xyz', 'James', 'Hernandez', 'ddab2bcc-031d-4f4d-8cc9-1faeb7a014d3', 'banned', false, '2025-04-01 04:17:55');
INSERT INTO Users (id, email, password_hash, first_name, last_name, role_id, status, is_soft_deleted, created_at) VALUES ('922d799d-aee5-4359-8b6e-4bd4da0ff332', 'oliver.moore.131@gmail.com', 'bcrypt_hash_v2_xyz', 'Oliver', 'Moore', 'e3db1774-9f93-4606-ad59-a79e1fb23e30', 'inactive', false, '2026-01-08 04:17:55');
INSERT INTO Users (id, email, password_hash, first_name, last_name, role_id, status, is_soft_deleted, created_at) VALUES ('a1c9c280-3300-4095-9ac9-d1f2cc4d0c4b', 'sophia.jackson.132@gmail.com', 'bcrypt_hash_v2_xyz', 'Sophia', 'Jackson', 'e0f02707-5256-4fcd-accf-1c94e09ffb93', 'pending', false, '2026-01-10 04:17:55');
INSERT INTO Users (id, email, password_hash, first_name, last_name, role_id, status, is_soft_deleted, created_at) VALUES ('11d7529f-1f8b-48a9-a797-0f2698f5e769', 'benjamin.gonzalez.133@outlook.com', 'bcrypt_hash_v2_xyz', 'Benjamin', 'Gonzalez', 'e3db1774-9f93-4606-ad59-a79e1fb23e30', 'pending', false, '2025-11-28 04:17:55');
INSERT INTO Users (id, email, password_hash, first_name, last_name, role_id, status, is_soft_deleted, created_at) VALUES ('9ff38873-e396-446a-86e2-70169dbb5095', 'benjamin.wilson.134@gmail.com', 'bcrypt_hash_v2_xyz', 'Benjamin', 'Wilson', 'a421ca10-d345-43da-8298-dd6661ef5fb2', 'banned', false, '2025-04-11 04:17:55');
INSERT INTO Users (id, email, password_hash, first_name, last_name, role_id, status, is_soft_deleted, created_at) VALUES ('ed837698-8103-4da5-bb6b-1638fd2fc0ab', 'charlotte.miller.135@company-internal.net', 'bcrypt_hash_v2_xyz', 'Charlotte', 'Miller', 'a421ca10-d345-43da-8298-dd6661ef5fb2', 'banned', false, '2025-05-18 04:17:55');
INSERT INTO Users (id, email, password_hash, first_name, last_name, role_id, status, is_soft_deleted, created_at) VALUES ('112711f2-4396-4927-99af-2ae2d541ddac', 'noah.rodriguez.136@test-user-group.org', 'bcrypt_hash_v2_xyz', 'Noah', 'Rodriguez', 'ddab2bcc-031d-4f4d-8cc9-1faeb7a014d3', 'pending', false, '2026-03-01 04:17:55');
INSERT INTO Users (id, email, password_hash, first_name, last_name, role_id, status, is_soft_deleted, created_at) VALUES ('0af22faf-3385-4cb2-8d2f-22ae697d5924', 'james.davis.137@outlook.com', 'bcrypt_hash_v2_xyz', 'James', 'Davis', 'e3db1774-9f93-4606-ad59-a79e1fb23e30', 'active', false, '2026-01-27 04:17:55');
INSERT INTO Users (id, email, password_hash, first_name, last_name, role_id, status, is_soft_deleted, created_at) VALUES ('dd7288d7-d2c7-4407-bc7c-7b5ee1101b52', 'lucas.jackson.138@outlook.com', 'bcrypt_hash_v2_xyz', 'Lucas', 'Jackson', 'a421ca10-d345-43da-8298-dd6661ef5fb2', 'active', false, '2025-12-17 04:17:55');
INSERT INTO Users (id, email, password_hash, first_name, last_name, role_id, status, is_soft_deleted, created_at) VALUES ('e2bf2c81-4d42-4bb5-a8f9-cd099daf69da', 'ava.smith.139@company-internal.net', 'bcrypt_hash_v2_xyz', 'Ava', 'Smith', '83d7fc2b-c6dd-4e79-9718-502b37b6122d', 'inactive', false, '2025-04-24 04:17:55');
INSERT INTO Users (id, email, password_hash, first_name, last_name, role_id, status, is_soft_deleted, created_at) VALUES ('709cfbd1-0ba3-4c1a-a71f-8efb5496fea4', 'harper.davis.140@test-user-group.org', 'bcrypt_hash_v2_xyz', 'Harper', 'Davis', 'a421ca10-d345-43da-8298-dd6661ef5fb2', 'inactive', false, '2025-05-16 04:17:55');
INSERT INTO Users (id, email, password_hash, first_name, last_name, role_id, status, is_soft_deleted, created_at) VALUES ('28829fb2-5cb1-4c7a-ba05-6c4623131bb8', 'noah.davis.141@guest-checkout.com', 'bcrypt_hash_v2_xyz', 'Noah', 'Davis', 'a421ca10-d345-43da-8298-dd6661ef5fb2', 'active', false, '2025-09-11 04:17:55');
INSERT INTO Users (id, email, password_hash, first_name, last_name, role_id, status, is_soft_deleted, created_at) VALUES ('9c366b13-fe10-43d2-930a-ca82991642f8', 'emma.garcia.142@guest-checkout.com', 'bcrypt_hash_v2_xyz', 'Emma', 'Garcia', 'e0f02707-5256-4fcd-accf-1c94e09ffb93', 'pending', false, '2025-11-15 04:17:55');
INSERT INTO Users (id, email, password_hash, first_name, last_name, role_id, status, is_soft_deleted, created_at) VALUES ('520d6937-c4d6-44ed-96a9-1d25b188fc28', 'alexander.miller.143@guest-checkout.com', 'bcrypt_hash_v2_xyz', 'Alexander', 'Miller', 'ddab2bcc-031d-4f4d-8cc9-1faeb7a014d3', 'inactive', false, '2026-01-04 04:17:55');
INSERT INTO Users (id, email, password_hash, first_name, last_name, role_id, status, is_soft_deleted, created_at) VALUES ('2c891dde-ede7-4fe4-85fb-6d23d45b5aee', 'oliver.garcia.144@company-internal.net', 'bcrypt_hash_v2_xyz', 'Oliver', 'Garcia', 'e0f02707-5256-4fcd-accf-1c94e09ffb93', 'active', false, '2025-10-22 04:17:55');
INSERT INTO Users (id, email, password_hash, first_name, last_name, role_id, status, is_soft_deleted, created_at) VALUES ('6b4ab8ff-15ed-4ffa-bed6-e4f8f38c18cf', 'benjamin.jackson.145@gmail.com', 'bcrypt_hash_v2_xyz', 'Benjamin', 'Jackson', 'a421ca10-d345-43da-8298-dd6661ef5fb2', 'pending', false, '2025-06-02 04:17:55');
INSERT INTO Users (id, email, password_hash, first_name, last_name, role_id, status, is_soft_deleted, created_at) VALUES ('6a691b28-c21a-4548-a4e1-d5ad28ec820d', 'james.jackson.146@guest-checkout.com', 'bcrypt_hash_v2_xyz', 'James', 'Jackson', 'e0f02707-5256-4fcd-accf-1c94e09ffb93', 'banned', false, '2025-04-14 04:17:55');
INSERT INTO Users (id, email, password_hash, first_name, last_name, role_id, status, is_soft_deleted, created_at) VALUES ('a53a1616-40ae-42a3-8ee2-17390874cdd6', 'amelia.johnson.147@test-user-group.org', 'bcrypt_hash_v2_xyz', 'Amelia', 'Johnson', 'e0f02707-5256-4fcd-accf-1c94e09ffb93', 'banned', false, '2025-03-29 04:17:55');
INSERT INTO Users (id, email, password_hash, first_name, last_name, role_id, status, is_soft_deleted, created_at) VALUES ('2aede90e-e66d-4cb4-a833-f2ef4f2e02a8', 'noah.wilson.148@gmail.com', 'bcrypt_hash_v2_xyz', 'Noah', 'Wilson', 'ddab2bcc-031d-4f4d-8cc9-1faeb7a014d3', 'banned', false, '2025-09-04 04:17:55');
INSERT INTO Users (id, email, password_hash, first_name, last_name, role_id, status, is_soft_deleted, created_at) VALUES ('7405c79b-7220-4b40-bd0b-1fd32bd77df8', 'olivia.brown.149@outlook.com', 'bcrypt_hash_v2_xyz', 'Olivia', 'Brown', 'a421ca10-d345-43da-8298-dd6661ef5fb2', 'active', false, '2025-04-20 04:17:55');
INSERT INTO Products (id, name, description, category_id, base_price, created_at) VALUES ('da3fd9b3-53fb-44d3-9b10-74523084406f', 'Module-0 Premium Item', 'Production grade product record with edge case variations.', '780b32aa-dbe0-4c61-96e8-f33d449d8872', 3871.46, '2026-03-01 04:17:55');
INSERT INTO ProductVariants (id, product_id, sku, attribute_name, attribute_value, inventory_count) VALUES ('c4e0473a-a27c-443f-a64f-c294c54659d6', 'da3fd9b3-53fb-44d3-9b10-74523084406f', 'SKU-882C7EC5', 'Size', 'Small', 800);
INSERT INTO ProductVariants (id, product_id, sku, attribute_name, attribute_value, inventory_count) VALUES ('50f80279-9d52-41ae-8cc9-a361ff970725', 'da3fd9b3-53fb-44d3-9b10-74523084406f', 'SKU-3C975B5B', 'Size', 'Large', 383);
INSERT INTO Products (id, name, description, category_id, base_price, created_at) VALUES ('d388a219-691c-439b-a08d-b7f2b8cdd956', 'Module-1 Premium Item', 'Production grade product record with edge case variations.', '95078d8e-5417-4102-a6a3-da17c38bdb13', 3749.99, '2026-02-06 04:17:55');
INSERT INTO ProductVariants (id, product_id, sku, attribute_name, attribute_value, inventory_count) VALUES ('03839263-1989-4489-850b-7b0671435005', 'd388a219-691c-439b-a08d-b7f2b8cdd956', 'SKU-37D68A8B', 'Size', 'Small', 102);
INSERT INTO ProductVariants (id, product_id, sku, attribute_name, attribute_value, inventory_count) VALUES ('f811fe5a-7472-4ecb-8f41-a9e089a775d5', 'd388a219-691c-439b-a08d-b7f2b8cdd956', 'SKU-E02E72CE', 'Size', 'Large', 278);
INSERT INTO Products (id, name, description, category_id, base_price, created_at) VALUES ('5dc7d2be-8170-406e-9bf2-4ba3b427e977', 'Module-2 Premium Item', 'Production grade product record with edge case variations.', 'f169d8c1-cf23-4ef9-92a6-ced4f31de6c6', 2816.09, '2026-02-23 04:17:55');
INSERT INTO ProductVariants (id, product_id, sku, attribute_name, attribute_value, inventory_count) VALUES ('a1efc84e-9509-496c-9975-ad4b2be8217e', '5dc7d2be-8170-406e-9bf2-4ba3b427e977', 'SKU-96BB97A4', 'Size', 'Small', 681);
INSERT INTO ProductVariants (id, product_id, sku, attribute_name, attribute_value, inventory_count) VALUES ('d559830c-f260-47bc-a13b-43694dfa850e', '5dc7d2be-8170-406e-9bf2-4ba3b427e977', 'SKU-37FB30E4', 'Size', 'Large', 896);
INSERT INTO Products (id, name, description, category_id, base_price, created_at) VALUES ('296b27c5-5bbf-44ba-8bf9-74038268fe71', 'Module-3 Premium Item', 'Production grade product record with edge case variations.', 'cbd311c1-2373-4bb9-a47b-1dc42ca7499e', 1786.60, '2026-02-23 04:17:55');
INSERT INTO ProductVariants (id, product_id, sku, attribute_name, attribute_value, inventory_count) VALUES ('ff0e2c66-7aef-40a1-81c1-68a921020d23', '296b27c5-5bbf-44ba-8bf9-74038268fe71', 'SKU-B91A2744', 'Size', 'Small', 104);
INSERT INTO ProductVariants (id, product_id, sku, attribute_name, attribute_value, inventory_count) VALUES ('4e33595f-8c20-483f-a165-3473e265757a', '296b27c5-5bbf-44ba-8bf9-74038268fe71', 'SKU-C6940569', 'Size', 'Large', 89);
INSERT INTO Products (id, name, description, category_id, base_price, created_at) VALUES ('42ddd728-d251-4289-aad3-a8d1eebe88e2', 'Module-4 Premium Item', 'Production grade product record with edge case variations.', 'cbd311c1-2373-4bb9-a47b-1dc42ca7499e', 1800.84, '2026-01-31 04:17:55');
INSERT INTO ProductVariants (id, product_id, sku, attribute_name, attribute_value, inventory_count) VALUES ('377a8cd5-bf14-4ccb-a36e-58f401a820ae', '42ddd728-d251-4289-aad3-a8d1eebe88e2', 'SKU-B3DE0091', 'Size', 'Small', 960);
INSERT INTO ProductVariants (id, product_id, sku, attribute_name, attribute_value, inventory_count) VALUES ('451634dc-3282-48aa-b243-f06be0e62670', '42ddd728-d251-4289-aad3-a8d1eebe88e2', 'SKU-E27E4027', 'Size', 'Large', 431);
INSERT INTO Products (id, name, description, category_id, base_price, created_at) VALUES ('18fbc669-1a09-404f-93ea-66354b1f8e82', 'Module-5 Premium Item', 'Production grade product record with edge case variations.', 'f169d8c1-cf23-4ef9-92a6-ced4f31de6c6', 846.01, '2026-03-05 04:17:55');
INSERT INTO ProductVariants (id, product_id, sku, attribute_name, attribute_value, inventory_count) VALUES ('6ffad4bb-a951-4c43-a8e6-c445b26f9189', '18fbc669-1a09-404f-93ea-66354b1f8e82', 'SKU-39340994', 'Size', 'Small', 984);
INSERT INTO ProductVariants (id, product_id, sku, attribute_name, attribute_value, inventory_count) VALUES ('2d84e108-ff6d-4f82-ad26-fe2c6cf9670c', '18fbc669-1a09-404f-93ea-66354b1f8e82', 'SKU-A8167CDF', 'Size', 'Large', 620);
INSERT INTO Products (id, name, description, category_id, base_price, created_at) VALUES ('e17a8a3c-6b94-4190-a1bb-ac6f190c2572', 'Module-6 Premium Item', 'Production grade product record with edge case variations.', 'c069af92-a6f8-43fb-93ab-fb621f03907f', 3552.99, '2026-02-10 04:17:55');
INSERT INTO ProductVariants (id, product_id, sku, attribute_name, attribute_value, inventory_count) VALUES ('4c62c562-d9f7-465f-9e0b-7310ad910f90', 'e17a8a3c-6b94-4190-a1bb-ac6f190c2572', 'SKU-96A623E1', 'Size', 'Small', 37);
INSERT INTO ProductVariants (id, product_id, sku, attribute_name, attribute_value, inventory_count) VALUES ('6a2f4f25-d02c-49f2-87cd-d0ba8a635374', 'e17a8a3c-6b94-4190-a1bb-ac6f190c2572', 'SKU-B0090405', 'Size', 'Large', 66);
INSERT INTO Products (id, name, description, category_id, base_price, created_at) VALUES ('4d6f5c68-d6ce-431b-85c4-c3cc843248b9', 'Module-7 Premium Item', 'Production grade product record with edge case variations.', 'd839bf40-8d5f-4c70-a2d5-879f95ef1433', 970.49, '2026-01-16 04:17:55');
INSERT INTO ProductVariants (id, product_id, sku, attribute_name, attribute_value, inventory_count) VALUES ('dde49980-010b-4f44-81a7-f893e0625c43', '4d6f5c68-d6ce-431b-85c4-c3cc843248b9', 'SKU-44033253', 'Size', 'Small', 457);
INSERT INTO ProductVariants (id, product_id, sku, attribute_name, attribute_value, inventory_count) VALUES ('b74e831f-304e-4f94-829c-e8d23518d9c4', '4d6f5c68-d6ce-431b-85c4-c3cc843248b9', 'SKU-45B32832', 'Size', 'Large', 801);
INSERT INTO Products (id, name, description, category_id, base_price, created_at) VALUES ('674eb1d9-17c9-492f-bf1c-01cc09821d6c', 'Module-8 Premium Item', 'Production grade product record with edge case variations.', 'cbd311c1-2373-4bb9-a47b-1dc42ca7499e', 1944.85, '2026-03-22 04:17:55');
INSERT INTO ProductVariants (id, product_id, sku, attribute_name, attribute_value, inventory_count) VALUES ('f1153cc5-0323-43a5-b61e-daf57ce65205', '674eb1d9-17c9-492f-bf1c-01cc09821d6c', 'SKU-81C3AB9E', 'Size', 'Small', 154);
INSERT INTO ProductVariants (id, product_id, sku, attribute_name, attribute_value, inventory_count) VALUES ('69cdb0bb-c85b-44db-a897-e8d2ccb31bdf', '674eb1d9-17c9-492f-bf1c-01cc09821d6c', 'SKU-0A9C9F5E', 'Size', 'Large', 234);
INSERT INTO Products (id, name, description, category_id, base_price, created_at) VALUES ('fbe52f5d-27ff-46df-b651-49a51d60c3a3', 'Module-9 Premium Item', 'Production grade product record with edge case variations.', 'f169d8c1-cf23-4ef9-92a6-ced4f31de6c6', 2151.11, '2026-02-22 04:17:55');
INSERT INTO ProductVariants (id, product_id, sku, attribute_name, attribute_value, inventory_count) VALUES ('2c197dfb-5abe-4de2-803d-5a4a7660ad9d', 'fbe52f5d-27ff-46df-b651-49a51d60c3a3', 'SKU-6AF2702A', 'Size', 'Small', 972);
INSERT INTO ProductVariants (id, product_id, sku, attribute_name, attribute_value, inventory_count) VALUES ('1e113a10-9c17-49ed-8eba-01085d810f0b', 'fbe52f5d-27ff-46df-b651-49a51d60c3a3', 'SKU-0616B164', 'Size', 'Large', 29);
INSERT INTO Products (id, name, description, category_id, base_price, created_at) VALUES ('47f429de-7681-47bb-8f91-92d1ea6d8d4d', 'Module-10 Premium Item', 'Production grade product record with edge case variations.', 'c069af92-a6f8-43fb-93ab-fb621f03907f', 1587.98, '2026-03-04 04:17:55');
INSERT INTO ProductVariants (id, product_id, sku, attribute_name, attribute_value, inventory_count) VALUES ('62882403-5598-4c74-91f8-1817a7daee0c', '47f429de-7681-47bb-8f91-92d1ea6d8d4d', 'SKU-062507AF', 'Size', 'Small', 304);
INSERT INTO ProductVariants (id, product_id, sku, attribute_name, attribute_value, inventory_count) VALUES ('d039e549-729f-4118-97ad-5ef767a2b544', '47f429de-7681-47bb-8f91-92d1ea6d8d4d', 'SKU-41C770A6', 'Size', 'Large', 905);
INSERT INTO Products (id, name, description, category_id, base_price, created_at) VALUES ('974a1a9f-c5b3-4cd7-a6ea-0e3e0bb5723a', 'Module-11 Premium Item', 'Production grade product record with edge case variations.', '780b32aa-dbe0-4c61-96e8-f33d449d8872', 3369.18, '2026-02-14 04:17:55');
INSERT INTO ProductVariants (id, product_id, sku, attribute_name, attribute_value, inventory_count) VALUES ('bc0b0cda-d2ef-4507-a3f3-9167b94d228a', '974a1a9f-c5b3-4cd7-a6ea-0e3e0bb5723a', 'SKU-EDAF4F1B', 'Size', 'Small', 88);
INSERT INTO ProductVariants (id, product_id, sku, attribute_name, attribute_value, inventory_count) VALUES ('091fe19e-c709-4ca1-8821-cc3c6d9c9a04', '974a1a9f-c5b3-4cd7-a6ea-0e3e0bb5723a', 'SKU-E6CE5791', 'Size', 'Large', 222);
INSERT INTO Products (id, name, description, category_id, base_price, created_at) VALUES ('443cb7df-eff2-42b5-ac5b-2972bccd124d', 'Module-12 Premium Item', 'Production grade product record with edge case variations.', '780b32aa-dbe0-4c61-96e8-f33d449d8872', 3854.90, '2026-01-24 04:17:55');
INSERT INTO ProductVariants (id, product_id, sku, attribute_name, attribute_value, inventory_count) VALUES ('71cb1e3b-2a93-4b9c-b37a-5b0470a62071', '443cb7df-eff2-42b5-ac5b-2972bccd124d', 'SKU-D73E345B', 'Size', 'Small', 22);
INSERT INTO ProductVariants (id, product_id, sku, attribute_name, attribute_value, inventory_count) VALUES ('f15338cb-860f-451e-9eac-a92fb35a3724', '443cb7df-eff2-42b5-ac5b-2972bccd124d', 'SKU-B9D7AE5B', 'Size', 'Large', 2);
INSERT INTO Products (id, name, description, category_id, base_price, created_at) VALUES ('389c5938-f935-4163-a8c6-104b4642dcac', 'Module-13 Premium Item', 'Production grade product record with edge case variations.', '4001301b-874d-4ea1-874a-bbee43b3a47d', 2941.53, '2026-01-05 04:17:55');
INSERT INTO ProductVariants (id, product_id, sku, attribute_name, attribute_value, inventory_count) VALUES ('a766dddd-26c0-4a93-8041-c13d1e8f8e3a', '389c5938-f935-4163-a8c6-104b4642dcac', 'SKU-A575AC74', 'Size', 'Small', 36);
INSERT INTO ProductVariants (id, product_id, sku, attribute_name, attribute_value, inventory_count) VALUES ('6449a969-6115-4964-8747-d33627b26987', '389c5938-f935-4163-a8c6-104b4642dcac', 'SKU-0D183300', 'Size', 'Large', 500);
INSERT INTO Products (id, name, description, category_id, base_price, created_at) VALUES ('18412940-2f5f-4a94-a9f4-e4e5fd3f5b95', 'Module-14 Premium Item', 'Production grade product record with edge case variations.', '95078d8e-5417-4102-a6a3-da17c38bdb13', 1637.00, '2026-03-04 04:17:55');
INSERT INTO ProductVariants (id, product_id, sku, attribute_name, attribute_value, inventory_count) VALUES ('87ed843c-2c85-447c-b5d1-f88f4ed7350a', '18412940-2f5f-4a94-a9f4-e4e5fd3f5b95', 'SKU-AC039519', 'Size', 'Small', 192);
INSERT INTO ProductVariants (id, product_id, sku, attribute_name, attribute_value, inventory_count) VALUES ('99c6f856-91af-4145-90e5-41da96a75bcf', '18412940-2f5f-4a94-a9f4-e4e5fd3f5b95', 'SKU-3369CBEE', 'Size', 'Large', 87);
INSERT INTO Products (id, name, description, category_id, base_price, created_at) VALUES ('3a30c4ab-1664-49dd-91e3-d97527dec6ff', 'Module-15 Premium Item', 'Production grade product record with edge case variations.', 'cbd311c1-2373-4bb9-a47b-1dc42ca7499e', 148.37, '2026-03-15 04:17:55');
INSERT INTO ProductVariants (id, product_id, sku, attribute_name, attribute_value, inventory_count) VALUES ('6dfe0527-cb9d-49f6-91b9-78e846b35599', '3a30c4ab-1664-49dd-91e3-d97527dec6ff', 'SKU-F36E062C', 'Size', 'Small', 128);
INSERT INTO ProductVariants (id, product_id, sku, attribute_name, attribute_value, inventory_count) VALUES ('991b0054-b0e2-412d-a214-7ab199cf620e', '3a30c4ab-1664-49dd-91e3-d97527dec6ff', 'SKU-6F779C0A', 'Size', 'Large', 123);
INSERT INTO Products (id, name, description, category_id, base_price, created_at) VALUES ('7b0378a7-7ba4-4ad6-a64c-497633e44c77', 'Module-16 Premium Item', 'Production grade product record with edge case variations.', '95078d8e-5417-4102-a6a3-da17c38bdb13', 3770.27, '2025-12-28 04:17:55');
INSERT INTO ProductVariants (id, product_id, sku, attribute_name, attribute_value, inventory_count) VALUES ('59831a09-6307-4c26-bed2-10ee6be421f6', '7b0378a7-7ba4-4ad6-a64c-497633e44c77', 'SKU-A4BD7804', 'Size', 'Small', 519);
INSERT INTO ProductVariants (id, product_id, sku, attribute_name, attribute_value, inventory_count) VALUES ('c62b65c1-2598-402c-a150-181664c911d1', '7b0378a7-7ba4-4ad6-a64c-497633e44c77', 'SKU-21F17CDD', 'Size', 'Large', 253);
INSERT INTO Products (id, name, description, category_id, base_price, created_at) VALUES ('deac43f9-555a-467d-9ab8-cb188b8361d9', 'Module-17 Premium Item', 'Production grade product record with edge case variations.', '6c338540-9155-425d-9d4a-1dfa7322850d', 2613.44, '2026-01-08 04:17:55');
INSERT INTO ProductVariants (id, product_id, sku, attribute_name, attribute_value, inventory_count) VALUES ('1f5e5977-b5d3-4e8d-8b40-48e1cca403c2', 'deac43f9-555a-467d-9ab8-cb188b8361d9', 'SKU-26D76ACF', 'Size', 'Small', 444);
INSERT INTO ProductVariants (id, product_id, sku, attribute_name, attribute_value, inventory_count) VALUES ('28bedb99-7b79-4c91-9ff2-482ab8faac85', 'deac43f9-555a-467d-9ab8-cb188b8361d9', 'SKU-C5FA2073', 'Size', 'Large', 463);
INSERT INTO Products (id, name, description, category_id, base_price, created_at) VALUES ('795698c5-6eaa-44e5-9456-3ab625a66dfa', 'Module-18 Premium Item', 'Production grade product record with edge case variations.', 'f169d8c1-cf23-4ef9-92a6-ced4f31de6c6', 1370.05, '2026-01-03 04:17:55');
INSERT INTO ProductVariants (id, product_id, sku, attribute_name, attribute_value, inventory_count) VALUES ('83a487e2-df42-42a9-8d9a-4a2742598026', '795698c5-6eaa-44e5-9456-3ab625a66dfa', 'SKU-BBE8C8C4', 'Size', 'Small', 761);
INSERT INTO ProductVariants (id, product_id, sku, attribute_name, attribute_value, inventory_count) VALUES ('bc782306-5259-4912-9023-3cfea6728abf', '795698c5-6eaa-44e5-9456-3ab625a66dfa', 'SKU-807A2B0C', 'Size', 'Large', 573);
INSERT INTO Products (id, name, description, category_id, base_price, created_at) VALUES ('99f08a67-bb96-46d7-95f0-b6e3864a0f58', 'Module-19 Premium Item', 'Production grade product record with edge case variations.', 'c069af92-a6f8-43fb-93ab-fb621f03907f', 4240.11, '2026-03-12 04:17:55');
INSERT INTO ProductVariants (id, product_id, sku, attribute_name, attribute_value, inventory_count) VALUES ('044d2b3d-2278-4598-8d8c-5a02467a71e6', '99f08a67-bb96-46d7-95f0-b6e3864a0f58', 'SKU-A1FF379B', 'Size', 'Small', 897);
INSERT INTO ProductVariants (id, product_id, sku, attribute_name, attribute_value, inventory_count) VALUES ('459598c0-6f66-407a-be3e-3e393637bf04', '99f08a67-bb96-46d7-95f0-b6e3864a0f58', 'SKU-D69379FF', 'Size', 'Large', 679);
INSERT INTO Products (id, name, description, category_id, base_price, created_at) VALUES ('d0bc30b9-f3a1-472b-b67b-148d4c715913', 'Module-20 Premium Item', 'Production grade product record with edge case variations.', 'cbd311c1-2373-4bb9-a47b-1dc42ca7499e', 4829.43, '2026-03-30 04:17:55');
INSERT INTO ProductVariants (id, product_id, sku, attribute_name, attribute_value, inventory_count) VALUES ('37b54e9e-6c49-4914-a2e8-d61584e5162f', 'd0bc30b9-f3a1-472b-b67b-148d4c715913', 'SKU-5DD73589', 'Size', 'Small', 379);
INSERT INTO ProductVariants (id, product_id, sku, attribute_name, attribute_value, inventory_count) VALUES ('e67557af-6b71-4469-b8eb-b2b19a9a42e2', 'd0bc30b9-f3a1-472b-b67b-148d4c715913', 'SKU-F180E678', 'Size', 'Large', 737);
INSERT INTO Products (id, name, description, category_id, base_price, created_at) VALUES ('b9d51b0f-faa0-4ea0-98fc-14b31cf371a6', 'Module-21 Premium Item', 'Production grade product record with edge case variations.', 'd839bf40-8d5f-4c70-a2d5-879f95ef1433', 2982.14, '2026-03-13 04:17:55');
INSERT INTO ProductVariants (id, product_id, sku, attribute_name, attribute_value, inventory_count) VALUES ('21f0d8ae-3670-4323-b275-5838377aa50d', 'b9d51b0f-faa0-4ea0-98fc-14b31cf371a6', 'SKU-3A491A3B', 'Size', 'Small', 186);
INSERT INTO ProductVariants (id, product_id, sku, attribute_name, attribute_value, inventory_count) VALUES ('d5f1d49f-112e-4067-9335-0521c45ad254', 'b9d51b0f-faa0-4ea0-98fc-14b31cf371a6', 'SKU-49B39324', 'Size', 'Large', 905);
INSERT INTO Products (id, name, description, category_id, base_price, created_at) VALUES ('ae3d0944-88c4-4baa-bd15-6c8f8da06862', 'Module-22 Premium Item', 'Production grade product record with edge case variations.', 'd839bf40-8d5f-4c70-a2d5-879f95ef1433', 708.20, '2026-01-10 04:17:55');
INSERT INTO ProductVariants (id, product_id, sku, attribute_name, attribute_value, inventory_count) VALUES ('0a0bdcdd-8a7c-4837-b7db-f2c4eade67c3', 'ae3d0944-88c4-4baa-bd15-6c8f8da06862', 'SKU-ECBAA079', 'Size', 'Small', 965);
INSERT INTO ProductVariants (id, product_id, sku, attribute_name, attribute_value, inventory_count) VALUES ('8d5631ce-0a88-4fe5-b11f-9b5540fd6c7b', 'ae3d0944-88c4-4baa-bd15-6c8f8da06862', 'SKU-EE571DF5', 'Size', 'Large', 694);
INSERT INTO Products (id, name, description, category_id, base_price, created_at) VALUES ('45d438ab-0798-4320-ac10-f529660c3747', 'Module-23 Premium Item', 'Production grade product record with edge case variations.', 'c069af92-a6f8-43fb-93ab-fb621f03907f', 2992.74, '2026-03-04 04:17:55');
INSERT INTO ProductVariants (id, product_id, sku, attribute_name, attribute_value, inventory_count) VALUES ('a55899c5-b4ff-40c9-afb1-348c79621317', '45d438ab-0798-4320-ac10-f529660c3747', 'SKU-472B493A', 'Size', 'Small', 191);
INSERT INTO ProductVariants (id, product_id, sku, attribute_name, attribute_value, inventory_count) VALUES ('02365730-6877-4a1a-a504-896f628dc793', '45d438ab-0798-4320-ac10-f529660c3747', 'SKU-B264ED4F', 'Size', 'Large', 798);
INSERT INTO Products (id, name, description, category_id, base_price, created_at) VALUES ('c838d358-b4eb-4a7d-8b1a-5be5263805d1', 'Module-24 Premium Item', 'Production grade product record with edge case variations.', '95078d8e-5417-4102-a6a3-da17c38bdb13', 4126.52, '2026-01-09 04:17:55');
INSERT INTO ProductVariants (id, product_id, sku, attribute_name, attribute_value, inventory_count) VALUES ('6f7d04ec-f7cf-4458-95c3-7e79b9f23e30', 'c838d358-b4eb-4a7d-8b1a-5be5263805d1', 'SKU-460CC9DB', 'Size', 'Small', 150);
INSERT INTO ProductVariants (id, product_id, sku, attribute_name, attribute_value, inventory_count) VALUES ('816a0e7e-aea1-4edb-a1c7-aea8bf95d259', 'c838d358-b4eb-4a7d-8b1a-5be5263805d1', 'SKU-5DEB3515', 'Size', 'Large', 860);
INSERT INTO Products (id, name, description, category_id, base_price, created_at) VALUES ('a635bb8a-bf9c-4b54-83e9-f9dae6b33cdf', 'Module-25 Premium Item', 'Production grade product record with edge case variations.', '4001301b-874d-4ea1-874a-bbee43b3a47d', 4854.00, '2026-02-21 04:17:55');
INSERT INTO ProductVariants (id, product_id, sku, attribute_name, attribute_value, inventory_count) VALUES ('3563b5db-f4c6-4322-8477-073b2d910eab', 'a635bb8a-bf9c-4b54-83e9-f9dae6b33cdf', 'SKU-09965425', 'Size', 'Small', 873);
INSERT INTO ProductVariants (id, product_id, sku, attribute_name, attribute_value, inventory_count) VALUES ('17e12797-602b-41bf-9244-8c35f94d585a', 'a635bb8a-bf9c-4b54-83e9-f9dae6b33cdf', 'SKU-D75C219D', 'Size', 'Large', 625);
INSERT INTO Products (id, name, description, category_id, base_price, created_at) VALUES ('44770228-9a29-4ad4-9704-b2ee30a48346', 'Module-26 Premium Item', 'Production grade product record with edge case variations.', 'cbd311c1-2373-4bb9-a47b-1dc42ca7499e', 2926.77, '2026-02-18 04:17:55');
INSERT INTO ProductVariants (id, product_id, sku, attribute_name, attribute_value, inventory_count) VALUES ('0d5e2b7b-1979-4e2f-b6b7-3f6613091ab8', '44770228-9a29-4ad4-9704-b2ee30a48346', 'SKU-B648FB82', 'Size', 'Small', 970);
INSERT INTO ProductVariants (id, product_id, sku, attribute_name, attribute_value, inventory_count) VALUES ('3b73a159-4678-495f-b3d6-edaf8433bfab', '44770228-9a29-4ad4-9704-b2ee30a48346', 'SKU-94243FBC', 'Size', 'Large', 872);
INSERT INTO Products (id, name, description, category_id, base_price, created_at) VALUES ('02238a0c-dc05-46c9-8825-c2c7709f2b0f', 'Module-27 Premium Item', 'Production grade product record with edge case variations.', 'c069af92-a6f8-43fb-93ab-fb621f03907f', 1283.60, '2026-03-26 04:17:55');
INSERT INTO ProductVariants (id, product_id, sku, attribute_name, attribute_value, inventory_count) VALUES ('e95f5365-198e-4c36-811f-d78362c5e1e0', '02238a0c-dc05-46c9-8825-c2c7709f2b0f', 'SKU-BDC50248', 'Size', 'Small', 104);
INSERT INTO ProductVariants (id, product_id, sku, attribute_name, attribute_value, inventory_count) VALUES ('599ad016-5889-41ba-9658-f84efde8e34d', '02238a0c-dc05-46c9-8825-c2c7709f2b0f', 'SKU-759A5BF6', 'Size', 'Large', 316);
INSERT INTO Products (id, name, description, category_id, base_price, created_at) VALUES ('2281bd86-23db-43b8-834e-a90f0f4fc38d', 'Module-28 Premium Item', 'Production grade product record with edge case variations.', '6c338540-9155-425d-9d4a-1dfa7322850d', 222.63, '2026-03-28 04:17:55');
INSERT INTO ProductVariants (id, product_id, sku, attribute_name, attribute_value, inventory_count) VALUES ('e2c94035-9eb5-4667-b28e-7847ac1e894f', '2281bd86-23db-43b8-834e-a90f0f4fc38d', 'SKU-899F86E4', 'Size', 'Small', 338);
INSERT INTO ProductVariants (id, product_id, sku, attribute_name, attribute_value, inventory_count) VALUES ('5fe24480-ddac-4d2d-a50b-f32ec7ecac3d', '2281bd86-23db-43b8-834e-a90f0f4fc38d', 'SKU-1A965103', 'Size', 'Large', 832);
INSERT INTO Products (id, name, description, category_id, base_price, created_at) VALUES ('43cbc6a7-7065-4895-9c99-52f057e6d3ce', 'Module-29 Premium Item', 'Production grade product record with edge case variations.', '780b32aa-dbe0-4c61-96e8-f33d449d8872', 4845.94, '2026-03-03 04:17:55');
INSERT INTO ProductVariants (id, product_id, sku, attribute_name, attribute_value, inventory_count) VALUES ('e2e8209a-012a-4857-8a1b-6cf12d649358', '43cbc6a7-7065-4895-9c99-52f057e6d3ce', 'SKU-AB4EEBFD', 'Size', 'Small', 796);
INSERT INTO ProductVariants (id, product_id, sku, attribute_name, attribute_value, inventory_count) VALUES ('d9bc9333-394b-4c8f-a2f1-9ac073d9f57c', '43cbc6a7-7065-4895-9c99-52f057e6d3ce', 'SKU-09793C37', 'Size', 'Large', 294);
INSERT INTO Products (id, name, description, category_id, base_price, created_at) VALUES ('1b3df4d1-8ec7-423e-9894-8f4529a4004f', 'Module-30 Premium Item', 'Production grade product record with edge case variations.', '95078d8e-5417-4102-a6a3-da17c38bdb13', 1726.39, '2026-01-25 04:17:55');
INSERT INTO ProductVariants (id, product_id, sku, attribute_name, attribute_value, inventory_count) VALUES ('4d84ace0-8875-4c17-86b5-e4972b04783a', '1b3df4d1-8ec7-423e-9894-8f4529a4004f', 'SKU-559C2D58', 'Size', 'Small', 779);
INSERT INTO ProductVariants (id, product_id, sku, attribute_name, attribute_value, inventory_count) VALUES ('94a1075d-38aa-4c0e-a0ac-7c6f6be39fe6', '1b3df4d1-8ec7-423e-9894-8f4529a4004f', 'SKU-BD3D7723', 'Size', 'Large', 482);
INSERT INTO Products (id, name, description, category_id, base_price, created_at) VALUES ('86629150-2e6a-4220-9fab-d82816488866', 'Module-31 Premium Item', 'Production grade product record with edge case variations.', '780b32aa-dbe0-4c61-96e8-f33d449d8872', 3535.52, '2026-01-10 04:17:55');
INSERT INTO ProductVariants (id, product_id, sku, attribute_name, attribute_value, inventory_count) VALUES ('2308292c-dcf0-4ae0-9a95-6cf0b2c7f0da', '86629150-2e6a-4220-9fab-d82816488866', 'SKU-70D10BEE', 'Size', 'Small', 58);
INSERT INTO ProductVariants (id, product_id, sku, attribute_name, attribute_value, inventory_count) VALUES ('d4ab25f2-5a5a-4256-a01d-4c5d4c886ed4', '86629150-2e6a-4220-9fab-d82816488866', 'SKU-43A5F7CC', 'Size', 'Large', 396);
INSERT INTO Products (id, name, description, category_id, base_price, created_at) VALUES ('08bbf987-f4d5-4c5b-9d27-239dae31911b', 'Module-32 Premium Item', 'Production grade product record with edge case variations.', 'cbd311c1-2373-4bb9-a47b-1dc42ca7499e', 4779.61, '2026-03-19 04:17:55');
INSERT INTO ProductVariants (id, product_id, sku, attribute_name, attribute_value, inventory_count) VALUES ('3a72be07-9669-4859-b936-eaa63554694f', '08bbf987-f4d5-4c5b-9d27-239dae31911b', 'SKU-AAB6EE79', 'Size', 'Small', 152);
INSERT INTO ProductVariants (id, product_id, sku, attribute_name, attribute_value, inventory_count) VALUES ('ff14cffb-0196-41a2-8799-d35cb089a994', '08bbf987-f4d5-4c5b-9d27-239dae31911b', 'SKU-56B29578', 'Size', 'Large', 295);
INSERT INTO Products (id, name, description, category_id, base_price, created_at) VALUES ('f97a5393-a2aa-4fa0-a6c3-7bce305c23e5', 'Module-33 Premium Item', 'Production grade product record with edge case variations.', '4001301b-874d-4ea1-874a-bbee43b3a47d', 1704.64, '2026-01-14 04:17:55');
INSERT INTO ProductVariants (id, product_id, sku, attribute_name, attribute_value, inventory_count) VALUES ('185a4fb5-7634-4a9a-878f-ca275a47a66c', 'f97a5393-a2aa-4fa0-a6c3-7bce305c23e5', 'SKU-D61D0B2A', 'Size', 'Small', 365);
INSERT INTO ProductVariants (id, product_id, sku, attribute_name, attribute_value, inventory_count) VALUES ('a366bca6-4705-436e-947e-24cf5b05b463', 'f97a5393-a2aa-4fa0-a6c3-7bce305c23e5', 'SKU-E6E8FB7B', 'Size', 'Large', 904);
INSERT INTO Products (id, name, description, category_id, base_price, created_at) VALUES ('f04fd5ce-8775-4822-a1f9-4455423ce927', 'Module-34 Premium Item', 'Production grade product record with edge case variations.', '780b32aa-dbe0-4c61-96e8-f33d449d8872', 235.77, '2026-03-15 04:17:55');
INSERT INTO ProductVariants (id, product_id, sku, attribute_name, attribute_value, inventory_count) VALUES ('5bf5eb6a-d7d9-45ca-aa85-fa13879e66eb', 'f04fd5ce-8775-4822-a1f9-4455423ce927', 'SKU-1288BA9A', 'Size', 'Small', 624);
INSERT INTO ProductVariants (id, product_id, sku, attribute_name, attribute_value, inventory_count) VALUES ('067e65b9-eeea-4d86-b6ee-7c9aed7acb5a', 'f04fd5ce-8775-4822-a1f9-4455423ce927', 'SKU-707ECE7F', 'Size', 'Large', 156);
INSERT INTO Products (id, name, description, category_id, base_price, created_at) VALUES ('e6d3dc82-5105-4726-a585-2afd52be5e02', 'Module-35 Premium Item', 'Production grade product record with edge case variations.', '6c338540-9155-425d-9d4a-1dfa7322850d', 1455.93, '2026-01-27 04:17:55');
INSERT INTO ProductVariants (id, product_id, sku, attribute_name, attribute_value, inventory_count) VALUES ('975c31d7-801b-4b47-89f7-36be0cfb1288', 'e6d3dc82-5105-4726-a585-2afd52be5e02', 'SKU-8BDAD3D0', 'Size', 'Small', 150);
INSERT INTO ProductVariants (id, product_id, sku, attribute_name, attribute_value, inventory_count) VALUES ('0a41db66-1611-4cdd-b3b4-c983e5ec1e81', 'e6d3dc82-5105-4726-a585-2afd52be5e02', 'SKU-D02EC82C', 'Size', 'Large', 399);
INSERT INTO Products (id, name, description, category_id, base_price, created_at) VALUES ('8741d3af-56c6-48a9-926c-a64113be8a31', 'Module-36 Premium Item', 'Production grade product record with edge case variations.', '6c338540-9155-425d-9d4a-1dfa7322850d', 1174.44, '2026-02-13 04:17:55');
INSERT INTO ProductVariants (id, product_id, sku, attribute_name, attribute_value, inventory_count) VALUES ('e41b5da6-64ff-48c6-a924-7e89046c81c9', '8741d3af-56c6-48a9-926c-a64113be8a31', 'SKU-3909CB43', 'Size', 'Small', 132);
INSERT INTO ProductVariants (id, product_id, sku, attribute_name, attribute_value, inventory_count) VALUES ('0c76772a-36f9-45fb-83fd-b20f41adc857', '8741d3af-56c6-48a9-926c-a64113be8a31', 'SKU-8864CAA8', 'Size', 'Large', 364);
INSERT INTO Products (id, name, description, category_id, base_price, created_at) VALUES ('6704781d-02b7-4c85-b4df-a686878fbad4', 'Module-37 Premium Item', 'Production grade product record with edge case variations.', '6c338540-9155-425d-9d4a-1dfa7322850d', 2347.68, '2026-03-22 04:17:55');
INSERT INTO ProductVariants (id, product_id, sku, attribute_name, attribute_value, inventory_count) VALUES ('55aa9726-25a3-4078-9dd9-506885e28cfd', '6704781d-02b7-4c85-b4df-a686878fbad4', 'SKU-D4BC099F', 'Size', 'Small', 368);
INSERT INTO ProductVariants (id, product_id, sku, attribute_name, attribute_value, inventory_count) VALUES ('35811b2e-aeb9-423f-a408-6d57ca28abd9', '6704781d-02b7-4c85-b4df-a686878fbad4', 'SKU-F88B2571', 'Size', 'Large', 135);
INSERT INTO Products (id, name, description, category_id, base_price, created_at) VALUES ('80f6d6c7-c41b-4784-bd5f-1fd35bd3e45b', 'Module-38 Premium Item', 'Production grade product record with edge case variations.', '4001301b-874d-4ea1-874a-bbee43b3a47d', 1124.09, '2025-12-30 04:17:55');
INSERT INTO ProductVariants (id, product_id, sku, attribute_name, attribute_value, inventory_count) VALUES ('ede73651-d534-4e31-8613-3ba656a7e308', '80f6d6c7-c41b-4784-bd5f-1fd35bd3e45b', 'SKU-20BFCF61', 'Size', 'Small', 575);
INSERT INTO ProductVariants (id, product_id, sku, attribute_name, attribute_value, inventory_count) VALUES ('a8d1e6e6-1770-4f36-829e-76d4117aa6b9', '80f6d6c7-c41b-4784-bd5f-1fd35bd3e45b', 'SKU-E2A839A8', 'Size', 'Large', 42);
INSERT INTO Products (id, name, description, category_id, base_price, created_at) VALUES ('baea902a-95d5-4a3e-9a05-33f898bbd69f', 'Module-39 Premium Item', 'Production grade product record with edge case variations.', '780b32aa-dbe0-4c61-96e8-f33d449d8872', 1861.91, '2025-12-31 04:17:55');
INSERT INTO ProductVariants (id, product_id, sku, attribute_name, attribute_value, inventory_count) VALUES ('2d3576d1-85e7-48fe-955f-8277726ff142', 'baea902a-95d5-4a3e-9a05-33f898bbd69f', 'SKU-F6EB1584', 'Size', 'Small', 789);
INSERT INTO ProductVariants (id, product_id, sku, attribute_name, attribute_value, inventory_count) VALUES ('56acfd41-c9e4-4031-b202-73c9769833c7', 'baea902a-95d5-4a3e-9a05-33f898bbd69f', 'SKU-DF83CD11', 'Size', 'Large', 912);
INSERT INTO Products (id, name, description, category_id, base_price, created_at) VALUES ('7dfe43a7-add0-4903-a6e5-de9c21d0ee3f', 'Module-40 Premium Item', 'Production grade product record with edge case variations.', '780b32aa-dbe0-4c61-96e8-f33d449d8872', 177.30, '2026-03-06 04:17:55');
INSERT INTO ProductVariants (id, product_id, sku, attribute_name, attribute_value, inventory_count) VALUES ('2959f2a5-7f07-4adf-a702-901b7a9986d1', '7dfe43a7-add0-4903-a6e5-de9c21d0ee3f', 'SKU-007BFB2C', 'Size', 'Small', 26);
INSERT INTO ProductVariants (id, product_id, sku, attribute_name, attribute_value, inventory_count) VALUES ('062efb3f-9b33-4ef4-826a-b58db4414342', '7dfe43a7-add0-4903-a6e5-de9c21d0ee3f', 'SKU-14C43A8A', 'Size', 'Large', 213);
INSERT INTO Products (id, name, description, category_id, base_price, created_at) VALUES ('efe2c47b-df88-4faa-944c-ead53cfca0f3', 'Module-41 Premium Item', 'Production grade product record with edge case variations.', '6c338540-9155-425d-9d4a-1dfa7322850d', 3363.56, '2026-02-05 04:17:55');
INSERT INTO ProductVariants (id, product_id, sku, attribute_name, attribute_value, inventory_count) VALUES ('4694f469-c349-4501-a6f9-df175c601f2b', 'efe2c47b-df88-4faa-944c-ead53cfca0f3', 'SKU-8421EC62', 'Size', 'Small', 409);
INSERT INTO ProductVariants (id, product_id, sku, attribute_name, attribute_value, inventory_count) VALUES ('732308b6-4491-4e6b-a7d5-7b866abbf421', 'efe2c47b-df88-4faa-944c-ead53cfca0f3', 'SKU-FA24BCB0', 'Size', 'Large', 507);
INSERT INTO Products (id, name, description, category_id, base_price, created_at) VALUES ('6f229bab-6e7a-427c-ac63-dad3af0c5e50', 'Module-42 Premium Item', 'Production grade product record with edge case variations.', 'f169d8c1-cf23-4ef9-92a6-ced4f31de6c6', 4536.18, '2026-01-14 04:17:55');
INSERT INTO ProductVariants (id, product_id, sku, attribute_name, attribute_value, inventory_count) VALUES ('c79e0201-3290-4816-b3f6-e4a2248d52cd', '6f229bab-6e7a-427c-ac63-dad3af0c5e50', 'SKU-A74141A4', 'Size', 'Small', 54);
INSERT INTO ProductVariants (id, product_id, sku, attribute_name, attribute_value, inventory_count) VALUES ('22a160e8-c343-432d-b9a4-3b58558bdf6a', '6f229bab-6e7a-427c-ac63-dad3af0c5e50', 'SKU-4CB35DEE', 'Size', 'Large', 231);
INSERT INTO Products (id, name, description, category_id, base_price, created_at) VALUES ('99f7c518-f1f0-45ed-882e-50c854c3bca2', 'Module-43 Premium Item', 'Production grade product record with edge case variations.', '780b32aa-dbe0-4c61-96e8-f33d449d8872', 2161.05, '2026-02-18 04:17:55');
INSERT INTO ProductVariants (id, product_id, sku, attribute_name, attribute_value, inventory_count) VALUES ('d044305a-d93b-463e-a773-0c893ae55a71', '99f7c518-f1f0-45ed-882e-50c854c3bca2', 'SKU-1411DACA', 'Size', 'Small', 168);
INSERT INTO ProductVariants (id, product_id, sku, attribute_name, attribute_value, inventory_count) VALUES ('f150fdf5-31b5-4a34-b3cd-8bbad41281f8', '99f7c518-f1f0-45ed-882e-50c854c3bca2', 'SKU-28B37027', 'Size', 'Large', 628);
INSERT INTO Products (id, name, description, category_id, base_price, created_at) VALUES ('ba766299-87a3-4192-8310-8c22afb0eb33', 'Module-44 Premium Item', 'Production grade product record with edge case variations.', 'f169d8c1-cf23-4ef9-92a6-ced4f31de6c6', 1157.56, '2026-01-09 04:17:55');
INSERT INTO ProductVariants (id, product_id, sku, attribute_name, attribute_value, inventory_count) VALUES ('26dd7b68-02e1-4d21-b0b1-a96a529d0262', 'ba766299-87a3-4192-8310-8c22afb0eb33', 'SKU-BDC39F80', 'Size', 'Small', 599);
INSERT INTO ProductVariants (id, product_id, sku, attribute_name, attribute_value, inventory_count) VALUES ('cc0c90fa-28e6-4e25-afc2-210e9a1cc3dd', 'ba766299-87a3-4192-8310-8c22afb0eb33', 'SKU-C4DA0DA1', 'Size', 'Large', 648);
INSERT INTO Products (id, name, description, category_id, base_price, created_at) VALUES ('c5e7734c-6749-4292-b0b8-35d17464ddfd', 'Module-45 Premium Item', 'Production grade product record with edge case variations.', 'c069af92-a6f8-43fb-93ab-fb621f03907f', 269.12, '2026-02-12 04:17:55');
INSERT INTO ProductVariants (id, product_id, sku, attribute_name, attribute_value, inventory_count) VALUES ('0c6d4bfa-7fc1-4ea9-b6af-5e4fc3416c82', 'c5e7734c-6749-4292-b0b8-35d17464ddfd', 'SKU-DAB4402D', 'Size', 'Small', 902);
INSERT INTO ProductVariants (id, product_id, sku, attribute_name, attribute_value, inventory_count) VALUES ('f6d550e3-35b1-4cb5-b141-7c5967224c56', 'c5e7734c-6749-4292-b0b8-35d17464ddfd', 'SKU-7D8FF6CD', 'Size', 'Large', 356);
INSERT INTO Products (id, name, description, category_id, base_price, created_at) VALUES ('6a048a7c-7592-4e51-8633-202a42dc3749', 'Module-46 Premium Item', 'Production grade product record with edge case variations.', 'f169d8c1-cf23-4ef9-92a6-ced4f31de6c6', 861.39, '2026-03-31 04:17:55');
INSERT INTO ProductVariants (id, product_id, sku, attribute_name, attribute_value, inventory_count) VALUES ('ac338301-d1b3-4b64-8940-27993fbc3165', '6a048a7c-7592-4e51-8633-202a42dc3749', 'SKU-94DF7105', 'Size', 'Small', 305);
INSERT INTO ProductVariants (id, product_id, sku, attribute_name, attribute_value, inventory_count) VALUES ('e9f6504a-6d19-468e-873e-be957af63331', '6a048a7c-7592-4e51-8633-202a42dc3749', 'SKU-5AE4703C', 'Size', 'Large', 899);
INSERT INTO Products (id, name, description, category_id, base_price, created_at) VALUES ('1ec2956e-6d10-477a-9db2-9b2c744d6409', 'Module-47 Premium Item', 'Production grade product record with edge case variations.', '6c338540-9155-425d-9d4a-1dfa7322850d', 2287.26, '2026-01-10 04:17:55');
INSERT INTO ProductVariants (id, product_id, sku, attribute_name, attribute_value, inventory_count) VALUES ('884cfa7f-3573-47c1-adce-334437e55262', '1ec2956e-6d10-477a-9db2-9b2c744d6409', 'SKU-A5D55159', 'Size', 'Small', 517);
INSERT INTO ProductVariants (id, product_id, sku, attribute_name, attribute_value, inventory_count) VALUES ('4c2cfa9e-f2c5-4f0e-a06c-a74583781b0a', '1ec2956e-6d10-477a-9db2-9b2c744d6409', 'SKU-E003E438', 'Size', 'Large', 546);
INSERT INTO Products (id, name, description, category_id, base_price, created_at) VALUES ('199c3cf5-0c66-4bbc-9f4e-a6d4c6e7e55d', 'Module-48 Premium Item', 'Production grade product record with edge case variations.', '6c338540-9155-425d-9d4a-1dfa7322850d', 1615.35, '2025-12-30 04:17:55');
INSERT INTO ProductVariants (id, product_id, sku, attribute_name, attribute_value, inventory_count) VALUES ('9d8fe25f-abf2-4583-bd33-460dd1031fd5', '199c3cf5-0c66-4bbc-9f4e-a6d4c6e7e55d', 'SKU-77316318', 'Size', 'Small', 444);
INSERT INTO ProductVariants (id, product_id, sku, attribute_name, attribute_value, inventory_count) VALUES ('da618f4d-e187-46c0-820e-57f5cdd7e443', '199c3cf5-0c66-4bbc-9f4e-a6d4c6e7e55d', 'SKU-269BD4FE', 'Size', 'Large', 869);
INSERT INTO Products (id, name, description, category_id, base_price, created_at) VALUES ('99e6cd49-884d-4ef4-ad7a-4987eda6110e', 'Module-49 Premium Item', 'Production grade product record with edge case variations.', '780b32aa-dbe0-4c61-96e8-f33d449d8872', 4826.81, '2026-03-23 04:17:55');
INSERT INTO ProductVariants (id, product_id, sku, attribute_name, attribute_value, inventory_count) VALUES ('8776b3df-adfd-426a-9ae9-7111eebeee6d', '99e6cd49-884d-4ef4-ad7a-4987eda6110e', 'SKU-FF74FA0F', 'Size', 'Small', 959);
INSERT INTO ProductVariants (id, product_id, sku, attribute_name, attribute_value, inventory_count) VALUES ('33f44399-42ac-4395-9d6f-202bf2e41ab8', '99e6cd49-884d-4ef4-ad7a-4987eda6110e', 'SKU-3F632884', 'Size', 'Large', 116);
INSERT INTO Products (id, name, description, category_id, base_price, created_at) VALUES ('0dffb0f8-aad9-4814-8399-031d153b4b25', 'Module-50 Premium Item', 'Production grade product record with edge case variations.', 'f169d8c1-cf23-4ef9-92a6-ced4f31de6c6', 3849.92, '2026-01-30 04:17:55');
INSERT INTO ProductVariants (id, product_id, sku, attribute_name, attribute_value, inventory_count) VALUES ('bd41d8c5-0362-4f95-b011-ef8dd3bee654', '0dffb0f8-aad9-4814-8399-031d153b4b25', 'SKU-4661073A', 'Size', 'Small', 614);
INSERT INTO ProductVariants (id, product_id, sku, attribute_name, attribute_value, inventory_count) VALUES ('5464e6f8-deda-40da-b845-e2b5baddd3c9', '0dffb0f8-aad9-4814-8399-031d153b4b25', 'SKU-82E622FF', 'Size', 'Large', 609);
INSERT INTO Products (id, name, description, category_id, base_price, created_at) VALUES ('d7956376-e159-4548-8da6-bc30ad4d1d80', 'Module-51 Premium Item', 'Production grade product record with edge case variations.', 'f169d8c1-cf23-4ef9-92a6-ced4f31de6c6', 960.35, '2026-02-18 04:17:55');
INSERT INTO ProductVariants (id, product_id, sku, attribute_name, attribute_value, inventory_count) VALUES ('b985f6df-e2f3-439f-acee-d09ac2866aba', 'd7956376-e159-4548-8da6-bc30ad4d1d80', 'SKU-2B725B06', 'Size', 'Small', 159);
INSERT INTO ProductVariants (id, product_id, sku, attribute_name, attribute_value, inventory_count) VALUES ('3733a1c6-8e7f-4fc3-8343-1fc0de6b3b08', 'd7956376-e159-4548-8da6-bc30ad4d1d80', 'SKU-FBDE48CE', 'Size', 'Large', 154);
INSERT INTO Products (id, name, description, category_id, base_price, created_at) VALUES ('b8a456f6-73fb-4d2a-8025-dd230694e921', 'Module-52 Premium Item', 'Production grade product record with edge case variations.', '4001301b-874d-4ea1-874a-bbee43b3a47d', 2393.87, '2026-01-19 04:17:55');
INSERT INTO ProductVariants (id, product_id, sku, attribute_name, attribute_value, inventory_count) VALUES ('bf3aa908-72c4-4f35-b4a4-24b355dd6936', 'b8a456f6-73fb-4d2a-8025-dd230694e921', 'SKU-7A6C0729', 'Size', 'Small', 8);
INSERT INTO ProductVariants (id, product_id, sku, attribute_name, attribute_value, inventory_count) VALUES ('d9dca0af-f41d-4d8c-8877-1b0bef40b91b', 'b8a456f6-73fb-4d2a-8025-dd230694e921', 'SKU-6D89BDC6', 'Size', 'Large', 894);
INSERT INTO Products (id, name, description, category_id, base_price, created_at) VALUES ('d0178575-add7-4458-9cc9-7852d0cd76cc', 'Module-53 Premium Item', 'Production grade product record with edge case variations.', '780b32aa-dbe0-4c61-96e8-f33d449d8872', 76.07, '2026-02-15 04:17:55');
INSERT INTO ProductVariants (id, product_id, sku, attribute_name, attribute_value, inventory_count) VALUES ('3d91206a-56a5-4111-b3c5-413c057ba261', 'd0178575-add7-4458-9cc9-7852d0cd76cc', 'SKU-8DCD0413', 'Size', 'Small', 753);
INSERT INTO ProductVariants (id, product_id, sku, attribute_name, attribute_value, inventory_count) VALUES ('2ce6ab3b-7d9a-4acc-a5b4-10e467f5f4fb', 'd0178575-add7-4458-9cc9-7852d0cd76cc', 'SKU-F0E26B4C', 'Size', 'Large', 221);
INSERT INTO Products (id, name, description, category_id, base_price, created_at) VALUES ('d7e85441-3716-4dc0-910c-27b79238b091', 'Module-54 Premium Item', 'Production grade product record with edge case variations.', '4001301b-874d-4ea1-874a-bbee43b3a47d', 1516.56, '2026-01-03 04:17:55');
INSERT INTO ProductVariants (id, product_id, sku, attribute_name, attribute_value, inventory_count) VALUES ('eef1f88b-1dbb-4015-aade-455c87aa9b59', 'd7e85441-3716-4dc0-910c-27b79238b091', 'SKU-B497FC6D', 'Size', 'Small', 494);
INSERT INTO ProductVariants (id, product_id, sku, attribute_name, attribute_value, inventory_count) VALUES ('38094c3b-4321-4da6-8e0b-6d523eecc787', 'd7e85441-3716-4dc0-910c-27b79238b091', 'SKU-B8D3D2D2', 'Size', 'Large', 720);
INSERT INTO Products (id, name, description, category_id, base_price, created_at) VALUES ('cdf0e73c-7bd0-4e29-a85a-e98622eea37f', 'Module-55 Premium Item', 'Production grade product record with edge case variations.', 'c069af92-a6f8-43fb-93ab-fb621f03907f', 2925.80, '2026-02-21 04:17:55');
INSERT INTO ProductVariants (id, product_id, sku, attribute_name, attribute_value, inventory_count) VALUES ('8c83326a-f465-4b2f-a994-84fa560a5b53', 'cdf0e73c-7bd0-4e29-a85a-e98622eea37f', 'SKU-9F68692F', 'Size', 'Small', 424);
INSERT INTO ProductVariants (id, product_id, sku, attribute_name, attribute_value, inventory_count) VALUES ('5fa32add-00b5-4495-8736-e2c99dbe2206', 'cdf0e73c-7bd0-4e29-a85a-e98622eea37f', 'SKU-DBB63745', 'Size', 'Large', 376);
INSERT INTO Products (id, name, description, category_id, base_price, created_at) VALUES ('f3de3ad0-dcf7-48a7-a0b6-0b9bc07e5c25', 'Module-56 Premium Item', 'Production grade product record with edge case variations.', '4001301b-874d-4ea1-874a-bbee43b3a47d', 2428.41, '2026-01-06 04:17:55');
INSERT INTO ProductVariants (id, product_id, sku, attribute_name, attribute_value, inventory_count) VALUES ('c119a01d-b811-4706-aa25-2540c8a9a5e3', 'f3de3ad0-dcf7-48a7-a0b6-0b9bc07e5c25', 'SKU-C4967CDF', 'Size', 'Small', 286);
INSERT INTO ProductVariants (id, product_id, sku, attribute_name, attribute_value, inventory_count) VALUES ('25b52236-de1e-4f2f-b912-593f3dba6f55', 'f3de3ad0-dcf7-48a7-a0b6-0b9bc07e5c25', 'SKU-55CBF34D', 'Size', 'Large', 502);
INSERT INTO Products (id, name, description, category_id, base_price, created_at) VALUES ('d4bd628f-2985-46d2-b473-3d919539a8b7', 'Module-57 Premium Item', 'Production grade product record with edge case variations.', 'cbd311c1-2373-4bb9-a47b-1dc42ca7499e', 2265.94, '2026-01-17 04:17:55');
INSERT INTO ProductVariants (id, product_id, sku, attribute_name, attribute_value, inventory_count) VALUES ('4f039202-f51b-4d0f-9536-7fa6f7e5f5c3', 'd4bd628f-2985-46d2-b473-3d919539a8b7', 'SKU-384D0F1A', 'Size', 'Small', 545);
INSERT INTO ProductVariants (id, product_id, sku, attribute_name, attribute_value, inventory_count) VALUES ('f5de3a2c-8abc-4816-af04-31b42bb94130', 'd4bd628f-2985-46d2-b473-3d919539a8b7', 'SKU-94B6C9D3', 'Size', 'Large', 903);
INSERT INTO Products (id, name, description, category_id, base_price, created_at) VALUES ('a2b4430f-e7d5-457b-b156-7f04cdad7e08', 'Module-58 Premium Item', 'Production grade product record with edge case variations.', 'f169d8c1-cf23-4ef9-92a6-ced4f31de6c6', 2466.53, '2026-04-02 04:17:55');
INSERT INTO ProductVariants (id, product_id, sku, attribute_name, attribute_value, inventory_count) VALUES ('663b11a1-2cb1-4dec-8b4c-8fa4cafdad96', 'a2b4430f-e7d5-457b-b156-7f04cdad7e08', 'SKU-B96AE93B', 'Size', 'Small', 738);
INSERT INTO ProductVariants (id, product_id, sku, attribute_name, attribute_value, inventory_count) VALUES ('94e30eb9-4077-4f24-b7a3-29bf2fdcf803', 'a2b4430f-e7d5-457b-b156-7f04cdad7e08', 'SKU-053DAB83', 'Size', 'Large', 320);
INSERT INTO Products (id, name, description, category_id, base_price, created_at) VALUES ('a8bf1ec3-bafa-4c35-8d64-36120c795724', 'Module-59 Premium Item', 'Production grade product record with edge case variations.', 'd839bf40-8d5f-4c70-a2d5-879f95ef1433', 3969.82, '2025-12-30 04:17:55');
INSERT INTO ProductVariants (id, product_id, sku, attribute_name, attribute_value, inventory_count) VALUES ('cb6b84b6-eb51-4dba-aa69-5829607340d8', 'a8bf1ec3-bafa-4c35-8d64-36120c795724', 'SKU-0C515DCF', 'Size', 'Small', 353);
INSERT INTO ProductVariants (id, product_id, sku, attribute_name, attribute_value, inventory_count) VALUES ('6cf5e7a7-6ba5-4e28-a412-c50865680a4e', 'a8bf1ec3-bafa-4c35-8d64-36120c795724', 'SKU-F03BCA62', 'Size', 'Large', 227);
INSERT INTO Products (id, name, description, category_id, base_price, created_at) VALUES ('99e1ebca-c988-444d-a54b-620fd2a32069', 'Module-60 Premium Item', 'Production grade product record with edge case variations.', 'cbd311c1-2373-4bb9-a47b-1dc42ca7499e', 4187.46, '2025-12-31 04:17:55');
INSERT INTO ProductVariants (id, product_id, sku, attribute_name, attribute_value, inventory_count) VALUES ('4a720917-f52f-4de2-80c2-9deae8a0cef4', '99e1ebca-c988-444d-a54b-620fd2a32069', 'SKU-328CB6BB', 'Size', 'Small', 538);
INSERT INTO ProductVariants (id, product_id, sku, attribute_name, attribute_value, inventory_count) VALUES ('cd9b2507-3801-4341-a1d3-e9bbafd5c0f0', '99e1ebca-c988-444d-a54b-620fd2a32069', 'SKU-E79A33D5', 'Size', 'Large', 918);
INSERT INTO Products (id, name, description, category_id, base_price, created_at) VALUES ('c48cbeec-c08d-4321-9e22-425b5fb8eb24', 'Module-61 Premium Item', 'Production grade product record with edge case variations.', 'c069af92-a6f8-43fb-93ab-fb621f03907f', 3767.29, '2026-03-06 04:17:55');
INSERT INTO ProductVariants (id, product_id, sku, attribute_name, attribute_value, inventory_count) VALUES ('b8331e43-995f-4133-9a77-ee4b49021fea', 'c48cbeec-c08d-4321-9e22-425b5fb8eb24', 'SKU-FA1BA930', 'Size', 'Small', 134);
INSERT INTO ProductVariants (id, product_id, sku, attribute_name, attribute_value, inventory_count) VALUES ('73e4f540-33fb-487d-a65e-ca000546e9ba', 'c48cbeec-c08d-4321-9e22-425b5fb8eb24', 'SKU-B5728340', 'Size', 'Large', 946);
INSERT INTO Products (id, name, description, category_id, base_price, created_at) VALUES ('88118c51-08a9-4dad-83dc-3da5c7d300d8', 'Module-62 Premium Item', 'Production grade product record with edge case variations.', '780b32aa-dbe0-4c61-96e8-f33d449d8872', 101.33, '2026-01-15 04:17:55');
INSERT INTO ProductVariants (id, product_id, sku, attribute_name, attribute_value, inventory_count) VALUES ('34e53fba-fcac-4dcf-aaac-a08ad111740a', '88118c51-08a9-4dad-83dc-3da5c7d300d8', 'SKU-872006D4', 'Size', 'Small', 896);
INSERT INTO ProductVariants (id, product_id, sku, attribute_name, attribute_value, inventory_count) VALUES ('7fae0262-53f8-488e-ad39-c8a8e30046d0', '88118c51-08a9-4dad-83dc-3da5c7d300d8', 'SKU-2A0B819A', 'Size', 'Large', 240);
INSERT INTO Products (id, name, description, category_id, base_price, created_at) VALUES ('fdc36bd1-ffd4-46c2-b57f-406c65925ce6', 'Module-63 Premium Item', 'Production grade product record with edge case variations.', 'd839bf40-8d5f-4c70-a2d5-879f95ef1433', 363.67, '2026-01-17 04:17:55');
INSERT INTO ProductVariants (id, product_id, sku, attribute_name, attribute_value, inventory_count) VALUES ('55012cbb-7bd2-4822-b82a-9141b8fe6f36', 'fdc36bd1-ffd4-46c2-b57f-406c65925ce6', 'SKU-E8E114E0', 'Size', 'Small', 816);
INSERT INTO ProductVariants (id, product_id, sku, attribute_name, attribute_value, inventory_count) VALUES ('cd681a6a-f694-4a5f-8041-bec032019f56', 'fdc36bd1-ffd4-46c2-b57f-406c65925ce6', 'SKU-E076D529', 'Size', 'Large', 269);
INSERT INTO Products (id, name, description, category_id, base_price, created_at) VALUES ('2c23bc5f-3123-4116-9e56-8eb931fcb187', 'Module-64 Premium Item', 'Production grade product record with edge case variations.', '95078d8e-5417-4102-a6a3-da17c38bdb13', 1828.67, '2026-01-07 04:17:55');
INSERT INTO ProductVariants (id, product_id, sku, attribute_name, attribute_value, inventory_count) VALUES ('913cd6e2-f1c4-4ff3-b978-edbd44f78936', '2c23bc5f-3123-4116-9e56-8eb931fcb187', 'SKU-02E13F08', 'Size', 'Small', 209);
INSERT INTO ProductVariants (id, product_id, sku, attribute_name, attribute_value, inventory_count) VALUES ('74025d06-f8b4-4ba2-8e93-093e32857700', '2c23bc5f-3123-4116-9e56-8eb931fcb187', 'SKU-D4874ACF', 'Size', 'Large', 831);
INSERT INTO Products (id, name, description, category_id, base_price, created_at) VALUES ('0dbd8fe9-eca0-4604-a3b1-6c48ae26045c', 'Module-65 Premium Item', 'Production grade product record with edge case variations.', '4001301b-874d-4ea1-874a-bbee43b3a47d', 2804.97, '2026-01-22 04:17:55');
INSERT INTO ProductVariants (id, product_id, sku, attribute_name, attribute_value, inventory_count) VALUES ('1bf3e644-d008-48c3-ac71-3f8d15cac17e', '0dbd8fe9-eca0-4604-a3b1-6c48ae26045c', 'SKU-2C6383DF', 'Size', 'Small', 671);
INSERT INTO ProductVariants (id, product_id, sku, attribute_name, attribute_value, inventory_count) VALUES ('b3df4875-5a21-496e-8e85-490dae007c69', '0dbd8fe9-eca0-4604-a3b1-6c48ae26045c', 'SKU-3E7CC9FE', 'Size', 'Large', 180);
INSERT INTO Products (id, name, description, category_id, base_price, created_at) VALUES ('1420c7e0-b753-40be-8178-a4aa7033ed9b', 'Module-66 Premium Item', 'Production grade product record with edge case variations.', 'c069af92-a6f8-43fb-93ab-fb621f03907f', 3977.65, '2026-03-23 04:17:55');
INSERT INTO ProductVariants (id, product_id, sku, attribute_name, attribute_value, inventory_count) VALUES ('4ff78d24-6091-4f48-a84a-7600626ee3a5', '1420c7e0-b753-40be-8178-a4aa7033ed9b', 'SKU-E5E3BA60', 'Size', 'Small', 381);
INSERT INTO ProductVariants (id, product_id, sku, attribute_name, attribute_value, inventory_count) VALUES ('3e3ad2a1-ee93-4c63-bcf2-f459a85d4242', '1420c7e0-b753-40be-8178-a4aa7033ed9b', 'SKU-DC3F799C', 'Size', 'Large', 262);
INSERT INTO Products (id, name, description, category_id, base_price, created_at) VALUES ('a224eb59-db06-45ef-8e44-ddb9230b875c', 'Module-67 Premium Item', 'Production grade product record with edge case variations.', '6c338540-9155-425d-9d4a-1dfa7322850d', 679.94, '2026-01-26 04:17:55');
INSERT INTO ProductVariants (id, product_id, sku, attribute_name, attribute_value, inventory_count) VALUES ('e210ec6c-57f3-4a0c-85c5-f22929824e88', 'a224eb59-db06-45ef-8e44-ddb9230b875c', 'SKU-973F4948', 'Size', 'Small', 992);
INSERT INTO ProductVariants (id, product_id, sku, attribute_name, attribute_value, inventory_count) VALUES ('cdb2a583-5b14-4dc3-add5-01bc1466ddb9', 'a224eb59-db06-45ef-8e44-ddb9230b875c', 'SKU-220FD7D4', 'Size', 'Large', 159);
INSERT INTO Products (id, name, description, category_id, base_price, created_at) VALUES ('f1bbe195-8e80-48a3-9303-229bf6ba3ccf', 'Module-68 Premium Item', 'Production grade product record with edge case variations.', 'c069af92-a6f8-43fb-93ab-fb621f03907f', 1462.70, '2026-01-18 04:17:55');
INSERT INTO ProductVariants (id, product_id, sku, attribute_name, attribute_value, inventory_count) VALUES ('4b1f1c1b-0134-48a2-b84a-14ddcaabadc1', 'f1bbe195-8e80-48a3-9303-229bf6ba3ccf', 'SKU-3157DFC4', 'Size', 'Small', 194);
INSERT INTO ProductVariants (id, product_id, sku, attribute_name, attribute_value, inventory_count) VALUES ('d69cce80-6117-4600-a0aa-376ad27868dc', 'f1bbe195-8e80-48a3-9303-229bf6ba3ccf', 'SKU-33F3015A', 'Size', 'Large', 844);
INSERT INTO Products (id, name, description, category_id, base_price, created_at) VALUES ('06db2942-332c-4e11-933a-2fc37e039986', 'Module-69 Premium Item', 'Production grade product record with edge case variations.', '6c338540-9155-425d-9d4a-1dfa7322850d', 1738.04, '2026-02-26 04:17:55');
INSERT INTO ProductVariants (id, product_id, sku, attribute_name, attribute_value, inventory_count) VALUES ('a326c9c6-feab-48a2-b148-30c253b45725', '06db2942-332c-4e11-933a-2fc37e039986', 'SKU-5F52DDD8', 'Size', 'Small', 149);
INSERT INTO ProductVariants (id, product_id, sku, attribute_name, attribute_value, inventory_count) VALUES ('cc9ea7bc-7b0a-45dd-9f29-4bdf2b98c1c2', '06db2942-332c-4e11-933a-2fc37e039986', 'SKU-D578F2EA', 'Size', 'Large', 738);
INSERT INTO Products (id, name, description, category_id, base_price, created_at) VALUES ('73142b98-c3bf-44b6-a3d2-2ac58474d3e0', 'Module-70 Premium Item', 'Production grade product record with edge case variations.', '95078d8e-5417-4102-a6a3-da17c38bdb13', 2362.68, '2026-02-04 04:17:55');
INSERT INTO ProductVariants (id, product_id, sku, attribute_name, attribute_value, inventory_count) VALUES ('c98b3614-6ed5-4e5b-b477-7dff04666b20', '73142b98-c3bf-44b6-a3d2-2ac58474d3e0', 'SKU-F41E7269', 'Size', 'Small', 887);
INSERT INTO ProductVariants (id, product_id, sku, attribute_name, attribute_value, inventory_count) VALUES ('9aee0697-2d37-47ee-ba3b-96e258b9cf73', '73142b98-c3bf-44b6-a3d2-2ac58474d3e0', 'SKU-CDCBEFB3', 'Size', 'Large', 383);
INSERT INTO Products (id, name, description, category_id, base_price, created_at) VALUES ('a4f58fe6-3c00-45c9-ae95-0fb65eb35a5b', 'Module-71 Premium Item', 'Production grade product record with edge case variations.', '4001301b-874d-4ea1-874a-bbee43b3a47d', 1092.84, '2026-02-22 04:17:55');
INSERT INTO ProductVariants (id, product_id, sku, attribute_name, attribute_value, inventory_count) VALUES ('4cb834fc-5596-42e1-9adc-0017891622b3', 'a4f58fe6-3c00-45c9-ae95-0fb65eb35a5b', 'SKU-B8B8BEE6', 'Size', 'Small', 162);
INSERT INTO ProductVariants (id, product_id, sku, attribute_name, attribute_value, inventory_count) VALUES ('b147af93-36be-4dcb-af52-9399baa88064', 'a4f58fe6-3c00-45c9-ae95-0fb65eb35a5b', 'SKU-3DA26A3A', 'Size', 'Large', 586);
INSERT INTO Products (id, name, description, category_id, base_price, created_at) VALUES ('f2cfe336-aa63-4088-ab1f-218660f0dede', 'Module-72 Premium Item', 'Production grade product record with edge case variations.', '95078d8e-5417-4102-a6a3-da17c38bdb13', 4529.33, '2026-02-18 04:17:55');
INSERT INTO ProductVariants (id, product_id, sku, attribute_name, attribute_value, inventory_count) VALUES ('087e139a-2983-43df-879d-9e27351e3d4b', 'f2cfe336-aa63-4088-ab1f-218660f0dede', 'SKU-D4563C86', 'Size', 'Small', 466);
INSERT INTO ProductVariants (id, product_id, sku, attribute_name, attribute_value, inventory_count) VALUES ('f864406b-61b4-4a05-8b55-30b44373e55a', 'f2cfe336-aa63-4088-ab1f-218660f0dede', 'SKU-EB4FB13D', 'Size', 'Large', 320);
INSERT INTO Products (id, name, description, category_id, base_price, created_at) VALUES ('3f37db79-547e-4029-a2ee-9457395702a9', 'Module-73 Premium Item', 'Production grade product record with edge case variations.', 'cbd311c1-2373-4bb9-a47b-1dc42ca7499e', 465.20, '2026-02-10 04:17:55');
INSERT INTO ProductVariants (id, product_id, sku, attribute_name, attribute_value, inventory_count) VALUES ('c73387e1-7177-41e5-9446-8839b764e1b9', '3f37db79-547e-4029-a2ee-9457395702a9', 'SKU-2F4EF5DA', 'Size', 'Small', 693);
INSERT INTO ProductVariants (id, product_id, sku, attribute_name, attribute_value, inventory_count) VALUES ('12567a72-cb1d-4680-8ee1-4b4e1cbb334c', '3f37db79-547e-4029-a2ee-9457395702a9', 'SKU-9CF9FB62', 'Size', 'Large', 729);
INSERT INTO Products (id, name, description, category_id, base_price, created_at) VALUES ('b29f5b2d-f034-47b8-bdc7-066e127688a7', 'Module-74 Premium Item', 'Production grade product record with edge case variations.', 'cbd311c1-2373-4bb9-a47b-1dc42ca7499e', 160.55, '2026-02-10 04:17:55');
INSERT INTO ProductVariants (id, product_id, sku, attribute_name, attribute_value, inventory_count) VALUES ('cd4f2d38-4d37-4828-b656-9c883213d890', 'b29f5b2d-f034-47b8-bdc7-066e127688a7', 'SKU-6DE32E7F', 'Size', 'Small', 115);
INSERT INTO ProductVariants (id, product_id, sku, attribute_name, attribute_value, inventory_count) VALUES ('e3723a90-0ceb-40d3-8d26-042e37f67b77', 'b29f5b2d-f034-47b8-bdc7-066e127688a7', 'SKU-340080A4', 'Size', 'Large', 699);
INSERT INTO Products (id, name, description, category_id, base_price, created_at) VALUES ('b287a075-58bd-4499-b78b-d82c0daf0054', 'Module-75 Premium Item', 'Production grade product record with edge case variations.', 'f169d8c1-cf23-4ef9-92a6-ced4f31de6c6', 2140.86, '2026-03-06 04:17:55');
INSERT INTO ProductVariants (id, product_id, sku, attribute_name, attribute_value, inventory_count) VALUES ('ce8abae1-ca8b-4999-a519-14b2429e7278', 'b287a075-58bd-4499-b78b-d82c0daf0054', 'SKU-B67B001A', 'Size', 'Small', 757);
INSERT INTO ProductVariants (id, product_id, sku, attribute_name, attribute_value, inventory_count) VALUES ('b4abb61b-2a34-4610-bbdb-c5f08e989532', 'b287a075-58bd-4499-b78b-d82c0daf0054', 'SKU-797EC0AE', 'Size', 'Large', 920);
INSERT INTO Products (id, name, description, category_id, base_price, created_at) VALUES ('ffb95efe-2c6a-40a8-a5ae-b9884cea2a44', 'Module-76 Premium Item', 'Production grade product record with edge case variations.', '780b32aa-dbe0-4c61-96e8-f33d449d8872', 510.81, '2026-01-31 04:17:55');
INSERT INTO ProductVariants (id, product_id, sku, attribute_name, attribute_value, inventory_count) VALUES ('7f0e2d12-3d8c-4531-9ea5-107d6997a800', 'ffb95efe-2c6a-40a8-a5ae-b9884cea2a44', 'SKU-45B7CB98', 'Size', 'Small', 613);
INSERT INTO ProductVariants (id, product_id, sku, attribute_name, attribute_value, inventory_count) VALUES ('8628ab10-cee5-426a-b992-d13b63577be7', 'ffb95efe-2c6a-40a8-a5ae-b9884cea2a44', 'SKU-46412D35', 'Size', 'Large', 181);
INSERT INTO Products (id, name, description, category_id, base_price, created_at) VALUES ('2db10195-d36e-4da6-9963-4a2432ba8310', 'Module-77 Premium Item', 'Production grade product record with edge case variations.', '6c338540-9155-425d-9d4a-1dfa7322850d', 68.83, '2025-12-27 04:17:55');
INSERT INTO ProductVariants (id, product_id, sku, attribute_name, attribute_value, inventory_count) VALUES ('47094363-0612-4338-ba5f-0589a3f2d8ea', '2db10195-d36e-4da6-9963-4a2432ba8310', 'SKU-F773DE5B', 'Size', 'Small', 849);
INSERT INTO ProductVariants (id, product_id, sku, attribute_name, attribute_value, inventory_count) VALUES ('61dec7fe-59ac-4afe-98e5-273367e67546', '2db10195-d36e-4da6-9963-4a2432ba8310', 'SKU-B6C077C4', 'Size', 'Large', 620);
INSERT INTO Products (id, name, description, category_id, base_price, created_at) VALUES ('d284aa03-c5c2-4550-a8ef-aaf990044d58', 'Module-78 Premium Item', 'Production grade product record with edge case variations.', '95078d8e-5417-4102-a6a3-da17c38bdb13', 140.14, '2026-02-18 04:17:55');
INSERT INTO ProductVariants (id, product_id, sku, attribute_name, attribute_value, inventory_count) VALUES ('c78d877d-2fea-4765-a6eb-a324ac7bba51', 'd284aa03-c5c2-4550-a8ef-aaf990044d58', 'SKU-778751D7', 'Size', 'Small', 149);
INSERT INTO ProductVariants (id, product_id, sku, attribute_name, attribute_value, inventory_count) VALUES ('d56e9630-b358-41b4-ae3d-590565fa8163', 'd284aa03-c5c2-4550-a8ef-aaf990044d58', 'SKU-52BAE0DD', 'Size', 'Large', 779);
INSERT INTO Products (id, name, description, category_id, base_price, created_at) VALUES ('4a927b9a-9cf5-4c56-a490-fb2f926cbb7d', 'Module-79 Premium Item', 'Production grade product record with edge case variations.', '780b32aa-dbe0-4c61-96e8-f33d449d8872', 2613.81, '2026-01-26 04:17:55');
INSERT INTO ProductVariants (id, product_id, sku, attribute_name, attribute_value, inventory_count) VALUES ('ea586182-32d8-444f-984f-b6885a21f48a', '4a927b9a-9cf5-4c56-a490-fb2f926cbb7d', 'SKU-2761E33E', 'Size', 'Small', 31);
INSERT INTO ProductVariants (id, product_id, sku, attribute_name, attribute_value, inventory_count) VALUES ('f4a2bce2-c2de-4b59-be89-18c0eb6cd784', '4a927b9a-9cf5-4c56-a490-fb2f926cbb7d', 'SKU-DB2C971B', 'Size', 'Large', 571);
INSERT INTO Products (id, name, description, category_id, base_price, created_at) VALUES ('b2e4268e-a449-4f84-b631-663556cefcd1', 'Module-80 Premium Item', 'Production grade product record with edge case variations.', 'f169d8c1-cf23-4ef9-92a6-ced4f31de6c6', 549.76, '2026-02-11 04:17:55');
INSERT INTO ProductVariants (id, product_id, sku, attribute_name, attribute_value, inventory_count) VALUES ('dc3058ea-78c6-4b46-a747-56998633d10b', 'b2e4268e-a449-4f84-b631-663556cefcd1', 'SKU-7BC0657A', 'Size', 'Small', 231);
INSERT INTO ProductVariants (id, product_id, sku, attribute_name, attribute_value, inventory_count) VALUES ('e3ad9962-3827-49c6-9a41-5c19e49c3560', 'b2e4268e-a449-4f84-b631-663556cefcd1', 'SKU-703872AA', 'Size', 'Large', 36);
INSERT INTO Products (id, name, description, category_id, base_price, created_at) VALUES ('56875e67-5e75-4413-9601-d88c50184934', 'Module-81 Premium Item', 'Production grade product record with edge case variations.', '4001301b-874d-4ea1-874a-bbee43b3a47d', 1288.12, '2026-02-06 04:17:55');
INSERT INTO ProductVariants (id, product_id, sku, attribute_name, attribute_value, inventory_count) VALUES ('e8858916-7cc2-4834-b79b-54b440ef4c92', '56875e67-5e75-4413-9601-d88c50184934', 'SKU-E2F3B071', 'Size', 'Small', 132);
INSERT INTO ProductVariants (id, product_id, sku, attribute_name, attribute_value, inventory_count) VALUES ('47119ba9-1ec3-4054-af4e-bba6b0845fea', '56875e67-5e75-4413-9601-d88c50184934', 'SKU-D5F555A2', 'Size', 'Large', 806);
INSERT INTO Products (id, name, description, category_id, base_price, created_at) VALUES ('d9123ae9-f36c-4c9b-a7ab-ca01cf81655a', 'Module-82 Premium Item', 'Production grade product record with edge case variations.', 'f169d8c1-cf23-4ef9-92a6-ced4f31de6c6', 4221.71, '2026-01-10 04:17:55');
INSERT INTO ProductVariants (id, product_id, sku, attribute_name, attribute_value, inventory_count) VALUES ('ee67d239-c95d-4444-bd87-00641ae7b0f7', 'd9123ae9-f36c-4c9b-a7ab-ca01cf81655a', 'SKU-9BDB9633', 'Size', 'Small', 778);
INSERT INTO ProductVariants (id, product_id, sku, attribute_name, attribute_value, inventory_count) VALUES ('7249fa14-5101-4617-9d91-ba17ccb94762', 'd9123ae9-f36c-4c9b-a7ab-ca01cf81655a', 'SKU-690208EF', 'Size', 'Large', 541);
INSERT INTO Products (id, name, description, category_id, base_price, created_at) VALUES ('4e6ee764-6c12-4688-ae8d-20617930f05f', 'Module-83 Premium Item', 'Production grade product record with edge case variations.', '4001301b-874d-4ea1-874a-bbee43b3a47d', 952.16, '2025-12-28 04:17:55');
INSERT INTO ProductVariants (id, product_id, sku, attribute_name, attribute_value, inventory_count) VALUES ('de8c7cc5-80fd-47f3-a27c-c0d1673b8017', '4e6ee764-6c12-4688-ae8d-20617930f05f', 'SKU-7A9E8F27', 'Size', 'Small', 926);
INSERT INTO ProductVariants (id, product_id, sku, attribute_name, attribute_value, inventory_count) VALUES ('5629de35-18f3-4682-b145-ee924f96c0b1', '4e6ee764-6c12-4688-ae8d-20617930f05f', 'SKU-2E8D1523', 'Size', 'Large', 933);
INSERT INTO Products (id, name, description, category_id, base_price, created_at) VALUES ('7e567ca5-c03f-4acd-a82e-b4f668712fa3', 'Module-84 Premium Item', 'Production grade product record with edge case variations.', '6c338540-9155-425d-9d4a-1dfa7322850d', 2800.40, '2026-03-03 04:17:55');
INSERT INTO ProductVariants (id, product_id, sku, attribute_name, attribute_value, inventory_count) VALUES ('1b7ef04e-e61c-4095-b492-7f269a5f6d04', '7e567ca5-c03f-4acd-a82e-b4f668712fa3', 'SKU-F5BCA8CA', 'Size', 'Small', 267);
INSERT INTO ProductVariants (id, product_id, sku, attribute_name, attribute_value, inventory_count) VALUES ('de43ed9f-7643-42fb-bde3-411007b0a97b', '7e567ca5-c03f-4acd-a82e-b4f668712fa3', 'SKU-D32E6ED0', 'Size', 'Large', 699);
INSERT INTO Products (id, name, description, category_id, base_price, created_at) VALUES ('8a4bbeb9-ce0a-42d2-b1b1-f8ea154e0f2f', 'Module-85 Premium Item', 'Production grade product record with edge case variations.', '780b32aa-dbe0-4c61-96e8-f33d449d8872', 3916.00, '2026-02-09 04:17:55');
INSERT INTO ProductVariants (id, product_id, sku, attribute_name, attribute_value, inventory_count) VALUES ('fb3b6b98-435d-40f3-8169-9479c363ac2c', '8a4bbeb9-ce0a-42d2-b1b1-f8ea154e0f2f', 'SKU-9F1140DB', 'Size', 'Small', 407);
INSERT INTO ProductVariants (id, product_id, sku, attribute_name, attribute_value, inventory_count) VALUES ('7c058ea1-c5ef-478e-9127-ffcf24d3c5a1', '8a4bbeb9-ce0a-42d2-b1b1-f8ea154e0f2f', 'SKU-DF7B74CA', 'Size', 'Large', 861);
INSERT INTO Products (id, name, description, category_id, base_price, created_at) VALUES ('5a86a87d-f357-4eb8-8769-ff1fa582fdc0', 'Module-86 Premium Item', 'Production grade product record with edge case variations.', '4001301b-874d-4ea1-874a-bbee43b3a47d', 4541.02, '2026-02-28 04:17:55');
INSERT INTO ProductVariants (id, product_id, sku, attribute_name, attribute_value, inventory_count) VALUES ('49c282cc-746b-422a-b525-e8035210104c', '5a86a87d-f357-4eb8-8769-ff1fa582fdc0', 'SKU-92ED9953', 'Size', 'Small', 229);
INSERT INTO ProductVariants (id, product_id, sku, attribute_name, attribute_value, inventory_count) VALUES ('52fa2a46-77b2-472a-987b-b375e654c354', '5a86a87d-f357-4eb8-8769-ff1fa582fdc0', 'SKU-F30BBDEF', 'Size', 'Large', 755);
INSERT INTO Products (id, name, description, category_id, base_price, created_at) VALUES ('f8d4faa5-ca28-4fe1-8c91-adc5c01d17a9', 'Module-87 Premium Item', 'Production grade product record with edge case variations.', '95078d8e-5417-4102-a6a3-da17c38bdb13', 127.47, '2026-03-22 04:17:55');
INSERT INTO ProductVariants (id, product_id, sku, attribute_name, attribute_value, inventory_count) VALUES ('288f15a2-0464-4bbe-b62a-288de7870d8a', 'f8d4faa5-ca28-4fe1-8c91-adc5c01d17a9', 'SKU-2506818C', 'Size', 'Small', 985);
INSERT INTO ProductVariants (id, product_id, sku, attribute_name, attribute_value, inventory_count) VALUES ('a2fd6aa6-6987-4276-bb53-efa1f552a31c', 'f8d4faa5-ca28-4fe1-8c91-adc5c01d17a9', 'SKU-52A77E44', 'Size', 'Large', 475);
INSERT INTO Products (id, name, description, category_id, base_price, created_at) VALUES ('66cb9293-764c-434e-b863-36af29a589c8', 'Module-88 Premium Item', 'Production grade product record with edge case variations.', 'f169d8c1-cf23-4ef9-92a6-ced4f31de6c6', 4690.03, '2026-03-13 04:17:55');
INSERT INTO ProductVariants (id, product_id, sku, attribute_name, attribute_value, inventory_count) VALUES ('871889e3-5c2d-400e-bc05-eaa74908580d', '66cb9293-764c-434e-b863-36af29a589c8', 'SKU-ABD4D637', 'Size', 'Small', 924);
INSERT INTO ProductVariants (id, product_id, sku, attribute_name, attribute_value, inventory_count) VALUES ('f4e0b8e4-7ed2-4c52-adb9-b9c0c716de99', '66cb9293-764c-434e-b863-36af29a589c8', 'SKU-7D88FD1E', 'Size', 'Large', 134);
INSERT INTO Products (id, name, description, category_id, base_price, created_at) VALUES ('5548956d-e4a6-4855-b44f-f7612b72b708', 'Module-89 Premium Item', 'Production grade product record with edge case variations.', 'c069af92-a6f8-43fb-93ab-fb621f03907f', 1031.17, '2026-02-09 04:17:55');
INSERT INTO ProductVariants (id, product_id, sku, attribute_name, attribute_value, inventory_count) VALUES ('87a0c9bb-0cd7-47fa-9f91-349013bf4a24', '5548956d-e4a6-4855-b44f-f7612b72b708', 'SKU-0DD8A71B', 'Size', 'Small', 89);
INSERT INTO ProductVariants (id, product_id, sku, attribute_name, attribute_value, inventory_count) VALUES ('4e7d2e83-46fa-4363-b228-3a98cefa23bf', '5548956d-e4a6-4855-b44f-f7612b72b708', 'SKU-06C1A9FD', 'Size', 'Large', 688);
INSERT INTO Products (id, name, description, category_id, base_price, created_at) VALUES ('36effd2f-bcc4-435f-bea4-bc535c099c1b', 'Module-90 Premium Item', 'Production grade product record with edge case variations.', 'cbd311c1-2373-4bb9-a47b-1dc42ca7499e', 3222.06, '2026-02-12 04:17:55');
INSERT INTO ProductVariants (id, product_id, sku, attribute_name, attribute_value, inventory_count) VALUES ('2f78113c-040d-4732-b1b4-fe23ed71b4ff', '36effd2f-bcc4-435f-bea4-bc535c099c1b', 'SKU-23C24E27', 'Size', 'Small', 398);
INSERT INTO ProductVariants (id, product_id, sku, attribute_name, attribute_value, inventory_count) VALUES ('f7b27034-6d87-4b21-baef-c163e0a373fc', '36effd2f-bcc4-435f-bea4-bc535c099c1b', 'SKU-1C635B4A', 'Size', 'Large', 274);
INSERT INTO Products (id, name, description, category_id, base_price, created_at) VALUES ('c704c895-44d1-4dc0-9ab8-c6a53657008b', 'Module-91 Premium Item', 'Production grade product record with edge case variations.', '6c338540-9155-425d-9d4a-1dfa7322850d', 1256.85, '2026-02-27 04:17:55');
INSERT INTO ProductVariants (id, product_id, sku, attribute_name, attribute_value, inventory_count) VALUES ('4d1c9849-13ce-4615-acfe-bbd4ec2460b7', 'c704c895-44d1-4dc0-9ab8-c6a53657008b', 'SKU-B9E87ECC', 'Size', 'Small', 971);
INSERT INTO ProductVariants (id, product_id, sku, attribute_name, attribute_value, inventory_count) VALUES ('35ff7d4a-96e5-4de1-920d-a1206f4fc155', 'c704c895-44d1-4dc0-9ab8-c6a53657008b', 'SKU-60E50479', 'Size', 'Large', 133);
INSERT INTO Products (id, name, description, category_id, base_price, created_at) VALUES ('069770ca-76b1-45e1-a0ed-9793e9635cfb', 'Module-92 Premium Item', 'Production grade product record with edge case variations.', 'c069af92-a6f8-43fb-93ab-fb621f03907f', 4365.66, '2026-01-20 04:17:55');
INSERT INTO ProductVariants (id, product_id, sku, attribute_name, attribute_value, inventory_count) VALUES ('8c6fcf12-6849-403e-887d-28745d8d60e7', '069770ca-76b1-45e1-a0ed-9793e9635cfb', 'SKU-B673B0C0', 'Size', 'Small', 392);
INSERT INTO ProductVariants (id, product_id, sku, attribute_name, attribute_value, inventory_count) VALUES ('e009a622-78a2-432b-ae8c-b9dfc61df511', '069770ca-76b1-45e1-a0ed-9793e9635cfb', 'SKU-C1E1F0B7', 'Size', 'Large', 743);
INSERT INTO Products (id, name, description, category_id, base_price, created_at) VALUES ('3527ad4e-2904-452e-9215-22867e37e14e', 'Module-93 Premium Item', 'Production grade product record with edge case variations.', '4001301b-874d-4ea1-874a-bbee43b3a47d', 2721.61, '2026-01-14 04:17:55');
INSERT INTO ProductVariants (id, product_id, sku, attribute_name, attribute_value, inventory_count) VALUES ('7acd2b95-9381-4ca0-827b-aa821640f8e7', '3527ad4e-2904-452e-9215-22867e37e14e', 'SKU-0EF68864', 'Size', 'Small', 41);
INSERT INTO ProductVariants (id, product_id, sku, attribute_name, attribute_value, inventory_count) VALUES ('92da38f6-2f89-4804-8a61-4c1e66947210', '3527ad4e-2904-452e-9215-22867e37e14e', 'SKU-FE673514', 'Size', 'Large', 804);
INSERT INTO Products (id, name, description, category_id, base_price, created_at) VALUES ('c235813e-a018-441a-b57b-290a3c54be56', 'Module-94 Premium Item', 'Production grade product record with edge case variations.', 'cbd311c1-2373-4bb9-a47b-1dc42ca7499e', 1879.74, '2026-03-12 04:17:55');
INSERT INTO ProductVariants (id, product_id, sku, attribute_name, attribute_value, inventory_count) VALUES ('f0cde506-82de-4462-b3c6-af23e3733231', 'c235813e-a018-441a-b57b-290a3c54be56', 'SKU-D14A52B7', 'Size', 'Small', 813);
INSERT INTO ProductVariants (id, product_id, sku, attribute_name, attribute_value, inventory_count) VALUES ('aa3da508-7e4f-4f0e-b5ea-47b9344445d5', 'c235813e-a018-441a-b57b-290a3c54be56', 'SKU-CB52896E', 'Size', 'Large', 10);
INSERT INTO Products (id, name, description, category_id, base_price, created_at) VALUES ('65571d32-e3dd-46cb-a382-9242b854ee6c', 'Module-95 Premium Item', 'Production grade product record with edge case variations.', '6c338540-9155-425d-9d4a-1dfa7322850d', 1535.53, '2026-02-09 04:17:55');
INSERT INTO ProductVariants (id, product_id, sku, attribute_name, attribute_value, inventory_count) VALUES ('a294140f-f7cc-446d-938c-c161056ed01b', '65571d32-e3dd-46cb-a382-9242b854ee6c', 'SKU-FB86135B', 'Size', 'Small', 913);
INSERT INTO ProductVariants (id, product_id, sku, attribute_name, attribute_value, inventory_count) VALUES ('4259bdd9-b922-4449-a81d-2ccb169a598b', '65571d32-e3dd-46cb-a382-9242b854ee6c', 'SKU-67C04B7E', 'Size', 'Large', 864);
INSERT INTO Products (id, name, description, category_id, base_price, created_at) VALUES ('e7a2f468-8207-4296-8d69-7bef96452b70', 'Module-96 Premium Item', 'Production grade product record with edge case variations.', 'd839bf40-8d5f-4c70-a2d5-879f95ef1433', 3377.55, '2026-01-26 04:17:55');
INSERT INTO ProductVariants (id, product_id, sku, attribute_name, attribute_value, inventory_count) VALUES ('9421614d-9c4c-4050-96a9-e10f6f443582', 'e7a2f468-8207-4296-8d69-7bef96452b70', 'SKU-D3D536B5', 'Size', 'Small', 948);
INSERT INTO ProductVariants (id, product_id, sku, attribute_name, attribute_value, inventory_count) VALUES ('30ca761e-5307-45be-b9b4-fc903bf84e53', 'e7a2f468-8207-4296-8d69-7bef96452b70', 'SKU-8F41139D', 'Size', 'Large', 821);
INSERT INTO Products (id, name, description, category_id, base_price, created_at) VALUES ('7587a3bb-676d-4b31-9989-b7f9a455a37e', 'Module-97 Premium Item', 'Production grade product record with edge case variations.', '95078d8e-5417-4102-a6a3-da17c38bdb13', 3812.94, '2026-02-08 04:17:55');
INSERT INTO ProductVariants (id, product_id, sku, attribute_name, attribute_value, inventory_count) VALUES ('28d1987b-6eb8-4bae-b91d-8137b00af852', '7587a3bb-676d-4b31-9989-b7f9a455a37e', 'SKU-1C212924', 'Size', 'Small', 345);
INSERT INTO ProductVariants (id, product_id, sku, attribute_name, attribute_value, inventory_count) VALUES ('c1e56c6b-ac19-4663-9804-fb72dbe8e41e', '7587a3bb-676d-4b31-9989-b7f9a455a37e', 'SKU-5C7DDC5E', 'Size', 'Large', 349);
INSERT INTO Products (id, name, description, category_id, base_price, created_at) VALUES ('c53b1b90-0fa8-4fd2-bde5-fc6bdb7c1e1b', 'Module-98 Premium Item', 'Production grade product record with edge case variations.', '780b32aa-dbe0-4c61-96e8-f33d449d8872', 789.87, '2026-01-09 04:17:55');
INSERT INTO ProductVariants (id, product_id, sku, attribute_name, attribute_value, inventory_count) VALUES ('70e6c985-56dd-433d-a9e3-efa674ac39db', 'c53b1b90-0fa8-4fd2-bde5-fc6bdb7c1e1b', 'SKU-0A7A2A97', 'Size', 'Small', 334);
INSERT INTO ProductVariants (id, product_id, sku, attribute_name, attribute_value, inventory_count) VALUES ('2557e127-9af8-4e51-8203-6f10a07087c5', 'c53b1b90-0fa8-4fd2-bde5-fc6bdb7c1e1b', 'SKU-F4CF2FBA', 'Size', 'Large', 870);
INSERT INTO Products (id, name, description, category_id, base_price, created_at) VALUES ('0c208476-dc50-4a69-b6e1-bd9016796f7d', 'Module-99 Premium Item', 'Production grade product record with edge case variations.', 'cbd311c1-2373-4bb9-a47b-1dc42ca7499e', 2041.76, '2026-02-19 04:17:55');
INSERT INTO ProductVariants (id, product_id, sku, attribute_name, attribute_value, inventory_count) VALUES ('b3353718-1ec2-4de7-973a-8281bc44cef4', '0c208476-dc50-4a69-b6e1-bd9016796f7d', 'SKU-67BDA33D', 'Size', 'Small', 476);
INSERT INTO ProductVariants (id, product_id, sku, attribute_name, attribute_value, inventory_count) VALUES ('5e46a972-ec31-4c56-8fa0-4eb988359ad1', '0c208476-dc50-4a69-b6e1-bd9016796f7d', 'SKU-641FEF60', 'Size', 'Large', 210);
INSERT INTO Products (id, name, description, category_id, base_price, created_at) VALUES ('4245e904-2a29-4501-acaa-22f7bec398a3', 'Module-100 Premium Item', 'Production grade product record with edge case variations.', '780b32aa-dbe0-4c61-96e8-f33d449d8872', 2656.18, '2026-01-18 04:17:55');
INSERT INTO ProductVariants (id, product_id, sku, attribute_name, attribute_value, inventory_count) VALUES ('2a2d44a2-0b1e-4670-bf1d-2c6d92607963', '4245e904-2a29-4501-acaa-22f7bec398a3', 'SKU-0C8BBA56', 'Size', 'Small', 563);
INSERT INTO ProductVariants (id, product_id, sku, attribute_name, attribute_value, inventory_count) VALUES ('2694dba4-3b1a-4244-918d-78e9d8e013a0', '4245e904-2a29-4501-acaa-22f7bec398a3', 'SKU-4DD8F89C', 'Size', 'Large', 0);
INSERT INTO Products (id, name, description, category_id, base_price, created_at) VALUES ('dcbdf3ce-7eb4-4694-b48d-98afc0c75895', 'Module-101 Premium Item', 'Production grade product record with edge case variations.', 'd839bf40-8d5f-4c70-a2d5-879f95ef1433', 1345.01, '2026-02-25 04:17:55');
INSERT INTO ProductVariants (id, product_id, sku, attribute_name, attribute_value, inventory_count) VALUES ('18a614e1-c25d-410f-9741-69fa00aa12ff', 'dcbdf3ce-7eb4-4694-b48d-98afc0c75895', 'SKU-9DB60D64', 'Size', 'Small', 876);
INSERT INTO ProductVariants (id, product_id, sku, attribute_name, attribute_value, inventory_count) VALUES ('6c1dc3af-27d9-4320-987a-56122d188212', 'dcbdf3ce-7eb4-4694-b48d-98afc0c75895', 'SKU-DFE52A92', 'Size', 'Large', 983);
INSERT INTO Products (id, name, description, category_id, base_price, created_at) VALUES ('cd0b8b0e-f526-4798-bc74-4238819b1d75', 'Module-102 Premium Item', 'Production grade product record with edge case variations.', '6c338540-9155-425d-9d4a-1dfa7322850d', 4664.31, '2026-02-25 04:17:55');
INSERT INTO ProductVariants (id, product_id, sku, attribute_name, attribute_value, inventory_count) VALUES ('aa800bbd-aafd-4912-8bdf-a6a1ebc464e3', 'cd0b8b0e-f526-4798-bc74-4238819b1d75', 'SKU-AB2E716A', 'Size', 'Small', 46);
INSERT INTO ProductVariants (id, product_id, sku, attribute_name, attribute_value, inventory_count) VALUES ('e2b3a029-802a-4022-b3fd-dd97efe5559e', 'cd0b8b0e-f526-4798-bc74-4238819b1d75', 'SKU-40A0C69E', 'Size', 'Large', 86);
INSERT INTO Products (id, name, description, category_id, base_price, created_at) VALUES ('01ad9202-0e28-4776-9a34-b7c8e3a75236', 'Module-103 Premium Item', 'Production grade product record with edge case variations.', 'c069af92-a6f8-43fb-93ab-fb621f03907f', 2325.26, '2026-04-02 04:17:55');
INSERT INTO ProductVariants (id, product_id, sku, attribute_name, attribute_value, inventory_count) VALUES ('55cbfb32-cf12-4fcc-9238-e568e966b252', '01ad9202-0e28-4776-9a34-b7c8e3a75236', 'SKU-D680A2C0', 'Size', 'Small', 736);
INSERT INTO ProductVariants (id, product_id, sku, attribute_name, attribute_value, inventory_count) VALUES ('17a815b4-dac2-44ed-9eeb-3e92f86430e7', '01ad9202-0e28-4776-9a34-b7c8e3a75236', 'SKU-59B82B29', 'Size', 'Large', 909);
INSERT INTO Products (id, name, description, category_id, base_price, created_at) VALUES ('dc4d4adf-a375-4960-8372-225d26917a9a', 'Module-104 Premium Item', 'Production grade product record with edge case variations.', '6c338540-9155-425d-9d4a-1dfa7322850d', 617.28, '2026-01-02 04:17:55');
INSERT INTO ProductVariants (id, product_id, sku, attribute_name, attribute_value, inventory_count) VALUES ('aab16868-8a2d-4b5e-ac17-794be18879d6', 'dc4d4adf-a375-4960-8372-225d26917a9a', 'SKU-53B814AE', 'Size', 'Small', 76);
INSERT INTO ProductVariants (id, product_id, sku, attribute_name, attribute_value, inventory_count) VALUES ('238408a1-72f6-4ea6-9d23-c245c40111a1', 'dc4d4adf-a375-4960-8372-225d26917a9a', 'SKU-78504E07', 'Size', 'Large', 403);
INSERT INTO Products (id, name, description, category_id, base_price, created_at) VALUES ('407d1549-028f-45ae-b8fd-046141c6822a', 'Module-105 Premium Item', 'Production grade product record with edge case variations.', 'c069af92-a6f8-43fb-93ab-fb621f03907f', 1804.72, '2026-03-15 04:17:55');
INSERT INTO ProductVariants (id, product_id, sku, attribute_name, attribute_value, inventory_count) VALUES ('d87b3e2a-4e30-4002-8dbf-ff547c6a106f', '407d1549-028f-45ae-b8fd-046141c6822a', 'SKU-6F6D4A4B', 'Size', 'Small', 357);
INSERT INTO ProductVariants (id, product_id, sku, attribute_name, attribute_value, inventory_count) VALUES ('d70fafad-23c2-4102-9b35-d2cdf78425b5', '407d1549-028f-45ae-b8fd-046141c6822a', 'SKU-E39FE990', 'Size', 'Large', 648);
INSERT INTO Products (id, name, description, category_id, base_price, created_at) VALUES ('46bd3d91-5ad3-40a1-8b96-368b1ad74693', 'Module-106 Premium Item', 'Production grade product record with edge case variations.', 'cbd311c1-2373-4bb9-a47b-1dc42ca7499e', 4546.30, '2026-01-31 04:17:55');
INSERT INTO ProductVariants (id, product_id, sku, attribute_name, attribute_value, inventory_count) VALUES ('75c684e5-eb90-4c69-903e-3b2e1ddb008e', '46bd3d91-5ad3-40a1-8b96-368b1ad74693', 'SKU-C45CF2A3', 'Size', 'Small', 836);
INSERT INTO ProductVariants (id, product_id, sku, attribute_name, attribute_value, inventory_count) VALUES ('d63ac156-d03d-4263-9514-64f70a3b8ccb', '46bd3d91-5ad3-40a1-8b96-368b1ad74693', 'SKU-AC2241FF', 'Size', 'Large', 667);
INSERT INTO Products (id, name, description, category_id, base_price, created_at) VALUES ('e3270511-a9f1-4567-a858-fdbfc6488689', 'Module-107 Premium Item', 'Production grade product record with edge case variations.', 'c069af92-a6f8-43fb-93ab-fb621f03907f', 1697.62, '2025-12-28 04:17:55');
INSERT INTO ProductVariants (id, product_id, sku, attribute_name, attribute_value, inventory_count) VALUES ('8faffb8c-cdf8-4ed6-bd3c-71412d75ed65', 'e3270511-a9f1-4567-a858-fdbfc6488689', 'SKU-34515B4E', 'Size', 'Small', 819);
INSERT INTO ProductVariants (id, product_id, sku, attribute_name, attribute_value, inventory_count) VALUES ('8ca23f3b-233c-431d-8a24-631c1c3e1556', 'e3270511-a9f1-4567-a858-fdbfc6488689', 'SKU-5A946B41', 'Size', 'Large', 37);
INSERT INTO Products (id, name, description, category_id, base_price, created_at) VALUES ('f401d7c1-69a8-4073-a269-341ce6d9423b', 'Module-108 Premium Item', 'Production grade product record with edge case variations.', '4001301b-874d-4ea1-874a-bbee43b3a47d', 714.33, '2026-02-25 04:17:55');
INSERT INTO ProductVariants (id, product_id, sku, attribute_name, attribute_value, inventory_count) VALUES ('691ec899-ea98-479c-abd0-b9c76ec16271', 'f401d7c1-69a8-4073-a269-341ce6d9423b', 'SKU-792B7D3A', 'Size', 'Small', 643);
INSERT INTO ProductVariants (id, product_id, sku, attribute_name, attribute_value, inventory_count) VALUES ('c7c9dcbf-ecd6-45af-93f2-694954bf05cc', 'f401d7c1-69a8-4073-a269-341ce6d9423b', 'SKU-D6866EF6', 'Size', 'Large', 146);
INSERT INTO Products (id, name, description, category_id, base_price, created_at) VALUES ('17ed8c1a-d854-4614-abf2-9382e2f4829a', 'Module-109 Premium Item', 'Production grade product record with edge case variations.', 'c069af92-a6f8-43fb-93ab-fb621f03907f', 3656.30, '2026-04-03 04:17:55');
INSERT INTO ProductVariants (id, product_id, sku, attribute_name, attribute_value, inventory_count) VALUES ('a23cca61-68ff-447d-a0c3-db1afecccde2', '17ed8c1a-d854-4614-abf2-9382e2f4829a', 'SKU-51553825', 'Size', 'Small', 36);
INSERT INTO ProductVariants (id, product_id, sku, attribute_name, attribute_value, inventory_count) VALUES ('7e6b7164-fb24-4778-bf74-838e223f3095', '17ed8c1a-d854-4614-abf2-9382e2f4829a', 'SKU-5BBB7D09', 'Size', 'Large', 877);
INSERT INTO Products (id, name, description, category_id, base_price, created_at) VALUES ('d1670013-5869-4e0c-80d6-23364891db5c', 'Module-110 Premium Item', 'Production grade product record with edge case variations.', 'cbd311c1-2373-4bb9-a47b-1dc42ca7499e', 2572.28, '2026-02-15 04:17:55');
INSERT INTO ProductVariants (id, product_id, sku, attribute_name, attribute_value, inventory_count) VALUES ('ce3901cd-89d0-4bc4-a3c1-8511caef223b', 'd1670013-5869-4e0c-80d6-23364891db5c', 'SKU-06B6B684', 'Size', 'Small', 939);
INSERT INTO ProductVariants (id, product_id, sku, attribute_name, attribute_value, inventory_count) VALUES ('a0cb61dd-c321-4212-bc5d-f8b891386e65', 'd1670013-5869-4e0c-80d6-23364891db5c', 'SKU-F2D5C44C', 'Size', 'Large', 446);
INSERT INTO Products (id, name, description, category_id, base_price, created_at) VALUES ('f6e8db96-1817-45a9-b10b-ac51aee395d5', 'Module-111 Premium Item', 'Production grade product record with edge case variations.', 'cbd311c1-2373-4bb9-a47b-1dc42ca7499e', 3967.04, '2025-12-27 04:17:55');
INSERT INTO ProductVariants (id, product_id, sku, attribute_name, attribute_value, inventory_count) VALUES ('e85d33a0-8d36-409a-9273-19a740aa0fca', 'f6e8db96-1817-45a9-b10b-ac51aee395d5', 'SKU-9587B4D8', 'Size', 'Small', 160);
INSERT INTO ProductVariants (id, product_id, sku, attribute_name, attribute_value, inventory_count) VALUES ('a0c61e03-caa8-4b24-b653-b91d3d848929', 'f6e8db96-1817-45a9-b10b-ac51aee395d5', 'SKU-49010F00', 'Size', 'Large', 884);
INSERT INTO Products (id, name, description, category_id, base_price, created_at) VALUES ('fcad6c3b-045d-46a2-9512-71d4d64b9cc5', 'Module-112 Premium Item', 'Production grade product record with edge case variations.', '95078d8e-5417-4102-a6a3-da17c38bdb13', 3086.90, '2026-02-19 04:17:55');
INSERT INTO ProductVariants (id, product_id, sku, attribute_name, attribute_value, inventory_count) VALUES ('575c5b90-3041-42c1-aabc-5137e4f16dcf', 'fcad6c3b-045d-46a2-9512-71d4d64b9cc5', 'SKU-6380A62C', 'Size', 'Small', 123);
INSERT INTO ProductVariants (id, product_id, sku, attribute_name, attribute_value, inventory_count) VALUES ('5718e744-82b9-4f68-8fe9-a7cf72e111f0', 'fcad6c3b-045d-46a2-9512-71d4d64b9cc5', 'SKU-0F0CE9FE', 'Size', 'Large', 825);
INSERT INTO Products (id, name, description, category_id, base_price, created_at) VALUES ('746355f1-d150-485a-bba8-7bf7f927af03', 'Module-113 Premium Item', 'Production grade product record with edge case variations.', 'cbd311c1-2373-4bb9-a47b-1dc42ca7499e', 485.41, '2026-03-15 04:17:55');
INSERT INTO ProductVariants (id, product_id, sku, attribute_name, attribute_value, inventory_count) VALUES ('e2c7bd90-1540-4fb9-8b16-95939bd290f2', '746355f1-d150-485a-bba8-7bf7f927af03', 'SKU-BD7EC069', 'Size', 'Small', 709);
INSERT INTO ProductVariants (id, product_id, sku, attribute_name, attribute_value, inventory_count) VALUES ('29bf7663-a54b-4a49-83a9-ae88b6eecd28', '746355f1-d150-485a-bba8-7bf7f927af03', 'SKU-A0634AFB', 'Size', 'Large', 662);
INSERT INTO Products (id, name, description, category_id, base_price, created_at) VALUES ('f283e059-ee31-4b83-97d6-10f173af01c5', 'Module-114 Premium Item', 'Production grade product record with edge case variations.', 'c069af92-a6f8-43fb-93ab-fb621f03907f', 2343.71, '2025-12-28 04:17:55');
INSERT INTO ProductVariants (id, product_id, sku, attribute_name, attribute_value, inventory_count) VALUES ('8bf8d71e-de1f-4f44-8f52-2e20c8a4cd99', 'f283e059-ee31-4b83-97d6-10f173af01c5', 'SKU-37DED4F0', 'Size', 'Small', 19);
INSERT INTO ProductVariants (id, product_id, sku, attribute_name, attribute_value, inventory_count) VALUES ('d6f7d677-996b-4207-88f5-d55e57c3db32', 'f283e059-ee31-4b83-97d6-10f173af01c5', 'SKU-5076A3A3', 'Size', 'Large', 420);
INSERT INTO Products (id, name, description, category_id, base_price, created_at) VALUES ('ff95dc2d-3e4f-4c9e-81aa-57f44324b4fc', 'Module-115 Premium Item', 'Production grade product record with edge case variations.', '6c338540-9155-425d-9d4a-1dfa7322850d', 1015.31, '2026-03-01 04:17:55');
INSERT INTO ProductVariants (id, product_id, sku, attribute_name, attribute_value, inventory_count) VALUES ('7cc98262-282f-42eb-baa1-dd90d137b5fd', 'ff95dc2d-3e4f-4c9e-81aa-57f44324b4fc', 'SKU-F792B644', 'Size', 'Small', 775);
INSERT INTO ProductVariants (id, product_id, sku, attribute_name, attribute_value, inventory_count) VALUES ('8ad9886f-2656-4752-8174-8d537abe00f2', 'ff95dc2d-3e4f-4c9e-81aa-57f44324b4fc', 'SKU-A9C8E1BC', 'Size', 'Large', 8);
INSERT INTO Products (id, name, description, category_id, base_price, created_at) VALUES ('e15de4bd-c227-46ee-bd9a-ab8e0b39749c', 'Module-116 Premium Item', 'Production grade product record with edge case variations.', '6c338540-9155-425d-9d4a-1dfa7322850d', 4374.04, '2026-02-23 04:17:55');
INSERT INTO ProductVariants (id, product_id, sku, attribute_name, attribute_value, inventory_count) VALUES ('0131d836-84b1-43b8-8dd5-38677845033c', 'e15de4bd-c227-46ee-bd9a-ab8e0b39749c', 'SKU-CBC61B60', 'Size', 'Small', 282);
INSERT INTO ProductVariants (id, product_id, sku, attribute_name, attribute_value, inventory_count) VALUES ('1772e0df-ab94-44ff-b35d-c70afb1670ab', 'e15de4bd-c227-46ee-bd9a-ab8e0b39749c', 'SKU-5E99EE32', 'Size', 'Large', 221);
INSERT INTO Products (id, name, description, category_id, base_price, created_at) VALUES ('7432525a-6e45-43b2-9f0c-56fa3eaeeab3', 'Module-117 Premium Item', 'Production grade product record with edge case variations.', 'cbd311c1-2373-4bb9-a47b-1dc42ca7499e', 2559.30, '2026-01-21 04:17:55');
INSERT INTO ProductVariants (id, product_id, sku, attribute_name, attribute_value, inventory_count) VALUES ('2543bc37-7800-422a-ae90-79414899ff21', '7432525a-6e45-43b2-9f0c-56fa3eaeeab3', 'SKU-77886C79', 'Size', 'Small', 760);
INSERT INTO ProductVariants (id, product_id, sku, attribute_name, attribute_value, inventory_count) VALUES ('7ef6110e-6a83-4c26-9d03-cfdeb3df3c60', '7432525a-6e45-43b2-9f0c-56fa3eaeeab3', 'SKU-F162FC9D', 'Size', 'Large', 842);
INSERT INTO Products (id, name, description, category_id, base_price, created_at) VALUES ('e78bc9ed-ee17-4ca9-bbd7-2761e9651067', 'Module-118 Premium Item', 'Production grade product record with edge case variations.', '6c338540-9155-425d-9d4a-1dfa7322850d', 691.95, '2026-03-04 04:17:55');
INSERT INTO ProductVariants (id, product_id, sku, attribute_name, attribute_value, inventory_count) VALUES ('f357e0bb-914c-486a-a939-b21cec25bce2', 'e78bc9ed-ee17-4ca9-bbd7-2761e9651067', 'SKU-861EEE61', 'Size', 'Small', 142);
INSERT INTO ProductVariants (id, product_id, sku, attribute_name, attribute_value, inventory_count) VALUES ('2d9a0f93-0c6a-4e81-ab30-ffc4d155ec4c', 'e78bc9ed-ee17-4ca9-bbd7-2761e9651067', 'SKU-F51CD8EE', 'Size', 'Large', 411);
INSERT INTO Products (id, name, description, category_id, base_price, created_at) VALUES ('5e7966e7-3de7-4c50-8f52-20dc2d90ab0d', 'Module-119 Premium Item', 'Production grade product record with edge case variations.', '95078d8e-5417-4102-a6a3-da17c38bdb13', 1802.94, '2026-01-19 04:17:55');
INSERT INTO ProductVariants (id, product_id, sku, attribute_name, attribute_value, inventory_count) VALUES ('e2011c4c-80c2-4b60-b27e-186782ee72c8', '5e7966e7-3de7-4c50-8f52-20dc2d90ab0d', 'SKU-4ABB7469', 'Size', 'Small', 668);
INSERT INTO ProductVariants (id, product_id, sku, attribute_name, attribute_value, inventory_count) VALUES ('0917fd5a-dc99-43f9-8601-222be46de996', '5e7966e7-3de7-4c50-8f52-20dc2d90ab0d', 'SKU-D3488478', 'Size', 'Large', 63);
INSERT INTO Orders (id, user_id, status, total_amount, currency, created_at) VALUES ('ab9e49c9-7704-4fec-9ea6-d7fba3ca4788', NULL, 'cancelled', 185.95, 'JPY', '2026-03-29 04:17:55');
INSERT INTO OrderItems (id, order_id, product_id, variant_id, quantity, unit_price) VALUES ('b8068552-d70e-48c0-bd39-d6ec3af138fc', 'ab9e49c9-7704-4fec-9ea6-d7fba3ca4788', '46bd3d91-5ad3-40a1-8b96-368b1ad74693', 'ff14cffb-0196-41a2-8799-d35cb089a994', 1, 100.00);
INSERT INTO Payments (id, order_id, transaction_id, provider, status, amount) VALUES ('c0316797-cd07-4f73-be50-304990c65b3f', 'ab9e49c9-7704-4fec-9ea6-d7fba3ca4788', 'TX-E3F1203A-8AE', 'Stripe', 'success', 185.95);
INSERT INTO Orders (id, user_id, status, total_amount, currency, created_at) VALUES ('dacdd9f6-4f54-4e88-9def-a0a2272d4177', NULL, 'cancelled', 2493.25, 'JPY', '2026-03-10 04:17:55');
INSERT INTO OrderItems (id, order_id, product_id, variant_id, quantity, unit_price) VALUES ('2e8e7777-7df8-471d-ab9e-837051062ca9', 'dacdd9f6-4f54-4e88-9def-a0a2272d4177', '296b27c5-5bbf-44ba-8bf9-74038268fe71', 'b3df4875-5a21-496e-8e85-490dae007c69', 4, 100.00);
INSERT INTO OrderItems (id, order_id, product_id, variant_id, quantity, unit_price) VALUES ('af09413a-59e8-40f5-85c2-863a6aa74d01', 'dacdd9f6-4f54-4e88-9def-a0a2272d4177', '80f6d6c7-c41b-4784-bd5f-1fd35bd3e45b', 'dde49980-010b-4f44-81a7-f893e0625c43', 4, 100.00);
INSERT INTO Payments (id, order_id, transaction_id, provider, status, amount) VALUES ('4a7f9968-8650-400c-b81b-12940518adc5', 'dacdd9f6-4f54-4e88-9def-a0a2272d4177', 'TX-830A6B08-D52', 'Stripe', 'success', 2493.25);
INSERT INTO Orders (id, user_id, status, total_amount, currency, created_at) VALUES ('e023bb0b-97be-406b-b348-9ad11f806bf9', NULL, 'cancelled', 3422.53, 'EUR', '2026-03-19 04:17:55');
INSERT INTO OrderItems (id, order_id, product_id, variant_id, quantity, unit_price) VALUES ('6e9be837-94c7-43c8-b331-572d0d730bd6', 'e023bb0b-97be-406b-b348-9ad11f806bf9', '3a30c4ab-1664-49dd-91e3-d97527dec6ff', '5629de35-18f3-4682-b145-ee924f96c0b1', 3, 100.00);
INSERT INTO Payments (id, order_id, transaction_id, provider, status, amount) VALUES ('c924d385-1743-4bec-88bb-4b7880bd7988', 'e023bb0b-97be-406b-b348-9ad11f806bf9', 'TX-A7FBE32F-64D', 'Stripe', 'processing', 3422.53);
INSERT INTO Orders (id, user_id, status, total_amount, currency, created_at) VALUES ('060db044-d63c-439e-9dbb-95a2a70d96da', NULL, 'refunded', 4499.13, 'INR', '2026-03-25 04:17:55');
INSERT INTO OrderItems (id, order_id, product_id, variant_id, quantity, unit_price) VALUES ('36e282ec-4024-4d60-9f02-55782e7304c4', '060db044-d63c-439e-9dbb-95a2a70d96da', '99f7c518-f1f0-45ed-882e-50c854c3bca2', 'e3ad9962-3827-49c6-9a41-5c19e49c3560', 3, 100.00);
INSERT INTO OrderItems (id, order_id, product_id, variant_id, quantity, unit_price) VALUES ('e91e7e77-d908-41c3-8dbb-b565baa8b9ca', '060db044-d63c-439e-9dbb-95a2a70d96da', '6f229bab-6e7a-427c-ac63-dad3af0c5e50', '1bf3e644-d008-48c3-ac71-3f8d15cac17e', 5, 100.00);
INSERT INTO OrderItems (id, order_id, product_id, variant_id, quantity, unit_price) VALUES ('8142f9fc-4946-4838-b283-d4a6f66ac9e4', '060db044-d63c-439e-9dbb-95a2a70d96da', '06db2942-332c-4e11-933a-2fc37e039986', '47119ba9-1ec3-4054-af4e-bba6b0845fea', 3, 100.00);
INSERT INTO OrderItems (id, order_id, product_id, variant_id, quantity, unit_price) VALUES ('bc093fe5-1994-4056-a8e0-56e643160e25', '060db044-d63c-439e-9dbb-95a2a70d96da', '86629150-2e6a-4220-9fab-d82816488866', '28bedb99-7b79-4c91-9ff2-482ab8faac85', 4, 100.00);
INSERT INTO Payments (id, order_id, transaction_id, provider, status, amount) VALUES ('97a617c3-14d9-4731-8864-13ac2e21052c', '060db044-d63c-439e-9dbb-95a2a70d96da', 'TX-29CB4A17-CA9', 'Stripe', 'processing', 4499.13);
INSERT INTO Orders (id, user_id, status, total_amount, currency, created_at) VALUES ('78ae2de6-fd92-40d0-8297-bb1677676db4', NULL, 'refunded', 5965.69, 'INR', '2026-03-13 04:17:55');
INSERT INTO OrderItems (id, order_id, product_id, variant_id, quantity, unit_price) VALUES ('a7ee50f0-4f68-4714-8c45-6ada15a955a0', '78ae2de6-fd92-40d0-8297-bb1677676db4', 'cdf0e73c-7bd0-4e29-a85a-e98622eea37f', '02365730-6877-4a1a-a504-896f628dc793', 4, 100.00);
INSERT INTO OrderItems (id, order_id, product_id, variant_id, quantity, unit_price) VALUES ('d26ee17b-bef0-48c8-8ece-71cb77f4a642', '78ae2de6-fd92-40d0-8297-bb1677676db4', '5548956d-e4a6-4855-b44f-f7612b72b708', '0c76772a-36f9-45fb-83fd-b20f41adc857', 3, 100.00);
INSERT INTO Payments (id, order_id, transaction_id, provider, status, amount) VALUES ('12723342-5c86-48d5-87c5-99c2aff7ea7d', '78ae2de6-fd92-40d0-8297-bb1677676db4', 'TX-32089510-1EC', 'Stripe', 'failed', 5965.69);
INSERT INTO Orders (id, user_id, status, total_amount, currency, created_at) VALUES ('4ee81842-ae9c-460a-b764-f13e681b91e4', NULL, 'completed', 6878.50, 'GBP', '2026-03-23 04:17:55');
INSERT INTO OrderItems (id, order_id, product_id, variant_id, quantity, unit_price) VALUES ('7996ee2d-5f96-4fc2-826a-77d271de0259', '4ee81842-ae9c-460a-b764-f13e681b91e4', 'e7a2f468-8207-4296-8d69-7bef96452b70', '2c197dfb-5abe-4de2-803d-5a4a7660ad9d', 2, 100.00);
INSERT INTO Payments (id, order_id, transaction_id, provider, status, amount) VALUES ('a0ff5cd5-c4e7-4d98-8812-4829ff028aea', '4ee81842-ae9c-460a-b764-f13e681b91e4', 'TX-16925627-792', 'Stripe', 'failed', 6878.50);
INSERT INTO Orders (id, user_id, status, total_amount, currency, created_at) VALUES ('e1056042-3336-4b58-818d-46cf77e66c47', NULL, 'refunded', 405.92, 'JPY', '2026-03-24 04:17:55');
INSERT INTO OrderItems (id, order_id, product_id, variant_id, quantity, unit_price) VALUES ('48fbe851-cc70-482f-aad6-ddf17cdd1594', 'e1056042-3336-4b58-818d-46cf77e66c47', '389c5938-f935-4163-a8c6-104b4642dcac', 'd559830c-f260-47bc-a13b-43694dfa850e', 2, 100.00);
INSERT INTO OrderItems (id, order_id, product_id, variant_id, quantity, unit_price) VALUES ('d2f501cb-1a8f-42fd-a43b-4eafa6881f5c', 'e1056042-3336-4b58-818d-46cf77e66c47', '80f6d6c7-c41b-4784-bd5f-1fd35bd3e45b', 'e9f6504a-6d19-468e-873e-be957af63331', 5, 100.00);
INSERT INTO OrderItems (id, order_id, product_id, variant_id, quantity, unit_price) VALUES ('d65668e2-07cb-42d5-bedf-5c171cd68c30', 'e1056042-3336-4b58-818d-46cf77e66c47', 'cd0b8b0e-f526-4798-bc74-4238819b1d75', 'f150fdf5-31b5-4a34-b3cd-8bbad41281f8', 1, 100.00);
INSERT INTO OrderItems (id, order_id, product_id, variant_id, quantity, unit_price) VALUES ('86679251-ddf0-4655-8438-8c2b125c37c2', 'e1056042-3336-4b58-818d-46cf77e66c47', 'e17a8a3c-6b94-4190-a1bb-ac6f190c2572', 'e3ad9962-3827-49c6-9a41-5c19e49c3560', 3, 100.00);
INSERT INTO Payments (id, order_id, transaction_id, provider, status, amount) VALUES ('e97a2cf2-3c95-484e-a6cb-2aff6221fca6', 'e1056042-3336-4b58-818d-46cf77e66c47', 'TX-BC76E9FB-1D4', 'Stripe', 'failed', 405.92);
INSERT INTO Orders (id, user_id, status, total_amount, currency, created_at) VALUES ('038495d0-2d59-4c42-a5da-bd2bce97f2cb', NULL, 'completed', 6707.98, 'EUR', '2026-03-21 04:17:55');
INSERT INTO OrderItems (id, order_id, product_id, variant_id, quantity, unit_price) VALUES ('16da46b9-469e-44f4-94ff-deb4f1a6a7bb', '038495d0-2d59-4c42-a5da-bd2bce97f2cb', 'da3fd9b3-53fb-44d3-9b10-74523084406f', '884cfa7f-3573-47c1-adce-334437e55262', 3, 100.00);
INSERT INTO OrderItems (id, order_id, product_id, variant_id, quantity, unit_price) VALUES ('24a7341a-2d0c-4e06-a9d5-af1971d0b8ab', '038495d0-2d59-4c42-a5da-bd2bce97f2cb', '44770228-9a29-4ad4-9704-b2ee30a48346', 'da618f4d-e187-46c0-820e-57f5cdd7e443', 4, 100.00);
INSERT INTO OrderItems (id, order_id, product_id, variant_id, quantity, unit_price) VALUES ('149ff2d7-c8dd-4202-8a81-4b77b6743401', '038495d0-2d59-4c42-a5da-bd2bce97f2cb', 'da3fd9b3-53fb-44d3-9b10-74523084406f', '5fa32add-00b5-4495-8736-e2c99dbe2206', 1, 100.00);
INSERT INTO Payments (id, order_id, transaction_id, provider, status, amount) VALUES ('6ce169cc-b544-402c-b259-71d45b9d6bfe', '038495d0-2d59-4c42-a5da-bd2bce97f2cb', 'TX-9E00209E-A6E', 'Stripe', 'refunded', 6707.98);
INSERT INTO Orders (id, user_id, status, total_amount, currency, created_at) VALUES ('8053ec48-8acd-44dd-8146-9e5d709cea52', NULL, 'pending', 446.70, 'INR', '2026-03-06 04:17:55');
INSERT INTO OrderItems (id, order_id, product_id, variant_id, quantity, unit_price) VALUES ('9dfd8d79-549f-4744-a3d2-dc8cd0ebac18', '8053ec48-8acd-44dd-8146-9e5d709cea52', '069770ca-76b1-45e1-a0ed-9793e9635cfb', '1e113a10-9c17-49ed-8eba-01085d810f0b', 1, 100.00);
INSERT INTO Payments (id, order_id, transaction_id, provider, status, amount) VALUES ('0bf338e0-1ffd-41fa-8b90-d811f0829610', '8053ec48-8acd-44dd-8146-9e5d709cea52', 'TX-CF0D2FC9-A39', 'Stripe', 'success', 446.70);
INSERT INTO Orders (id, user_id, status, total_amount, currency, created_at) VALUES ('e5484b76-73dc-42f0-87d5-63fc5bc6100e', NULL, 'failed', 6237.50, 'INR', '2026-03-13 04:17:55');
INSERT INTO OrderItems (id, order_id, product_id, variant_id, quantity, unit_price) VALUES ('4bc2cd77-dd04-4a83-8127-9dbca679377f', 'e5484b76-73dc-42f0-87d5-63fc5bc6100e', '73142b98-c3bf-44b6-a3d2-2ac58474d3e0', 'b8331e43-995f-4133-9a77-ee4b49021fea', 1, 100.00);
INSERT INTO OrderItems (id, order_id, product_id, variant_id, quantity, unit_price) VALUES ('f978f056-4a7b-439e-995d-abf8c67aae06', 'e5484b76-73dc-42f0-87d5-63fc5bc6100e', '5a86a87d-f357-4eb8-8769-ff1fa582fdc0', '3a72be07-9669-4859-b936-eaa63554694f', 5, 100.00);
INSERT INTO OrderItems (id, order_id, product_id, variant_id, quantity, unit_price) VALUES ('b744a01b-5a1b-4aef-a4b4-34f4180d524e', 'e5484b76-73dc-42f0-87d5-63fc5bc6100e', 'd7e85441-3716-4dc0-910c-27b79238b091', '28bedb99-7b79-4c91-9ff2-482ab8faac85', 1, 100.00);
INSERT INTO OrderItems (id, order_id, product_id, variant_id, quantity, unit_price) VALUES ('7af20173-5e83-4b7a-93d5-9bae8d1fc9b8', 'e5484b76-73dc-42f0-87d5-63fc5bc6100e', 'c838d358-b4eb-4a7d-8b1a-5be5263805d1', 'c7c9dcbf-ecd6-45af-93f2-694954bf05cc', 2, 100.00);
INSERT INTO Payments (id, order_id, transaction_id, provider, status, amount) VALUES ('6b3db329-f6ba-4e41-81ed-007035b44233', 'e5484b76-73dc-42f0-87d5-63fc5bc6100e', 'TX-E2A83D17-DBD', 'Stripe', 'success', 6237.50);
INSERT INTO Orders (id, user_id, status, total_amount, currency, created_at) VALUES ('4cee7a4c-b02e-45cd-9b99-e5ceca4d92a9', NULL, 'cancelled', 3511.35, 'AUD', '2026-04-04 04:17:55');
INSERT INTO OrderItems (id, order_id, product_id, variant_id, quantity, unit_price) VALUES ('1bc12b05-ad31-4244-b3ac-8e6a3e71b57e', '4cee7a4c-b02e-45cd-9b99-e5ceca4d92a9', 'c5e7734c-6749-4292-b0b8-35d17464ddfd', 'a766dddd-26c0-4a93-8041-c13d1e8f8e3a', 2, 100.00);
INSERT INTO OrderItems (id, order_id, product_id, variant_id, quantity, unit_price) VALUES ('1b446ebf-9086-45d5-9b83-9f6ba9caf6c2', '4cee7a4c-b02e-45cd-9b99-e5ceca4d92a9', 'c53b1b90-0fa8-4fd2-bde5-fc6bdb7c1e1b', '4d84ace0-8875-4c17-86b5-e4972b04783a', 4, 100.00);
INSERT INTO OrderItems (id, order_id, product_id, variant_id, quantity, unit_price) VALUES ('14ebd3cd-7b20-4bf9-be87-cf123685e4f0', '4cee7a4c-b02e-45cd-9b99-e5ceca4d92a9', 'd7e85441-3716-4dc0-910c-27b79238b091', '47119ba9-1ec3-4054-af4e-bba6b0845fea', 5, 100.00);
INSERT INTO OrderItems (id, order_id, product_id, variant_id, quantity, unit_price) VALUES ('950ee775-658d-41f3-a41e-986a35d3db91', '4cee7a4c-b02e-45cd-9b99-e5ceca4d92a9', 'd388a219-691c-439b-a08d-b7f2b8cdd956', '067e65b9-eeea-4d86-b6ee-7c9aed7acb5a', 2, 100.00);
INSERT INTO Payments (id, order_id, transaction_id, provider, status, amount) VALUES ('54eaea40-80c7-4d15-bc3a-59b76aa1b0f5', '4cee7a4c-b02e-45cd-9b99-e5ceca4d92a9', 'TX-047CE154-812', 'Stripe', 'failed', 3511.35);
INSERT INTO Orders (id, user_id, status, total_amount, currency, created_at) VALUES ('3103f37a-ca4f-403e-8b67-41746b65469a', 'a0cea2aa-50e9-4aef-b30f-62b3e9c442df', 'pending', 387.40, 'JPY', '2026-03-15 04:17:55');
INSERT INTO OrderItems (id, order_id, product_id, variant_id, quantity, unit_price) VALUES ('251d17cf-ded9-47d5-8cd3-383a5f027e24', '3103f37a-ca4f-403e-8b67-41746b65469a', '0dffb0f8-aad9-4814-8399-031d153b4b25', '0a0bdcdd-8a7c-4837-b7db-f2c4eade67c3', 3, 100.00);
INSERT INTO OrderItems (id, order_id, product_id, variant_id, quantity, unit_price) VALUES ('cf408708-5991-41ab-8a87-4fd9ded0dd3b', '3103f37a-ca4f-403e-8b67-41746b65469a', '01ad9202-0e28-4776-9a34-b7c8e3a75236', 'ac338301-d1b3-4b64-8940-27993fbc3165', 1, 100.00);
INSERT INTO OrderItems (id, order_id, product_id, variant_id, quantity, unit_price) VALUES ('c50fef58-5626-45ce-a40e-2aeac02fa72b', '3103f37a-ca4f-403e-8b67-41746b65469a', '974a1a9f-c5b3-4cd7-a6ea-0e3e0bb5723a', 'b3353718-1ec2-4de7-973a-8281bc44cef4', 5, 100.00);
INSERT INTO OrderItems (id, order_id, product_id, variant_id, quantity, unit_price) VALUES ('87f2ddc7-d113-4c9b-ba20-5519456e1d7b', '3103f37a-ca4f-403e-8b67-41746b65469a', '5dc7d2be-8170-406e-9bf2-4ba3b427e977', '2308292c-dcf0-4ae0-9a95-6cf0b2c7f0da', 5, 100.00);
INSERT INTO Payments (id, order_id, transaction_id, provider, status, amount) VALUES ('76935c75-e9b0-4d55-9458-4fd6ee98c367', '3103f37a-ca4f-403e-8b67-41746b65469a', 'TX-7933E3AC-D84', 'Stripe', 'refunded', 387.40);
INSERT INTO Orders (id, user_id, status, total_amount, currency, created_at) VALUES ('d3c5a4fd-4bd0-41ab-b4f8-77861d07c792', '4d100011-9113-4a30-91c9-c4cfdcdd09eb', 'cancelled', 6913.60, 'USD', '2026-03-19 04:17:55');
INSERT INTO OrderItems (id, order_id, product_id, variant_id, quantity, unit_price) VALUES ('feb2eaa8-dd4a-4e95-a1d4-9540ca21e26a', 'd3c5a4fd-4bd0-41ab-b4f8-77861d07c792', '99f7c518-f1f0-45ed-882e-50c854c3bca2', 'e2c7bd90-1540-4fb9-8b16-95939bd290f2', 4, 100.00);
INSERT INTO Payments (id, order_id, transaction_id, provider, status, amount) VALUES ('bd5e9268-6988-4ebc-bc8a-3fc8256f3ecf', 'd3c5a4fd-4bd0-41ab-b4f8-77861d07c792', 'TX-69571638-DB8', 'Stripe', 'refunded', 6913.60);
INSERT INTO Orders (id, user_id, status, total_amount, currency, created_at) VALUES ('7fc49819-3a82-4974-8309-1cc9febeb39f', 'f7372ac3-28e3-4e2b-b553-47c2368113a3', 'completed', 2927.51, 'USD', '2026-03-29 04:17:55');
INSERT INTO OrderItems (id, order_id, product_id, variant_id, quantity, unit_price) VALUES ('9ee4e3ec-915a-4086-b0d8-d17f11e4400a', '7fc49819-3a82-4974-8309-1cc9febeb39f', 'fcad6c3b-045d-46a2-9512-71d4d64b9cc5', 'f5de3a2c-8abc-4816-af04-31b42bb94130', 3, 100.00);
INSERT INTO OrderItems (id, order_id, product_id, variant_id, quantity, unit_price) VALUES ('25e3f76b-4689-46db-b3fa-f5f74de3e1ee', '7fc49819-3a82-4974-8309-1cc9febeb39f', 'dc4d4adf-a375-4960-8372-225d26917a9a', '087e139a-2983-43df-879d-9e27351e3d4b', 1, 100.00);
INSERT INTO Payments (id, order_id, transaction_id, provider, status, amount) VALUES ('e32a0eac-b875-4a91-abe5-5147b2789c89', '7fc49819-3a82-4974-8309-1cc9febeb39f', 'TX-F2988516-3CE', 'Stripe', 'processing', 2927.51);
INSERT INTO Orders (id, user_id, status, total_amount, currency, created_at) VALUES ('f60d6405-da7f-404a-b7ec-73e89cb30f70', '96689df8-9b10-4974-97c5-104c74beaecc', 'pending', 4652.79, 'JPY', '2026-04-03 04:17:55');
INSERT INTO OrderItems (id, order_id, product_id, variant_id, quantity, unit_price) VALUES ('92480d7e-9afe-43f1-a745-07313fcf23ee', 'f60d6405-da7f-404a-b7ec-73e89cb30f70', 'd1670013-5869-4e0c-80d6-23364891db5c', 'f15338cb-860f-451e-9eac-a92fb35a3724', 5, 100.00);
INSERT INTO Payments (id, order_id, transaction_id, provider, status, amount) VALUES ('07d8a59b-7f6a-4d32-9c25-a067c0ed1978', 'f60d6405-da7f-404a-b7ec-73e89cb30f70', 'TX-A9C64FD7-76A', 'Stripe', 'failed', 4652.79);
INSERT INTO Orders (id, user_id, status, total_amount, currency, created_at) VALUES ('01bff42f-a6d1-4389-8b79-aa1ba600b65b', '24b77445-ae1c-4e8c-a354-1fd99d144095', 'refunded', 839.39, 'USD', '2026-03-27 04:17:55');
INSERT INTO OrderItems (id, order_id, product_id, variant_id, quantity, unit_price) VALUES ('00192dc1-b106-48c8-9541-152fd4fc984d', '01bff42f-a6d1-4389-8b79-aa1ba600b65b', '8741d3af-56c6-48a9-926c-a64113be8a31', '38094c3b-4321-4da6-8e0b-6d523eecc787', 4, 100.00);
INSERT INTO OrderItems (id, order_id, product_id, variant_id, quantity, unit_price) VALUES ('a37a8647-27f9-4a4c-8e23-69d20f810245', '01bff42f-a6d1-4389-8b79-aa1ba600b65b', 'ffb95efe-2c6a-40a8-a5ae-b9884cea2a44', '6dfe0527-cb9d-49f6-91b9-78e846b35599', 3, 100.00);
INSERT INTO OrderItems (id, order_id, product_id, variant_id, quantity, unit_price) VALUES ('6f048124-e214-4d99-a7e7-389e0b5f9471', '01bff42f-a6d1-4389-8b79-aa1ba600b65b', 'a4f58fe6-3c00-45c9-ae95-0fb65eb35a5b', '33f44399-42ac-4395-9d6f-202bf2e41ab8', 1, 100.00);
INSERT INTO Payments (id, order_id, transaction_id, provider, status, amount) VALUES ('24d96246-7bb8-492f-8dbc-713f672ef83d', '01bff42f-a6d1-4389-8b79-aa1ba600b65b', 'TX-8724829A-82A', 'Stripe', 'failed', 839.39);
INSERT INTO Orders (id, user_id, status, total_amount, currency, created_at) VALUES ('1285c0ea-dbc0-4eaa-b6bc-360363dbeb16', 'a53a1616-40ae-42a3-8ee2-17390874cdd6', 'cancelled', 5975.82, 'AUD', '2026-03-22 04:17:55');
INSERT INTO OrderItems (id, order_id, product_id, variant_id, quantity, unit_price) VALUES ('fb899797-75af-4f44-a685-a06a2ad934bb', '1285c0ea-dbc0-4eaa-b6bc-360363dbeb16', 'd4bd628f-2985-46d2-b473-3d919539a8b7', '6ffad4bb-a951-4c43-a8e6-c445b26f9189', 2, 100.00);
INSERT INTO OrderItems (id, order_id, product_id, variant_id, quantity, unit_price) VALUES ('fabb2767-2ee7-46d1-abaf-0e09ed0b53c1', '1285c0ea-dbc0-4eaa-b6bc-360363dbeb16', 'fcad6c3b-045d-46a2-9512-71d4d64b9cc5', '4a720917-f52f-4de2-80c2-9deae8a0cef4', 5, 100.00);
INSERT INTO Payments (id, order_id, transaction_id, provider, status, amount) VALUES ('9528aec4-c0e6-4e49-b385-03151a325d6e', '1285c0ea-dbc0-4eaa-b6bc-360363dbeb16', 'TX-4F749489-6F7', 'Stripe', 'processing', 5975.82);
INSERT INTO Orders (id, user_id, status, total_amount, currency, created_at) VALUES ('4cad12a1-ac3b-4ece-939a-e122f2fb30e5', 'ebe6b0e5-c6b8-43b8-b3ef-14f67c854134', 'refunded', 3457.90, 'USD', '2026-03-24 04:17:55');
INSERT INTO OrderItems (id, order_id, product_id, variant_id, quantity, unit_price) VALUES ('6f26c92a-c1db-4a77-9737-b3659b44ab7c', '4cad12a1-ac3b-4ece-939a-e122f2fb30e5', '8741d3af-56c6-48a9-926c-a64113be8a31', '8bf8d71e-de1f-4f44-8f52-2e20c8a4cd99', 2, 100.00);
INSERT INTO Payments (id, order_id, transaction_id, provider, status, amount) VALUES ('9a955549-773c-44cb-afb7-5ff1cd1e6393', '4cad12a1-ac3b-4ece-939a-e122f2fb30e5', 'TX-8D7285B8-FFA', 'Stripe', 'refunded', 3457.90);
INSERT INTO Orders (id, user_id, status, total_amount, currency, created_at) VALUES ('2856d658-f9e6-42e2-a9ff-6e6578031921', 'de71788d-d93a-419b-a1f1-03c27e71cef7', 'completed', 1659.06, 'INR', '2026-03-15 04:17:55');
INSERT INTO OrderItems (id, order_id, product_id, variant_id, quantity, unit_price) VALUES ('3177e91e-bcc1-4ff3-bab2-3fb3f6003a43', '2856d658-f9e6-42e2-a9ff-6e6578031921', 'ba766299-87a3-4192-8310-8c22afb0eb33', 'a766dddd-26c0-4a93-8041-c13d1e8f8e3a', 3, 100.00);
INSERT INTO OrderItems (id, order_id, product_id, variant_id, quantity, unit_price) VALUES ('551a475c-2b6d-411d-951d-ff39ad6b5e20', '2856d658-f9e6-42e2-a9ff-6e6578031921', 'b9d51b0f-faa0-4ea0-98fc-14b31cf371a6', '4c2cfa9e-f2c5-4f0e-a06c-a74583781b0a', 2, 100.00);
INSERT INTO Payments (id, order_id, transaction_id, provider, status, amount) VALUES ('696a0187-62a1-40cc-9a57-4759b3489c44', '2856d658-f9e6-42e2-a9ff-6e6578031921', 'TX-595B095B-859', 'Stripe', 'processing', 1659.06);
INSERT INTO Orders (id, user_id, status, total_amount, currency, created_at) VALUES ('6184b4dd-2ca1-4eb0-b677-b2af5804c774', 'de71788d-d93a-419b-a1f1-03c27e71cef7', 'failed', 7629.17, 'USD', '2026-03-27 04:17:55');
INSERT INTO OrderItems (id, order_id, product_id, variant_id, quantity, unit_price) VALUES ('bf4a58f8-f535-4c0b-9979-bae0c4c443d8', '6184b4dd-2ca1-4eb0-b677-b2af5804c774', 'd7e85441-3716-4dc0-910c-27b79238b091', 'c119a01d-b811-4706-aa25-2540c8a9a5e3', 4, 100.00);
INSERT INTO OrderItems (id, order_id, product_id, variant_id, quantity, unit_price) VALUES ('45f1cd18-7a04-4380-8aaa-9be1794cd015', '6184b4dd-2ca1-4eb0-b677-b2af5804c774', '6a048a7c-7592-4e51-8633-202a42dc3749', 'e2011c4c-80c2-4b60-b27e-186782ee72c8', 2, 100.00);
INSERT INTO Payments (id, order_id, transaction_id, provider, status, amount) VALUES ('6124fcf7-4513-425f-81a1-62e173297ae0', '6184b4dd-2ca1-4eb0-b677-b2af5804c774', 'TX-72E2D384-8CC', 'Stripe', 'failed', 7629.17);
INSERT INTO Orders (id, user_id, status, total_amount, currency, created_at) VALUES ('e431c771-d632-425c-bb64-4896a0815209', '089effb1-025b-4e56-809c-b95621fe6d64', 'cancelled', 1494.57, 'EUR', '2026-03-10 04:17:55');
INSERT INTO OrderItems (id, order_id, product_id, variant_id, quantity, unit_price) VALUES ('2fc30382-e3a9-437d-a796-018c19f05626', 'e431c771-d632-425c-bb64-4896a0815209', '8741d3af-56c6-48a9-926c-a64113be8a31', '6ffad4bb-a951-4c43-a8e6-c445b26f9189', 3, 100.00);
INSERT INTO OrderItems (id, order_id, product_id, variant_id, quantity, unit_price) VALUES ('33121869-fcb5-43b2-bea8-645a26b0bf09', 'e431c771-d632-425c-bb64-4896a0815209', 'deac43f9-555a-467d-9ab8-cb188b8361d9', 'e3723a90-0ceb-40d3-8d26-042e37f67b77', 4, 100.00);
INSERT INTO Payments (id, order_id, transaction_id, provider, status, amount) VALUES ('2d27bbb9-6b15-4ddd-999d-3d61cdb00122', 'e431c771-d632-425c-bb64-4896a0815209', 'TX-8A169B0D-00D', 'Stripe', 'processing', 1494.57);
INSERT INTO Orders (id, user_id, status, total_amount, currency, created_at) VALUES ('5f128730-1cd8-4692-a140-d35772c72a39', '33b2eb1b-c074-47ee-8833-3c93f3bc0c92', 'cancelled', 7872.01, 'USD', '2026-03-25 04:17:55');
INSERT INTO OrderItems (id, order_id, product_id, variant_id, quantity, unit_price) VALUES ('587ba7f1-9de1-4d0e-9881-71c573738825', '5f128730-1cd8-4692-a140-d35772c72a39', '5e7966e7-3de7-4c50-8f52-20dc2d90ab0d', '6ffad4bb-a951-4c43-a8e6-c445b26f9189', 2, 100.00);
INSERT INTO OrderItems (id, order_id, product_id, variant_id, quantity, unit_price) VALUES ('e1667c41-6757-4737-b1a8-3b382432cfdb', '5f128730-1cd8-4692-a140-d35772c72a39', 'b8a456f6-73fb-4d2a-8025-dd230694e921', 'da618f4d-e187-46c0-820e-57f5cdd7e443', 2, 100.00);
INSERT INTO OrderItems (id, order_id, product_id, variant_id, quantity, unit_price) VALUES ('edaf43dd-c9f0-4ebf-b1e9-fbae2958e137', '5f128730-1cd8-4692-a140-d35772c72a39', 'd388a219-691c-439b-a08d-b7f2b8cdd956', '35ff7d4a-96e5-4de1-920d-a1206f4fc155', 2, 100.00);
INSERT INTO Payments (id, order_id, transaction_id, provider, status, amount) VALUES ('c93e0a1a-d017-4c4d-9efa-8c4b775316db', '5f128730-1cd8-4692-a140-d35772c72a39', 'TX-23142FF1-0EF', 'Stripe', 'processing', 7872.01);
INSERT INTO Orders (id, user_id, status, total_amount, currency, created_at) VALUES ('5450ed39-8115-4db0-b54f-40b7fe408bdf', '8ceb3bbf-2843-46f2-b366-5c33c95ee222', 'pending', 3233.52, 'GBP', '2026-03-19 04:17:55');
INSERT INTO OrderItems (id, order_id, product_id, variant_id, quantity, unit_price) VALUES ('4412fe4d-d0eb-4384-b3a7-6f679b988e2e', '5450ed39-8115-4db0-b54f-40b7fe408bdf', 'deac43f9-555a-467d-9ab8-cb188b8361d9', '8776b3df-adfd-426a-9ae9-7111eebeee6d', 2, 100.00);
INSERT INTO OrderItems (id, order_id, product_id, variant_id, quantity, unit_price) VALUES ('27e8c2c8-d359-4e14-89b8-eb35b80815d0', '5450ed39-8115-4db0-b54f-40b7fe408bdf', 'ae3d0944-88c4-4baa-bd15-6c8f8da06862', '4694f469-c349-4501-a6f9-df175c601f2b', 4, 100.00);
INSERT INTO Payments (id, order_id, transaction_id, provider, status, amount) VALUES ('325df310-b2af-4529-aaea-491eb22046c3', '5450ed39-8115-4db0-b54f-40b7fe408bdf', 'TX-C81F6332-839', 'Stripe', 'success', 3233.52);
INSERT INTO Orders (id, user_id, status, total_amount, currency, created_at) VALUES ('3ac707a1-4ab2-4500-bfd1-a2026a42eae9', 'd5944d0c-c617-4740-adcd-430a35e2a8d3', 'failed', 1102.97, 'INR', '2026-03-30 04:17:55');
INSERT INTO OrderItems (id, order_id, product_id, variant_id, quantity, unit_price) VALUES ('1ff32223-8a3c-4be7-a2fd-34c7484f4c3b', '3ac707a1-4ab2-4500-bfd1-a2026a42eae9', '01ad9202-0e28-4776-9a34-b7c8e3a75236', 'ea586182-32d8-444f-984f-b6885a21f48a', 3, 100.00);
INSERT INTO Payments (id, order_id, transaction_id, provider, status, amount) VALUES ('c173aed6-220b-4afc-8807-02c0154a54bf', '3ac707a1-4ab2-4500-bfd1-a2026a42eae9', 'TX-2B03E0E8-9CD', 'Stripe', 'success', 1102.97);
INSERT INTO Orders (id, user_id, status, total_amount, currency, created_at) VALUES ('acdce54b-b6e2-4480-bf71-dce41300323f', 'c43c946e-37bd-4925-a469-ec9961ff8f5c', 'cancelled', 9641.19, 'GBP', '2026-03-09 04:17:55');
INSERT INTO OrderItems (id, order_id, product_id, variant_id, quantity, unit_price) VALUES ('da9b607c-97e2-4c4b-b84c-6effe6a74e42', 'acdce54b-b6e2-4480-bf71-dce41300323f', '06db2942-332c-4e11-933a-2fc37e039986', 'b3df4875-5a21-496e-8e85-490dae007c69', 3, 100.00);
INSERT INTO OrderItems (id, order_id, product_id, variant_id, quantity, unit_price) VALUES ('de75ff56-87d5-452c-a260-d96e3ea32139', 'acdce54b-b6e2-4480-bf71-dce41300323f', '6a048a7c-7592-4e51-8633-202a42dc3749', 'd9dca0af-f41d-4d8c-8877-1b0bef40b91b', 5, 100.00);
INSERT INTO OrderItems (id, order_id, product_id, variant_id, quantity, unit_price) VALUES ('e6292381-6142-41fe-b580-0d19d3967491', 'acdce54b-b6e2-4480-bf71-dce41300323f', '4245e904-2a29-4501-acaa-22f7bec398a3', '8bf8d71e-de1f-4f44-8f52-2e20c8a4cd99', 4, 100.00);
INSERT INTO Payments (id, order_id, transaction_id, provider, status, amount) VALUES ('eb9e9836-0678-4b50-ac26-7cb3417da16b', 'acdce54b-b6e2-4480-bf71-dce41300323f', 'TX-C94E60FA-106', 'Stripe', 'processing', 9641.19);
INSERT INTO Orders (id, user_id, status, total_amount, currency, created_at) VALUES ('bd0e13a2-b318-452d-b635-5da13fb7818a', 'de71788d-d93a-419b-a1f1-03c27e71cef7', 'completed', 6260.26, 'GBP', '2026-04-04 04:17:55');
INSERT INTO OrderItems (id, order_id, product_id, variant_id, quantity, unit_price) VALUES ('d04ed8d2-9588-4ffe-8c8e-92c0eb2c5180', 'bd0e13a2-b318-452d-b635-5da13fb7818a', 'dcbdf3ce-7eb4-4694-b48d-98afc0c75895', 'bf3aa908-72c4-4f35-b4a4-24b355dd6936', 5, 100.00);
INSERT INTO OrderItems (id, order_id, product_id, variant_id, quantity, unit_price) VALUES ('b5f985ea-9be2-4cef-9831-228b4be203aa', 'bd0e13a2-b318-452d-b635-5da13fb7818a', '66cb9293-764c-434e-b863-36af29a589c8', 'a1efc84e-9509-496c-9975-ad4b2be8217e', 5, 100.00);
INSERT INTO Payments (id, order_id, transaction_id, provider, status, amount) VALUES ('4aa34424-1696-46b5-a6a7-14248a37b996', 'bd0e13a2-b318-452d-b635-5da13fb7818a', 'TX-9E25203D-4BC', 'Stripe', 'success', 6260.26);
INSERT INTO Orders (id, user_id, status, total_amount, currency, created_at) VALUES ('8ed62bd2-a0a3-44ed-ab40-d42c75c774b0', '92cbfdca-506b-4a50-900c-002e1e625e10', 'completed', 2758.99, 'INR', '2026-03-18 04:17:55');
INSERT INTO OrderItems (id, order_id, product_id, variant_id, quantity, unit_price) VALUES ('b8b82154-1f0e-4388-9235-bb8a00542e17', '8ed62bd2-a0a3-44ed-ab40-d42c75c774b0', '1ec2956e-6d10-477a-9db2-9b2c744d6409', '7acd2b95-9381-4ca0-827b-aa821640f8e7', 2, 100.00);
INSERT INTO OrderItems (id, order_id, product_id, variant_id, quantity, unit_price) VALUES ('d0fd41e1-f1cd-4e29-8d49-8a64dda05530', '8ed62bd2-a0a3-44ed-ab40-d42c75c774b0', '0c208476-dc50-4a69-b6e1-bd9016796f7d', '2959f2a5-7f07-4adf-a702-901b7a9986d1', 1, 100.00);
INSERT INTO Payments (id, order_id, transaction_id, provider, status, amount) VALUES ('15d8d2c1-0f6b-464c-a366-a9e3772f1d53', '8ed62bd2-a0a3-44ed-ab40-d42c75c774b0', 'TX-2310037A-953', 'Stripe', 'refunded', 2758.99);
INSERT INTO Orders (id, user_id, status, total_amount, currency, created_at) VALUES ('0ef1f73b-be3a-4dad-86e3-7e27ffd558f3', '46a5f60b-0cb8-4a63-b607-7640f0be3ff0', 'failed', 2998.46, 'INR', '2026-03-22 04:17:55');
INSERT INTO OrderItems (id, order_id, product_id, variant_id, quantity, unit_price) VALUES ('d4dad811-7c7a-4e16-b75f-f753548adee2', '0ef1f73b-be3a-4dad-86e3-7e27ffd558f3', '36effd2f-bcc4-435f-bea4-bc535c099c1b', 'd63ac156-d03d-4263-9514-64f70a3b8ccb', 5, 100.00);
INSERT INTO OrderItems (id, order_id, product_id, variant_id, quantity, unit_price) VALUES ('b9e870a8-4a33-446f-b99e-3ef96402200f', '0ef1f73b-be3a-4dad-86e3-7e27ffd558f3', '3a30c4ab-1664-49dd-91e3-d97527dec6ff', 'cd681a6a-f694-4a5f-8041-bec032019f56', 1, 100.00);
INSERT INTO OrderItems (id, order_id, product_id, variant_id, quantity, unit_price) VALUES ('96f6afd5-73a1-4493-9f82-7c8f968196be', '0ef1f73b-be3a-4dad-86e3-7e27ffd558f3', 'a2b4430f-e7d5-457b-b156-7f04cdad7e08', 'ac338301-d1b3-4b64-8940-27993fbc3165', 5, 100.00);
INSERT INTO OrderItems (id, order_id, product_id, variant_id, quantity, unit_price) VALUES ('7517b0e2-dc42-469d-b37d-84b5d21bce41', '0ef1f73b-be3a-4dad-86e3-7e27ffd558f3', 'ae3d0944-88c4-4baa-bd15-6c8f8da06862', '0a0bdcdd-8a7c-4837-b7db-f2c4eade67c3', 1, 100.00);
INSERT INTO Payments (id, order_id, transaction_id, provider, status, amount) VALUES ('93d6e7f0-7f0f-4b64-b0a9-cd3408fa83ff', '0ef1f73b-be3a-4dad-86e3-7e27ffd558f3', 'TX-583424C5-859', 'Stripe', 'failed', 2998.46);
INSERT INTO Orders (id, user_id, status, total_amount, currency, created_at) VALUES ('7be6d8e3-126b-417b-b4ca-22c6683b7692', '2409e2b3-3ef1-476a-b57f-07baef5d118a', 'refunded', 704.49, 'GBP', '2026-03-09 04:17:55');
INSERT INTO OrderItems (id, order_id, product_id, variant_id, quantity, unit_price) VALUES ('63419670-bde0-456e-ae28-7bd168303ca4', '7be6d8e3-126b-417b-b4ca-22c6683b7692', '296b27c5-5bbf-44ba-8bf9-74038268fe71', '185a4fb5-7634-4a9a-878f-ca275a47a66c', 1, 100.00);
INSERT INTO OrderItems (id, order_id, product_id, variant_id, quantity, unit_price) VALUES ('83df08b1-5ec0-4805-9f80-ebcad77b5c71', '7be6d8e3-126b-417b-b4ca-22c6683b7692', 'c48cbeec-c08d-4321-9e22-425b5fb8eb24', '3563b5db-f4c6-4322-8477-073b2d910eab', 5, 100.00);
INSERT INTO OrderItems (id, order_id, product_id, variant_id, quantity, unit_price) VALUES ('722fb09c-5010-4a02-9d86-49977a2ab6c5', '7be6d8e3-126b-417b-b4ca-22c6683b7692', '296b27c5-5bbf-44ba-8bf9-74038268fe71', '7ef6110e-6a83-4c26-9d03-cfdeb3df3c60', 4, 100.00);
INSERT INTO OrderItems (id, order_id, product_id, variant_id, quantity, unit_price) VALUES ('80d37fa5-8a16-4aa2-9905-8fd081845b8f', '7be6d8e3-126b-417b-b4ca-22c6683b7692', '65571d32-e3dd-46cb-a382-9242b854ee6c', '59831a09-6307-4c26-bed2-10ee6be421f6', 5, 100.00);
INSERT INTO Payments (id, order_id, transaction_id, provider, status, amount) VALUES ('605a38e7-4b3e-4711-8df4-2ac8f73336c4', '7be6d8e3-126b-417b-b4ca-22c6683b7692', 'TX-886C0EC0-E6D', 'Stripe', 'processing', 704.49);
INSERT INTO Orders (id, user_id, status, total_amount, currency, created_at) VALUES ('fcd46373-9347-4649-ac32-47b3f4e2d01e', '709cfbd1-0ba3-4c1a-a71f-8efb5496fea4', 'completed', 1612.23, 'AUD', '2026-03-23 04:17:55');
INSERT INTO OrderItems (id, order_id, product_id, variant_id, quantity, unit_price) VALUES ('28e68c74-9c3b-4e19-bc34-fc95032f781f', 'fcd46373-9347-4649-ac32-47b3f4e2d01e', '08bbf987-f4d5-4c5b-9d27-239dae31911b', 'cc0c90fa-28e6-4e25-afc2-210e9a1cc3dd', 3, 100.00);
INSERT INTO OrderItems (id, order_id, product_id, variant_id, quantity, unit_price) VALUES ('395b0739-8bb5-4377-91d0-32fff558529c', 'fcd46373-9347-4649-ac32-47b3f4e2d01e', 'e7a2f468-8207-4296-8d69-7bef96452b70', 'c98b3614-6ed5-4e5b-b477-7dff04666b20', 2, 100.00);
INSERT INTO OrderItems (id, order_id, product_id, variant_id, quantity, unit_price) VALUES ('b1216e1c-dce2-4bc7-aa56-18c41fbf0eae', 'fcd46373-9347-4649-ac32-47b3f4e2d01e', '2281bd86-23db-43b8-834e-a90f0f4fc38d', 'ce8abae1-ca8b-4999-a519-14b2429e7278', 4, 100.00);
INSERT INTO OrderItems (id, order_id, product_id, variant_id, quantity, unit_price) VALUES ('4cd890ef-3187-4499-9da3-f6703a56ca63', 'fcd46373-9347-4649-ac32-47b3f4e2d01e', '02238a0c-dc05-46c9-8825-c2c7709f2b0f', '2ce6ab3b-7d9a-4acc-a5b4-10e467f5f4fb', 5, 100.00);
INSERT INTO Payments (id, order_id, transaction_id, provider, status, amount) VALUES ('287cdeb3-bfee-4102-8373-183a804c6efd', 'fcd46373-9347-4649-ac32-47b3f4e2d01e', 'TX-996AD3F5-76B', 'Stripe', 'success', 1612.23);
INSERT INTO Orders (id, user_id, status, total_amount, currency, created_at) VALUES ('a454474b-2f04-4bf4-9fcb-7d5c811f8cb3', '92cbfdca-506b-4a50-900c-002e1e625e10', 'completed', 7287.87, 'INR', '2026-03-17 04:17:55');
INSERT INTO OrderItems (id, order_id, product_id, variant_id, quantity, unit_price) VALUES ('5982deea-7eef-4080-a31f-84d7f2780743', 'a454474b-2f04-4bf4-9fcb-7d5c811f8cb3', '99f7c518-f1f0-45ed-882e-50c854c3bca2', 'b3353718-1ec2-4de7-973a-8281bc44cef4', 3, 100.00);
INSERT INTO OrderItems (id, order_id, product_id, variant_id, quantity, unit_price) VALUES ('8360c950-7ac1-432e-bffd-5ff2a2f1c0ad', 'a454474b-2f04-4bf4-9fcb-7d5c811f8cb3', '2c23bc5f-3123-4116-9e56-8eb931fcb187', 'b985f6df-e2f3-439f-acee-d09ac2866aba', 1, 100.00);
INSERT INTO OrderItems (id, order_id, product_id, variant_id, quantity, unit_price) VALUES ('8c5e4c45-80d0-4c21-a943-be2b811da423', 'a454474b-2f04-4bf4-9fcb-7d5c811f8cb3', '99f7c518-f1f0-45ed-882e-50c854c3bca2', '22a160e8-c343-432d-b9a4-3b58558bdf6a', 5, 100.00);
INSERT INTO Payments (id, order_id, transaction_id, provider, status, amount) VALUES ('4b6e6106-a587-4e75-88a8-b1ea12faa078', 'a454474b-2f04-4bf4-9fcb-7d5c811f8cb3', 'TX-F18E4AA6-01E', 'Stripe', 'refunded', 7287.87);
INSERT INTO Orders (id, user_id, status, total_amount, currency, created_at) VALUES ('c2c56c82-ac6a-4e63-9378-41cc1ebb7f78', '374935b3-5aa6-4cb6-8191-87751b948303', 'refunded', 9478.71, 'AUD', '2026-03-08 04:17:55');
INSERT INTO OrderItems (id, order_id, product_id, variant_id, quantity, unit_price) VALUES ('95dbaa88-01af-4d0f-a077-d48497d79a08', 'c2c56c82-ac6a-4e63-9378-41cc1ebb7f78', '6f229bab-6e7a-427c-ac63-dad3af0c5e50', 'c1e56c6b-ac19-4663-9804-fb72dbe8e41e', 2, 100.00);
INSERT INTO OrderItems (id, order_id, product_id, variant_id, quantity, unit_price) VALUES ('36a5e1d7-3ceb-4b00-a81b-15a0ee62a4aa', 'c2c56c82-ac6a-4e63-9378-41cc1ebb7f78', 'f401d7c1-69a8-4073-a269-341ce6d9423b', 'c4e0473a-a27c-443f-a64f-c294c54659d6', 2, 100.00);
INSERT INTO OrderItems (id, order_id, product_id, variant_id, quantity, unit_price) VALUES ('2acef512-203f-4bd3-9880-463c122a5a05', 'c2c56c82-ac6a-4e63-9378-41cc1ebb7f78', 'a224eb59-db06-45ef-8e44-ddb9230b875c', 'bc782306-5259-4912-9023-3cfea6728abf', 2, 100.00);
INSERT INTO OrderItems (id, order_id, product_id, variant_id, quantity, unit_price) VALUES ('08b7f97a-fc8e-4c64-9117-d71af7922210', 'c2c56c82-ac6a-4e63-9378-41cc1ebb7f78', 'e78bc9ed-ee17-4ca9-bbd7-2761e9651067', '73e4f540-33fb-487d-a65e-ca000546e9ba', 3, 100.00);
INSERT INTO Payments (id, order_id, transaction_id, provider, status, amount) VALUES ('7b5a3889-a042-4abe-81c0-09275cfe95c2', 'c2c56c82-ac6a-4e63-9378-41cc1ebb7f78', 'TX-DE29F3F0-B3F', 'Stripe', 'success', 9478.71);
INSERT INTO Orders (id, user_id, status, total_amount, currency, created_at) VALUES ('ba32ce24-2e8c-4f14-8821-ae95148bb37d', '9c366b13-fe10-43d2-930a-ca82991642f8', 'failed', 7818.17, 'INR', '2026-04-02 04:17:55');
INSERT INTO OrderItems (id, order_id, product_id, variant_id, quantity, unit_price) VALUES ('21377b8a-a295-470e-872e-38e19ec517aa', 'ba32ce24-2e8c-4f14-8821-ae95148bb37d', '7587a3bb-676d-4b31-9989-b7f9a455a37e', '99c6f856-91af-4145-90e5-41da96a75bcf', 5, 100.00);
INSERT INTO OrderItems (id, order_id, product_id, variant_id, quantity, unit_price) VALUES ('3179c37b-b722-43e9-9d0d-598ffc670368', 'ba32ce24-2e8c-4f14-8821-ae95148bb37d', '44770228-9a29-4ad4-9704-b2ee30a48346', 'f864406b-61b4-4a05-8b55-30b44373e55a', 2, 100.00);
INSERT INTO OrderItems (id, order_id, product_id, variant_id, quantity, unit_price) VALUES ('72bd2b6a-af8f-4367-b25b-87d1ad9a2a1b', 'ba32ce24-2e8c-4f14-8821-ae95148bb37d', 'ba766299-87a3-4192-8310-8c22afb0eb33', '55cbfb32-cf12-4fcc-9238-e568e966b252', 3, 100.00);
INSERT INTO Payments (id, order_id, transaction_id, provider, status, amount) VALUES ('811a85fb-842a-4517-a6bd-aa5718ed92cd', 'ba32ce24-2e8c-4f14-8821-ae95148bb37d', 'TX-CF031145-14A', 'Stripe', 'success', 7818.17);
INSERT INTO Orders (id, user_id, status, total_amount, currency, created_at) VALUES ('7cad50e0-a226-47ac-b484-eed7ce5fe952', 'b6d037a6-9bb7-48b0-b911-6a0bfc61cf34', 'cancelled', 9613.80, 'GBP', '2026-03-28 04:17:55');
INSERT INTO OrderItems (id, order_id, product_id, variant_id, quantity, unit_price) VALUES ('81283dfd-6b62-4984-8d80-1e7630b8d969', '7cad50e0-a226-47ac-b484-eed7ce5fe952', '2c23bc5f-3123-4116-9e56-8eb931fcb187', '35811b2e-aeb9-423f-a408-6d57ca28abd9', 2, 100.00);
INSERT INTO OrderItems (id, order_id, product_id, variant_id, quantity, unit_price) VALUES ('34de09b8-7ca3-4066-a9fa-e38bd365c979', '7cad50e0-a226-47ac-b484-eed7ce5fe952', 'dc4d4adf-a375-4960-8372-225d26917a9a', 'f0cde506-82de-4462-b3c6-af23e3733231', 3, 100.00);
INSERT INTO Payments (id, order_id, transaction_id, provider, status, amount) VALUES ('e1571373-5f34-4fbc-8744-e6d7cdc9281f', '7cad50e0-a226-47ac-b484-eed7ce5fe952', 'TX-991E3477-447', 'Stripe', 'success', 9613.80);
INSERT INTO Orders (id, user_id, status, total_amount, currency, created_at) VALUES ('b783cc19-a2b4-4fa4-8080-5fc7b37f7051', '92cbfdca-506b-4a50-900c-002e1e625e10', 'failed', 4649.17, 'EUR', '2026-03-17 04:17:55');
INSERT INTO OrderItems (id, order_id, product_id, variant_id, quantity, unit_price) VALUES ('928ee5d8-ab78-4078-9821-cc181c2548ac', 'b783cc19-a2b4-4fa4-8080-5fc7b37f7051', 'a4f58fe6-3c00-45c9-ae95-0fb65eb35a5b', '2a2d44a2-0b1e-4670-bf1d-2c6d92607963', 2, 100.00);
INSERT INTO OrderItems (id, order_id, product_id, variant_id, quantity, unit_price) VALUES ('bd2661ba-054f-4891-85fc-8d649aed4d81', 'b783cc19-a2b4-4fa4-8080-5fc7b37f7051', 'dcbdf3ce-7eb4-4694-b48d-98afc0c75895', '691ec899-ea98-479c-abd0-b9c76ec16271', 4, 100.00);
INSERT INTO Payments (id, order_id, transaction_id, provider, status, amount) VALUES ('144a12ea-51d6-494c-82e2-1b1a0b5fab81', 'b783cc19-a2b4-4fa4-8080-5fc7b37f7051', 'TX-CFFCF8E1-CDE', 'Stripe', 'processing', 4649.17);
INSERT INTO Orders (id, user_id, status, total_amount, currency, created_at) VALUES ('9c8107d9-3439-45f4-ba67-f5e8031a50d8', '0f8b96db-6b12-4d7d-94f8-e2a5a2223cca', 'completed', 244.40, 'JPY', '2026-03-23 04:17:55');
INSERT INTO OrderItems (id, order_id, product_id, variant_id, quantity, unit_price) VALUES ('5b13f308-653e-4788-8c50-05bd21409a9a', '9c8107d9-3439-45f4-ba67-f5e8031a50d8', 'e6d3dc82-5105-4726-a585-2afd52be5e02', 'c119a01d-b811-4706-aa25-2540c8a9a5e3', 2, 100.00);
INSERT INTO OrderItems (id, order_id, product_id, variant_id, quantity, unit_price) VALUES ('992aeba5-d1ee-4f2b-a8e9-2473c8294b4d', '9c8107d9-3439-45f4-ba67-f5e8031a50d8', 'f3de3ad0-dcf7-48a7-a0b6-0b9bc07e5c25', 'e2c7bd90-1540-4fb9-8b16-95939bd290f2', 2, 100.00);
INSERT INTO OrderItems (id, order_id, product_id, variant_id, quantity, unit_price) VALUES ('18f65c8a-bb2d-4ed0-b11f-bdcf6d6cdb42', '9c8107d9-3439-45f4-ba67-f5e8031a50d8', 'd0178575-add7-4458-9cc9-7852d0cd76cc', 'a8d1e6e6-1770-4f36-829e-76d4117aa6b9', 4, 100.00);
INSERT INTO OrderItems (id, order_id, product_id, variant_id, quantity, unit_price) VALUES ('4230ddb5-1874-47f0-83b4-e901d802b257', '9c8107d9-3439-45f4-ba67-f5e8031a50d8', 'd7956376-e159-4548-8da6-bc30ad4d1d80', '47094363-0612-4338-ba5f-0589a3f2d8ea', 5, 100.00);
INSERT INTO Payments (id, order_id, transaction_id, provider, status, amount) VALUES ('ffb93441-7625-4cbe-9734-6021752a6e08', '9c8107d9-3439-45f4-ba67-f5e8031a50d8', 'TX-D4E14D50-AD2', 'Stripe', 'failed', 244.40);
INSERT INTO Orders (id, user_id, status, total_amount, currency, created_at) VALUES ('8d033e0f-b955-44d6-a7b3-29d23a79b20a', '780f0854-0613-4798-b309-664b79200f3b', 'cancelled', 1335.23, 'USD', '2026-03-21 04:17:55');
INSERT INTO OrderItems (id, order_id, product_id, variant_id, quantity, unit_price) VALUES ('a8419935-7ea5-4790-8146-6697236ac195', '8d033e0f-b955-44d6-a7b3-29d23a79b20a', 'a4f58fe6-3c00-45c9-ae95-0fb65eb35a5b', '87a0c9bb-0cd7-47fa-9f91-349013bf4a24', 4, 100.00);
INSERT INTO OrderItems (id, order_id, product_id, variant_id, quantity, unit_price) VALUES ('95bd77a4-7640-4804-8bf0-9ecd5b762106', '8d033e0f-b955-44d6-a7b3-29d23a79b20a', '8741d3af-56c6-48a9-926c-a64113be8a31', '8628ab10-cee5-426a-b992-d13b63577be7', 3, 100.00);
INSERT INTO OrderItems (id, order_id, product_id, variant_id, quantity, unit_price) VALUES ('5f9e5f6b-6095-4148-963c-22c8982da3fe', '8d033e0f-b955-44d6-a7b3-29d23a79b20a', 'ffb95efe-2c6a-40a8-a5ae-b9884cea2a44', '55012cbb-7bd2-4822-b82a-9141b8fe6f36', 5, 100.00);
INSERT INTO OrderItems (id, order_id, product_id, variant_id, quantity, unit_price) VALUES ('375eb7d3-0857-4bcd-a40b-720de1f8c02a', '8d033e0f-b955-44d6-a7b3-29d23a79b20a', '56875e67-5e75-4413-9601-d88c50184934', '59831a09-6307-4c26-bed2-10ee6be421f6', 1, 100.00);
INSERT INTO Payments (id, order_id, transaction_id, provider, status, amount) VALUES ('0a97468e-03b6-4b9e-9691-bf8c741aa95a', '8d033e0f-b955-44d6-a7b3-29d23a79b20a', 'TX-44AD549F-B67', 'Stripe', 'failed', 1335.23);
INSERT INTO Orders (id, user_id, status, total_amount, currency, created_at) VALUES ('d17f4007-f8a7-4c59-8912-b6bdd53cd608', '5efb4331-5ee6-471c-a05c-4dccdb54337f', 'completed', 3029.90, 'GBP', '2026-03-30 04:17:55');
INSERT INTO OrderItems (id, order_id, product_id, variant_id, quantity, unit_price) VALUES ('1483fd42-ce6b-42f1-b3e2-bd76cc6a1b9e', 'd17f4007-f8a7-4c59-8912-b6bdd53cd608', '80f6d6c7-c41b-4784-bd5f-1fd35bd3e45b', 'bd41d8c5-0362-4f95-b011-ef8dd3bee654', 4, 100.00);
INSERT INTO OrderItems (id, order_id, product_id, variant_id, quantity, unit_price) VALUES ('48880d5f-a282-4f7a-96fb-9400827a36fe', 'd17f4007-f8a7-4c59-8912-b6bdd53cd608', '02238a0c-dc05-46c9-8825-c2c7709f2b0f', '35811b2e-aeb9-423f-a408-6d57ca28abd9', 5, 100.00);
INSERT INTO OrderItems (id, order_id, product_id, variant_id, quantity, unit_price) VALUES ('8cd4c6d6-c3a1-4585-9555-8fcf6d4a0a8c', 'd17f4007-f8a7-4c59-8912-b6bdd53cd608', 'a635bb8a-bf9c-4b54-83e9-f9dae6b33cdf', '94a1075d-38aa-4c0e-a0ac-7c6f6be39fe6', 5, 100.00);
INSERT INTO OrderItems (id, order_id, product_id, variant_id, quantity, unit_price) VALUES ('120b5802-8fe8-4c20-8635-9a8fde8ee21f', 'd17f4007-f8a7-4c59-8912-b6bdd53cd608', 'e6d3dc82-5105-4726-a585-2afd52be5e02', '575c5b90-3041-42c1-aabc-5137e4f16dcf', 4, 100.00);
INSERT INTO Payments (id, order_id, transaction_id, provider, status, amount) VALUES ('18f8f8aa-554b-4003-90cd-891a9bd22458', 'd17f4007-f8a7-4c59-8912-b6bdd53cd608', 'TX-660BF47E-AC1', 'Stripe', 'failed', 3029.90);
INSERT INTO Orders (id, user_id, status, total_amount, currency, created_at) VALUES ('ce89152e-7b39-4c05-9720-a713d83310a1', '79cb10b8-161f-4ca4-9df5-2aa16e9c1d87', 'pending', 6879.07, 'EUR', '2026-03-22 04:17:55');
INSERT INTO OrderItems (id, order_id, product_id, variant_id, quantity, unit_price) VALUES ('7f11024d-2dc7-4c29-840d-85b090bb4c51', 'ce89152e-7b39-4c05-9720-a713d83310a1', '6a048a7c-7592-4e51-8633-202a42dc3749', 'a366bca6-4705-436e-947e-24cf5b05b463', 3, 100.00);
INSERT INTO Payments (id, order_id, transaction_id, provider, status, amount) VALUES ('dfbc847a-0a32-466d-96c3-0691bf4a36a7', 'ce89152e-7b39-4c05-9720-a713d83310a1', 'TX-7D92D52B-91A', 'Stripe', 'failed', 6879.07);
INSERT INTO Orders (id, user_id, status, total_amount, currency, created_at) VALUES ('d1b0d2a8-1b87-4dbf-994e-d54b6b7ab75a', 'e6499594-121d-40eb-883d-a585001ad516', 'failed', 4945.72, 'USD', '2026-03-10 04:17:55');
INSERT INTO OrderItems (id, order_id, product_id, variant_id, quantity, unit_price) VALUES ('01e13787-156f-450d-a6dc-84b1c49c78dc', 'd1b0d2a8-1b87-4dbf-994e-d54b6b7ab75a', '88118c51-08a9-4dad-83dc-3da5c7d300d8', '87a0c9bb-0cd7-47fa-9f91-349013bf4a24', 5, 100.00);
INSERT INTO OrderItems (id, order_id, product_id, variant_id, quantity, unit_price) VALUES ('b6a9bf86-9495-41dd-aa59-fe8260e907ed', 'd1b0d2a8-1b87-4dbf-994e-d54b6b7ab75a', 'f04fd5ce-8775-4822-a1f9-4455423ce927', '47119ba9-1ec3-4054-af4e-bba6b0845fea', 5, 100.00);
INSERT INTO Payments (id, order_id, transaction_id, provider, status, amount) VALUES ('7c6af033-b97c-4b5b-acd7-bbfa36d777d8', 'd1b0d2a8-1b87-4dbf-994e-d54b6b7ab75a', 'TX-B4CFD0E2-353', 'Stripe', 'success', 4945.72);
INSERT INTO Orders (id, user_id, status, total_amount, currency, created_at) VALUES ('ee96ef71-910e-4d84-a0e6-5e919ad58baa', '8c52a3f3-923a-4694-8e75-b7030025c00a', 'completed', 1068.90, 'JPY', '2026-04-03 04:17:55');
INSERT INTO OrderItems (id, order_id, product_id, variant_id, quantity, unit_price) VALUES ('1c8a4518-ac9a-4edc-84e2-c16807955b70', 'ee96ef71-910e-4d84-a0e6-5e919ad58baa', '18fbc669-1a09-404f-93ea-66354b1f8e82', '52fa2a46-77b2-472a-987b-b375e654c354', 2, 100.00);
INSERT INTO OrderItems (id, order_id, product_id, variant_id, quantity, unit_price) VALUES ('b65c07db-a556-4460-828e-594d5eac3db1', 'ee96ef71-910e-4d84-a0e6-5e919ad58baa', '80f6d6c7-c41b-4784-bd5f-1fd35bd3e45b', 'a8d1e6e6-1770-4f36-829e-76d4117aa6b9', 2, 100.00);
INSERT INTO OrderItems (id, order_id, product_id, variant_id, quantity, unit_price) VALUES ('7e08ff00-126a-4963-967c-eb7ed7fc9514', 'ee96ef71-910e-4d84-a0e6-5e919ad58baa', '5a86a87d-f357-4eb8-8769-ff1fa582fdc0', 'a0c61e03-caa8-4b24-b653-b91d3d848929', 3, 100.00);
INSERT INTO OrderItems (id, order_id, product_id, variant_id, quantity, unit_price) VALUES ('95e510c0-5adc-4483-a68e-74662e3a474d', 'ee96ef71-910e-4d84-a0e6-5e919ad58baa', '1420c7e0-b753-40be-8178-a4aa7033ed9b', '17e12797-602b-41bf-9244-8c35f94d585a', 4, 100.00);
INSERT INTO Payments (id, order_id, transaction_id, provider, status, amount) VALUES ('0e4b63b1-3760-48ca-b8ff-41628a105d52', 'ee96ef71-910e-4d84-a0e6-5e919ad58baa', 'TX-E5C1E3FF-75C', 'Stripe', 'refunded', 1068.90);
INSERT INTO Orders (id, user_id, status, total_amount, currency, created_at) VALUES ('72d7dd66-4409-4f8b-ac4e-7ec91497fd2a', '552069d8-997e-4764-86cb-b0380f8ec7d9', 'cancelled', 5968.63, 'GBP', '2026-03-18 04:17:55');
INSERT INTO OrderItems (id, order_id, product_id, variant_id, quantity, unit_price) VALUES ('d1066397-759f-4b3e-98bf-919b0e3edc69', '72d7dd66-4409-4f8b-ac4e-7ec91497fd2a', 'a4f58fe6-3c00-45c9-ae95-0fb65eb35a5b', '8ad9886f-2656-4752-8174-8d537abe00f2', 1, 100.00);
INSERT INTO OrderItems (id, order_id, product_id, variant_id, quantity, unit_price) VALUES ('482a4436-dc4f-4344-9ef2-5a069b7ff558', '72d7dd66-4409-4f8b-ac4e-7ec91497fd2a', '5548956d-e4a6-4855-b44f-f7612b72b708', '28d1987b-6eb8-4bae-b91d-8137b00af852', 4, 100.00);
INSERT INTO Payments (id, order_id, transaction_id, provider, status, amount) VALUES ('51805029-ce47-4f55-8de3-54876749648c', '72d7dd66-4409-4f8b-ac4e-7ec91497fd2a', 'TX-EF5CBE38-DF2', 'Stripe', 'refunded', 5968.63);
INSERT INTO Orders (id, user_id, status, total_amount, currency, created_at) VALUES ('767e4141-debb-4ae9-abfd-4df804f62984', '46a5f60b-0cb8-4a63-b607-7640f0be3ff0', 'failed', 4734.35, 'INR', '2026-03-31 04:17:55');
INSERT INTO OrderItems (id, order_id, product_id, variant_id, quantity, unit_price) VALUES ('759a5a22-150d-4908-bebc-f171edd37f5f', '767e4141-debb-4ae9-abfd-4df804f62984', 'ba766299-87a3-4192-8310-8c22afb0eb33', 'bf3aa908-72c4-4f35-b4a4-24b355dd6936', 2, 100.00);
INSERT INTO OrderItems (id, order_id, product_id, variant_id, quantity, unit_price) VALUES ('82c9cb2b-c109-487f-ae35-86925c229f0d', '767e4141-debb-4ae9-abfd-4df804f62984', '6a048a7c-7592-4e51-8633-202a42dc3749', 'a366bca6-4705-436e-947e-24cf5b05b463', 4, 100.00);
INSERT INTO OrderItems (id, order_id, product_id, variant_id, quantity, unit_price) VALUES ('bda36571-fade-4a8f-891e-5a90549c79b4', '767e4141-debb-4ae9-abfd-4df804f62984', '199c3cf5-0c66-4bbc-9f4e-a6d4c6e7e55d', '2543bc37-7800-422a-ae90-79414899ff21', 3, 100.00);
INSERT INTO OrderItems (id, order_id, product_id, variant_id, quantity, unit_price) VALUES ('e9a7c94b-ac11-4dc4-bbc1-ced77d11724e', '767e4141-debb-4ae9-abfd-4df804f62984', '7b0378a7-7ba4-4ad6-a64c-497633e44c77', 'e009a622-78a2-432b-ae8c-b9dfc61df511', 1, 100.00);
INSERT INTO Payments (id, order_id, transaction_id, provider, status, amount) VALUES ('f2deab8e-73ed-42a9-8e3e-a639612b3fbc', '767e4141-debb-4ae9-abfd-4df804f62984', 'TX-08283640-DF0', 'Stripe', 'success', 4734.35);
INSERT INTO Orders (id, user_id, status, total_amount, currency, created_at) VALUES ('a7a30db3-ec3b-4a6f-8535-ce29b38c0f77', 'e7c3a52d-a99d-4d3b-9709-23381a78e4e8', 'cancelled', 8200.87, 'INR', '2026-03-30 04:17:55');
INSERT INTO OrderItems (id, order_id, product_id, variant_id, quantity, unit_price) VALUES ('3d3c94d1-ae35-434a-9d36-a15ba9e7ab76', 'a7a30db3-ec3b-4a6f-8535-ce29b38c0f77', '47f429de-7681-47bb-8f91-92d1ea6d8d4d', 'cd681a6a-f694-4a5f-8041-bec032019f56', 3, 100.00);
INSERT INTO OrderItems (id, order_id, product_id, variant_id, quantity, unit_price) VALUES ('779ba30e-1837-403e-b174-09efb6adfaf9', 'a7a30db3-ec3b-4a6f-8535-ce29b38c0f77', '5548956d-e4a6-4855-b44f-f7612b72b708', '28bedb99-7b79-4c91-9ff2-482ab8faac85', 5, 100.00);
INSERT INTO OrderItems (id, order_id, product_id, variant_id, quantity, unit_price) VALUES ('94d27f68-f73d-41f3-bf97-f9549b7b34eb', 'a7a30db3-ec3b-4a6f-8535-ce29b38c0f77', 'f401d7c1-69a8-4073-a269-341ce6d9423b', '30ca761e-5307-45be-b9b4-fc903bf84e53', 4, 100.00);
INSERT INTO Payments (id, order_id, transaction_id, provider, status, amount) VALUES ('5baba1e4-5773-40b3-926a-7513e3c7fe2f', 'a7a30db3-ec3b-4a6f-8535-ce29b38c0f77', 'TX-48509C74-5E2', 'Stripe', 'processing', 8200.87);
INSERT INTO Orders (id, user_id, status, total_amount, currency, created_at) VALUES ('45d946d6-6825-4abc-a9f2-da0c756f3beb', 'd6fee95d-7b3f-4b20-8df4-8343d1e26a2b', 'refunded', 1457.27, 'GBP', '2026-04-04 04:17:55');
INSERT INTO OrderItems (id, order_id, product_id, variant_id, quantity, unit_price) VALUES ('fefe5c8c-1115-454c-8e25-1d2409fdd05c', '45d946d6-6825-4abc-a9f2-da0c756f3beb', '389c5938-f935-4163-a8c6-104b4642dcac', '871889e3-5c2d-400e-bc05-eaa74908580d', 2, 100.00);
INSERT INTO OrderItems (id, order_id, product_id, variant_id, quantity, unit_price) VALUES ('32589124-5ecf-46e8-84cf-3753ed8fbf6e', '45d946d6-6825-4abc-a9f2-da0c756f3beb', 'd7e85441-3716-4dc0-910c-27b79238b091', '238408a1-72f6-4ea6-9d23-c245c40111a1', 2, 100.00);
INSERT INTO OrderItems (id, order_id, product_id, variant_id, quantity, unit_price) VALUES ('d894589b-b8df-472a-90e0-58c332ee8c01', '45d946d6-6825-4abc-a9f2-da0c756f3beb', '02238a0c-dc05-46c9-8825-c2c7709f2b0f', '4e33595f-8c20-483f-a165-3473e265757a', 4, 100.00);
INSERT INTO OrderItems (id, order_id, product_id, variant_id, quantity, unit_price) VALUES ('e05cdeaa-1dd6-4dce-8f4a-9d06c291c62f', '45d946d6-6825-4abc-a9f2-da0c756f3beb', 'f04fd5ce-8775-4822-a1f9-4455423ce927', '0c6d4bfa-7fc1-4ea9-b6af-5e4fc3416c82', 4, 100.00);
INSERT INTO Payments (id, order_id, transaction_id, provider, status, amount) VALUES ('b3ac4321-397b-42a9-b017-23a28615dd2d', '45d946d6-6825-4abc-a9f2-da0c756f3beb', 'TX-AD496646-784', 'Stripe', 'processing', 1457.27);
INSERT INTO Orders (id, user_id, status, total_amount, currency, created_at) VALUES ('19a94d67-9ec1-4e19-b65d-9c89d5f73121', 'c3cd53dd-4a4a-433e-a623-b86b28ee950f', 'refunded', 780.21, 'AUD', '2026-03-20 04:17:55');
INSERT INTO OrderItems (id, order_id, product_id, variant_id, quantity, unit_price) VALUES ('d99d2715-608d-4368-a5ac-21db98361695', '19a94d67-9ec1-4e19-b65d-9c89d5f73121', '674eb1d9-17c9-492f-bf1c-01cc09821d6c', 'eef1f88b-1dbb-4015-aade-455c87aa9b59', 5, 100.00);
INSERT INTO OrderItems (id, order_id, product_id, variant_id, quantity, unit_price) VALUES ('4bb76ad2-4b7d-4439-a54b-47188e88a65b', '19a94d67-9ec1-4e19-b65d-9c89d5f73121', 'fbe52f5d-27ff-46df-b651-49a51d60c3a3', '3563b5db-f4c6-4322-8477-073b2d910eab', 4, 100.00);
INSERT INTO OrderItems (id, order_id, product_id, variant_id, quantity, unit_price) VALUES ('123460e1-13f9-4b4c-8f39-c86de9808f27', '19a94d67-9ec1-4e19-b65d-9c89d5f73121', '6a048a7c-7592-4e51-8633-202a42dc3749', 'c73387e1-7177-41e5-9446-8839b764e1b9', 4, 100.00);
INSERT INTO Payments (id, order_id, transaction_id, provider, status, amount) VALUES ('3c742fc9-f594-4846-9701-bbab68f201a6', '19a94d67-9ec1-4e19-b65d-9c89d5f73121', 'TX-383D80A6-106', 'Stripe', 'processing', 780.21);
INSERT INTO Orders (id, user_id, status, total_amount, currency, created_at) VALUES ('f6796865-b633-48b0-af6d-a78084f50fc7', '1f6e2b7b-4b7d-4bc5-8334-d62cb841b0ac', 'completed', 9642.90, 'INR', '2026-03-07 04:17:55');
INSERT INTO OrderItems (id, order_id, product_id, variant_id, quantity, unit_price) VALUES ('b7befc22-45d9-4ce1-9413-53792ae0fd15', 'f6796865-b633-48b0-af6d-a78084f50fc7', '199c3cf5-0c66-4bbc-9f4e-a6d4c6e7e55d', '6c1dc3af-27d9-4320-987a-56122d188212', 5, 100.00);
INSERT INTO Payments (id, order_id, transaction_id, provider, status, amount) VALUES ('ab29fc1d-06ef-44ff-87d9-b17751f2a262', 'f6796865-b633-48b0-af6d-a78084f50fc7', 'TX-56F15595-87A', 'Stripe', 'failed', 9642.90);
INSERT INTO Orders (id, user_id, status, total_amount, currency, created_at) VALUES ('ead1aad5-4fb2-4b55-9d6b-98a0ae1aa38c', 'd6fee95d-7b3f-4b20-8df4-8343d1e26a2b', 'cancelled', 4939.25, 'GBP', '2026-04-01 04:17:55');
INSERT INTO OrderItems (id, order_id, product_id, variant_id, quantity, unit_price) VALUES ('0248778a-f2b6-4c1d-ada9-99ad56d4e398', 'ead1aad5-4fb2-4b55-9d6b-98a0ae1aa38c', '66cb9293-764c-434e-b863-36af29a589c8', '7fae0262-53f8-488e-ad39-c8a8e30046d0', 5, 100.00);
INSERT INTO OrderItems (id, order_id, product_id, variant_id, quantity, unit_price) VALUES ('eb90548d-fb19-4097-93ff-ab714866f6bf', 'ead1aad5-4fb2-4b55-9d6b-98a0ae1aa38c', 'dc4d4adf-a375-4960-8372-225d26917a9a', '7249fa14-5101-4617-9d91-ba17ccb94762', 4, 100.00);
INSERT INTO Payments (id, order_id, transaction_id, provider, status, amount) VALUES ('96078679-f666-40df-8d04-a0d62ce7a2d4', 'ead1aad5-4fb2-4b55-9d6b-98a0ae1aa38c', 'TX-78896AC0-056', 'Stripe', 'failed', 4939.25);
INSERT INTO Orders (id, user_id, status, total_amount, currency, created_at) VALUES ('8210342b-3a56-42ba-96ff-be88bf375daf', 'c43c946e-37bd-4925-a469-ec9961ff8f5c', 'completed', 2848.40, 'INR', '2026-03-06 04:17:55');
INSERT INTO OrderItems (id, order_id, product_id, variant_id, quantity, unit_price) VALUES ('c05c39f9-90d5-4629-b26d-cf013a449b95', '8210342b-3a56-42ba-96ff-be88bf375daf', 'a4f58fe6-3c00-45c9-ae95-0fb65eb35a5b', '4c2cfa9e-f2c5-4f0e-a06c-a74583781b0a', 4, 100.00);
INSERT INTO Payments (id, order_id, transaction_id, provider, status, amount) VALUES ('e209754b-0eb2-4089-bbb0-d5cc9353e916', '8210342b-3a56-42ba-96ff-be88bf375daf', 'TX-7EC5B796-3A3', 'Stripe', 'failed', 2848.40);
INSERT INTO Orders (id, user_id, status, total_amount, currency, created_at) VALUES ('1810e3e3-6782-4205-8f49-a6a6e5de4e97', '3b21ff34-4bb9-42ce-986f-3bada1adb611', 'refunded', 3365.88, 'EUR', '2026-03-10 04:17:55');
INSERT INTO OrderItems (id, order_id, product_id, variant_id, quantity, unit_price) VALUES ('122866d0-6257-4510-808a-15c98d1fbb89', '1810e3e3-6782-4205-8f49-a6a6e5de4e97', '296b27c5-5bbf-44ba-8bf9-74038268fe71', '12567a72-cb1d-4680-8ee1-4b4e1cbb334c', 4, 100.00);
INSERT INTO OrderItems (id, order_id, product_id, variant_id, quantity, unit_price) VALUES ('f4de4021-ac57-4d45-adc5-67eea968b7cb', '1810e3e3-6782-4205-8f49-a6a6e5de4e97', '296b27c5-5bbf-44ba-8bf9-74038268fe71', 'ff14cffb-0196-41a2-8799-d35cb089a994', 3, 100.00);
INSERT INTO Payments (id, order_id, transaction_id, provider, status, amount) VALUES ('0ff0e0c8-b681-4944-b130-d44412bd861e', '1810e3e3-6782-4205-8f49-a6a6e5de4e97', 'TX-752138EB-B89', 'Stripe', 'failed', 3365.88);
INSERT INTO Orders (id, user_id, status, total_amount, currency, created_at) VALUES ('b440bc46-566e-4a28-a666-a4228e768c81', '4917125c-9589-4ac9-ac15-aa8fddb80fec', 'cancelled', 9208.67, 'GBP', '2026-03-17 04:17:55');
INSERT INTO OrderItems (id, order_id, product_id, variant_id, quantity, unit_price) VALUES ('ff8d51b6-ebbd-46ea-800d-33904c1b095d', 'b440bc46-566e-4a28-a666-a4228e768c81', '73142b98-c3bf-44b6-a3d2-2ac58474d3e0', 'e2c7bd90-1540-4fb9-8b16-95939bd290f2', 3, 100.00);
INSERT INTO Payments (id, order_id, transaction_id, provider, status, amount) VALUES ('0d9ac4fa-efa8-4b68-b6e7-4036c7ca487e', 'b440bc46-566e-4a28-a666-a4228e768c81', 'TX-2F671100-D1E', 'Stripe', 'failed', 9208.67);
INSERT INTO Orders (id, user_id, status, total_amount, currency, created_at) VALUES ('7c0075e1-f1d4-4523-9785-4f79bf17f5a0', 'f7434807-7de1-46b5-bec8-eaa5cb314efb', 'failed', 778.46, 'EUR', '2026-03-14 04:17:55');
INSERT INTO OrderItems (id, order_id, product_id, variant_id, quantity, unit_price) VALUES ('00664bd2-2815-4879-a5cc-5006055af6ab', '7c0075e1-f1d4-4523-9785-4f79bf17f5a0', '18fbc669-1a09-404f-93ea-66354b1f8e82', 'd5f1d49f-112e-4067-9335-0521c45ad254', 5, 100.00);
INSERT INTO Payments (id, order_id, transaction_id, provider, status, amount) VALUES ('c986cc02-88cf-4867-b4ea-a8937061d712', '7c0075e1-f1d4-4523-9785-4f79bf17f5a0', 'TX-5770808C-1C9', 'Stripe', 'success', 778.46);
INSERT INTO Orders (id, user_id, status, total_amount, currency, created_at) VALUES ('569b0d4a-a1de-46cc-b62e-818a3c9a5a3d', 'd5944d0c-c617-4740-adcd-430a35e2a8d3', 'completed', 5052.22, 'GBP', '2026-03-27 04:17:55');
INSERT INTO OrderItems (id, order_id, product_id, variant_id, quantity, unit_price) VALUES ('d0e46368-9b3d-42ed-8a0c-c6e1b5a83a67', '569b0d4a-a1de-46cc-b62e-818a3c9a5a3d', '4e6ee764-6c12-4688-ae8d-20617930f05f', '1772e0df-ab94-44ff-b35d-c70afb1670ab', 3, 100.00);
INSERT INTO OrderItems (id, order_id, product_id, variant_id, quantity, unit_price) VALUES ('1551deaf-e5d4-4590-8b76-bf860ccc054c', '569b0d4a-a1de-46cc-b62e-818a3c9a5a3d', '795698c5-6eaa-44e5-9456-3ab625a66dfa', '30ca761e-5307-45be-b9b4-fc903bf84e53', 4, 100.00);
INSERT INTO OrderItems (id, order_id, product_id, variant_id, quantity, unit_price) VALUES ('4c9d4762-4ea2-4192-8d90-66c228a4f557', '569b0d4a-a1de-46cc-b62e-818a3c9a5a3d', '4a927b9a-9cf5-4c56-a490-fb2f926cbb7d', 'd039e549-729f-4118-97ad-5ef767a2b544', 2, 100.00);
INSERT INTO Payments (id, order_id, transaction_id, provider, status, amount) VALUES ('cb2ee60d-8adf-4f9f-8b6c-8802852cfcba', '569b0d4a-a1de-46cc-b62e-818a3c9a5a3d', 'TX-F59BD140-6FE', 'Stripe', 'refunded', 5052.22);
INSERT INTO Orders (id, user_id, status, total_amount, currency, created_at) VALUES ('c88f2c79-40e7-437b-b52f-cc9a3037e0a2', '9d9acfd4-f69b-46ca-a135-d642c8199a80', 'refunded', 6770.84, 'JPY', '2026-03-22 04:17:55');
INSERT INTO OrderItems (id, order_id, product_id, variant_id, quantity, unit_price) VALUES ('545b3d92-fd05-44eb-9461-a6cdb5067c30', 'c88f2c79-40e7-437b-b52f-cc9a3037e0a2', '5dc7d2be-8170-406e-9bf2-4ba3b427e977', '0a41db66-1611-4cdd-b3b4-c983e5ec1e81', 5, 100.00);
INSERT INTO Payments (id, order_id, transaction_id, provider, status, amount) VALUES ('8c422524-e71d-4795-a39e-2d84cada20ad', 'c88f2c79-40e7-437b-b52f-cc9a3037e0a2', 'TX-F26824CE-249', 'Stripe', 'processing', 6770.84);
INSERT INTO Orders (id, user_id, status, total_amount, currency, created_at) VALUES ('fe6d70a9-f97e-4820-a27b-d8dcc253f362', '7d176d89-0c1b-41ab-b7f7-64bff0364fc7', 'cancelled', 7997.58, 'INR', '2026-03-15 04:17:55');
INSERT INTO OrderItems (id, order_id, product_id, variant_id, quantity, unit_price) VALUES ('99f14f34-f37d-45d1-b673-cc1b1db24984', 'fe6d70a9-f97e-4820-a27b-d8dcc253f362', '36effd2f-bcc4-435f-bea4-bc535c099c1b', '17e12797-602b-41bf-9244-8c35f94d585a', 2, 100.00);
INSERT INTO OrderItems (id, order_id, product_id, variant_id, quantity, unit_price) VALUES ('e40e5112-c316-40e5-bbf9-ce438c741deb', 'fe6d70a9-f97e-4820-a27b-d8dcc253f362', 'd284aa03-c5c2-4550-a8ef-aaf990044d58', '8bf8d71e-de1f-4f44-8f52-2e20c8a4cd99', 1, 100.00);
INSERT INTO OrderItems (id, order_id, product_id, variant_id, quantity, unit_price) VALUES ('777209f0-09a0-4fa9-adb5-63c6e0f6b627', 'fe6d70a9-f97e-4820-a27b-d8dcc253f362', '199c3cf5-0c66-4bbc-9f4e-a6d4c6e7e55d', '7c058ea1-c5ef-478e-9127-ffcf24d3c5a1', 4, 100.00);
INSERT INTO Payments (id, order_id, transaction_id, provider, status, amount) VALUES ('2d858361-595a-4a08-bc79-c984f175960a', 'fe6d70a9-f97e-4820-a27b-d8dcc253f362', 'TX-43629395-231', 'Stripe', 'processing', 7997.58);
INSERT INTO Orders (id, user_id, status, total_amount, currency, created_at) VALUES ('83b48c37-29db-48de-8232-5e23c1ef69e6', '9f8c892c-dd6e-4434-8000-f5f680c99030', 'failed', 3397.34, 'INR', '2026-03-20 04:17:55');
INSERT INTO OrderItems (id, order_id, product_id, variant_id, quantity, unit_price) VALUES ('59d1a75e-2314-4b19-9396-658747de3a89', '83b48c37-29db-48de-8232-5e23c1ef69e6', 'a2b4430f-e7d5-457b-b156-7f04cdad7e08', '0c6d4bfa-7fc1-4ea9-b6af-5e4fc3416c82', 2, 100.00);
INSERT INTO OrderItems (id, order_id, product_id, variant_id, quantity, unit_price) VALUES ('8728c4bc-2191-48ca-985c-5d3ef6e596b2', '83b48c37-29db-48de-8232-5e23c1ef69e6', 'f1bbe195-8e80-48a3-9303-229bf6ba3ccf', '1f5e5977-b5d3-4e8d-8b40-48e1cca403c2', 3, 100.00);
INSERT INTO OrderItems (id, order_id, product_id, variant_id, quantity, unit_price) VALUES ('67e82d4c-6615-4f1c-afee-68a6d3c535d8', '83b48c37-29db-48de-8232-5e23c1ef69e6', 'fcad6c3b-045d-46a2-9512-71d4d64b9cc5', '575c5b90-3041-42c1-aabc-5137e4f16dcf', 4, 100.00);
INSERT INTO Payments (id, order_id, transaction_id, provider, status, amount) VALUES ('c61de3de-ddf9-4723-8f1d-774b40abc4d9', '83b48c37-29db-48de-8232-5e23c1ef69e6', 'TX-56041DD4-006', 'Stripe', 'refunded', 3397.34);
INSERT INTO Orders (id, user_id, status, total_amount, currency, created_at) VALUES ('56dcaa6e-3390-4e66-9d77-c189ec48ef45', 'd5944d0c-c617-4740-adcd-430a35e2a8d3', 'pending', 6154.13, 'GBP', '2026-04-04 04:17:55');
INSERT INTO OrderItems (id, order_id, product_id, variant_id, quantity, unit_price) VALUES ('f66bb4d9-6bb5-43c5-9c08-3197eb186189', '56dcaa6e-3390-4e66-9d77-c189ec48ef45', 'efe2c47b-df88-4faa-944c-ead53cfca0f3', '7e6b7164-fb24-4778-bf74-838e223f3095', 3, 100.00);
INSERT INTO Payments (id, order_id, transaction_id, provider, status, amount) VALUES ('fc13bfb5-1dae-449c-8c02-e321373d77b9', '56dcaa6e-3390-4e66-9d77-c189ec48ef45', 'TX-7C06FD30-F74', 'Stripe', 'refunded', 6154.13);
INSERT INTO Orders (id, user_id, status, total_amount, currency, created_at) VALUES ('a808ea8b-6ba6-4a92-ae9d-3c0dd3684665', '2b12e616-d824-4e3d-99c6-2e332194a268', 'pending', 1479.65, 'JPY', '2026-04-04 04:17:55');
INSERT INTO OrderItems (id, order_id, product_id, variant_id, quantity, unit_price) VALUES ('c910e356-dbd5-428d-aefe-01ec3264755c', 'a808ea8b-6ba6-4a92-ae9d-3c0dd3684665', 'ba766299-87a3-4192-8310-8c22afb0eb33', '75c684e5-eb90-4c69-903e-3b2e1ddb008e', 5, 100.00);
INSERT INTO Payments (id, order_id, transaction_id, provider, status, amount) VALUES ('0b9576d5-165e-4e5c-8cc9-083c3965d7d2', 'a808ea8b-6ba6-4a92-ae9d-3c0dd3684665', 'TX-7427AB11-131', 'Stripe', 'failed', 1479.65);
INSERT INTO Orders (id, user_id, status, total_amount, currency, created_at) VALUES ('b86dff53-4cc5-4b6c-83d5-3af2bd9b32d6', 'd9950953-7a41-4eea-bd68-9ce3b967d6dc', 'refunded', 8442.45, 'INR', '2026-03-29 04:17:55');
INSERT INTO OrderItems (id, order_id, product_id, variant_id, quantity, unit_price) VALUES ('3e1016e0-ee02-47a3-bfd2-0e845c77f4e7', 'b86dff53-4cc5-4b6c-83d5-3af2bd9b32d6', 'a8bf1ec3-bafa-4c35-8d64-36120c795724', 'd9dca0af-f41d-4d8c-8877-1b0bef40b91b', 1, 100.00);
INSERT INTO Payments (id, order_id, transaction_id, provider, status, amount) VALUES ('13f58e25-e7c3-43eb-82ea-5f7d220f40e8', 'b86dff53-4cc5-4b6c-83d5-3af2bd9b32d6', 'TX-ACC9F9A8-BFE', 'Stripe', 'failed', 8442.45);
INSERT INTO Orders (id, user_id, status, total_amount, currency, created_at) VALUES ('3ef0d915-b9b6-4066-9d8e-ea578385e94b', '089effb1-025b-4e56-809c-b95621fe6d64', 'refunded', 9594.09, 'EUR', '2026-04-04 04:17:55');
INSERT INTO OrderItems (id, order_id, product_id, variant_id, quantity, unit_price) VALUES ('c621a994-1bfe-49f4-9477-1606a68a5261', '3ef0d915-b9b6-4066-9d8e-ea578385e94b', '2db10195-d36e-4da6-9963-4a2432ba8310', '185a4fb5-7634-4a9a-878f-ca275a47a66c', 3, 100.00);
INSERT INTO Payments (id, order_id, transaction_id, provider, status, amount) VALUES ('c1076029-df89-4cfb-b7c7-e30f21a4d214', '3ef0d915-b9b6-4066-9d8e-ea578385e94b', 'TX-47476D2E-6FF', 'Stripe', 'success', 9594.09);
INSERT INTO Orders (id, user_id, status, total_amount, currency, created_at) VALUES ('b7dc99b2-de64-4f4f-926a-12eed19f88d5', '46a5f60b-0cb8-4a63-b607-7640f0be3ff0', 'pending', 566.40, 'AUD', '2026-03-22 04:17:55');
INSERT INTO OrderItems (id, order_id, product_id, variant_id, quantity, unit_price) VALUES ('69bef075-10e4-4a91-b2eb-32a37689d3a4', 'b7dc99b2-de64-4f4f-926a-12eed19f88d5', 'dcbdf3ce-7eb4-4694-b48d-98afc0c75895', '55012cbb-7bd2-4822-b82a-9141b8fe6f36', 1, 100.00);
INSERT INTO Payments (id, order_id, transaction_id, provider, status, amount) VALUES ('08d7ccb8-b267-493c-86e8-695d5d6644e9', 'b7dc99b2-de64-4f4f-926a-12eed19f88d5', 'TX-E2B9FA1D-63E', 'Stripe', 'failed', 566.40);
INSERT INTO Orders (id, user_id, status, total_amount, currency, created_at) VALUES ('9f82a40b-e1f1-4099-ba13-06eb3ec149a9', 'b44ccca1-5c97-4be7-b06a-f3c611915d76', 'refunded', 5512.51, 'INR', '2026-03-27 04:17:55');
INSERT INTO OrderItems (id, order_id, product_id, variant_id, quantity, unit_price) VALUES ('592dd185-0680-4ade-84b2-8fafce9c083a', '9f82a40b-e1f1-4099-ba13-06eb3ec149a9', '3a30c4ab-1664-49dd-91e3-d97527dec6ff', '5629de35-18f3-4682-b145-ee924f96c0b1', 3, 100.00);
INSERT INTO OrderItems (id, order_id, product_id, variant_id, quantity, unit_price) VALUES ('2fdb63b0-7e2b-4b8d-8153-1160cd9827cf', '9f82a40b-e1f1-4099-ba13-06eb3ec149a9', 'cdf0e73c-7bd0-4e29-a85a-e98622eea37f', 'a766dddd-26c0-4a93-8041-c13d1e8f8e3a', 1, 100.00);
INSERT INTO OrderItems (id, order_id, product_id, variant_id, quantity, unit_price) VALUES ('5eddc416-cc05-4899-8df3-9b2a02509f00', '9f82a40b-e1f1-4099-ba13-06eb3ec149a9', 'f3de3ad0-dcf7-48a7-a0b6-0b9bc07e5c25', '2543bc37-7800-422a-ae90-79414899ff21', 3, 100.00);
INSERT INTO Payments (id, order_id, transaction_id, provider, status, amount) VALUES ('6c1e149a-0ff4-49dc-8712-89ed515b50db', '9f82a40b-e1f1-4099-ba13-06eb3ec149a9', 'TX-150C5BFC-49B', 'Stripe', 'success', 5512.51);
INSERT INTO Orders (id, user_id, status, total_amount, currency, created_at) VALUES ('2653bf2e-ba1a-4085-a995-00ad2e79b814', '689e0d65-5fa7-4529-be76-249d7fada106', 'refunded', 5085.24, 'GBP', '2026-03-12 04:17:55');
INSERT INTO OrderItems (id, order_id, product_id, variant_id, quantity, unit_price) VALUES ('4f867064-9fe7-497a-aa6e-d635707a940f', '2653bf2e-ba1a-4085-a995-00ad2e79b814', '7e567ca5-c03f-4acd-a82e-b4f668712fa3', '92da38f6-2f89-4804-8a61-4c1e66947210', 2, 100.00);
INSERT INTO OrderItems (id, order_id, product_id, variant_id, quantity, unit_price) VALUES ('c9e255a8-2911-45e6-8d22-e2831b54ebd8', '2653bf2e-ba1a-4085-a995-00ad2e79b814', '674eb1d9-17c9-492f-bf1c-01cc09821d6c', '38094c3b-4321-4da6-8e0b-6d523eecc787', 1, 100.00);
INSERT INTO Payments (id, order_id, transaction_id, provider, status, amount) VALUES ('4342df65-1f4d-45ad-a407-3c0a2199be16', '2653bf2e-ba1a-4085-a995-00ad2e79b814', 'TX-D108AB0E-9FD', 'Stripe', 'failed', 5085.24);
INSERT INTO Orders (id, user_id, status, total_amount, currency, created_at) VALUES ('6e97ec06-80f0-4c7e-bb0e-366e99222474', '2b12e616-d824-4e3d-99c6-2e332194a268', 'pending', 8069.04, 'AUD', '2026-03-22 04:17:55');
INSERT INTO OrderItems (id, order_id, product_id, variant_id, quantity, unit_price) VALUES ('8b91ac7b-5a13-4fe2-896e-a30c5b04d673', '6e97ec06-80f0-4c7e-bb0e-366e99222474', '4a927b9a-9cf5-4c56-a490-fb2f926cbb7d', '21f0d8ae-3670-4323-b275-5838377aa50d', 2, 100.00);
INSERT INTO OrderItems (id, order_id, product_id, variant_id, quantity, unit_price) VALUES ('07bbd58f-31ad-46c7-86d3-298f97aa3e81', '6e97ec06-80f0-4c7e-bb0e-366e99222474', 'cdf0e73c-7bd0-4e29-a85a-e98622eea37f', '2543bc37-7800-422a-ae90-79414899ff21', 2, 100.00);
INSERT INTO Payments (id, order_id, transaction_id, provider, status, amount) VALUES ('1945bf4f-52eb-4183-90e6-1e2a5efb1d7c', '6e97ec06-80f0-4c7e-bb0e-366e99222474', 'TX-4DBAD20D-662', 'Stripe', 'refunded', 8069.04);
INSERT INTO Orders (id, user_id, status, total_amount, currency, created_at) VALUES ('9012f5c0-2af1-4170-ad30-225fabe98073', 'f7434807-7de1-46b5-bec8-eaa5cb314efb', 'completed', 4215.37, 'INR', '2026-03-06 04:17:55');
INSERT INTO OrderItems (id, order_id, product_id, variant_id, quantity, unit_price) VALUES ('54d87421-1ea5-4611-b9ee-5c0f664f0584', '9012f5c0-2af1-4170-ad30-225fabe98073', 'ffb95efe-2c6a-40a8-a5ae-b9884cea2a44', 'e67557af-6b71-4469-b8eb-b2b19a9a42e2', 3, 100.00);
INSERT INTO Payments (id, order_id, transaction_id, provider, status, amount) VALUES ('70b1819d-ff50-4216-86a7-fe2dfe328488', '9012f5c0-2af1-4170-ad30-225fabe98073', 'TX-240D167B-E66', 'Stripe', 'failed', 4215.37);
INSERT INTO Orders (id, user_id, status, total_amount, currency, created_at) VALUES ('e82b53a5-b416-4c2c-92a1-78a04511ed12', '922d799d-aee5-4359-8b6e-4bd4da0ff332', 'pending', 8679.04, 'GBP', '2026-03-30 04:17:55');
INSERT INTO OrderItems (id, order_id, product_id, variant_id, quantity, unit_price) VALUES ('7fe15870-5b96-4ecc-81c4-f39c88c7d8a8', 'e82b53a5-b416-4c2c-92a1-78a04511ed12', 'efe2c47b-df88-4faa-944c-ead53cfca0f3', '4f039202-f51b-4d0f-9536-7fa6f7e5f5c3', 4, 100.00);
INSERT INTO OrderItems (id, order_id, product_id, variant_id, quantity, unit_price) VALUES ('c2efac61-64c5-424b-a935-0da98ea241f5', 'e82b53a5-b416-4c2c-92a1-78a04511ed12', 'a635bb8a-bf9c-4b54-83e9-f9dae6b33cdf', '5bf5eb6a-d7d9-45ca-aa85-fa13879e66eb', 5, 100.00);
INSERT INTO Payments (id, order_id, transaction_id, provider, status, amount) VALUES ('2b791c8e-bce2-4878-9646-fd22f3d19be8', 'e82b53a5-b416-4c2c-92a1-78a04511ed12', 'TX-28D16132-46D', 'Stripe', 'processing', 8679.04);
INSERT INTO Orders (id, user_id, status, total_amount, currency, created_at) VALUES ('544401f0-0bfd-442a-8849-919b677c7ade', 'dd7288d7-d2c7-4407-bc7c-7b5ee1101b52', 'refunded', 5106.76, 'EUR', '2026-03-12 04:17:55');
INSERT INTO OrderItems (id, order_id, product_id, variant_id, quantity, unit_price) VALUES ('4ee53fa8-0174-4b85-8b0b-6dad8599481e', '544401f0-0bfd-442a-8849-919b677c7ade', '7dfe43a7-add0-4903-a6e5-de9c21d0ee3f', '4259bdd9-b922-4449-a81d-2ccb169a598b', 1, 100.00);
INSERT INTO OrderItems (id, order_id, product_id, variant_id, quantity, unit_price) VALUES ('02b38585-042e-49ca-a4ab-e6b202997dc8', '544401f0-0bfd-442a-8849-919b677c7ade', '974a1a9f-c5b3-4cd7-a6ea-0e3e0bb5723a', '47119ba9-1ec3-4054-af4e-bba6b0845fea', 2, 100.00);
INSERT INTO Payments (id, order_id, transaction_id, provider, status, amount) VALUES ('9a52db5a-3d46-480e-b83a-7bef3e6c29cb', '544401f0-0bfd-442a-8849-919b677c7ade', 'TX-6CE95659-726', 'Stripe', 'failed', 5106.76);
INSERT INTO Orders (id, user_id, status, total_amount, currency, created_at) VALUES ('5a967093-35f9-48c8-a5b6-8d85f473e98d', '42ff1c03-90df-409b-9741-0e0c6e706bbf', 'cancelled', 2702.63, 'USD', '2026-03-09 04:17:55');
INSERT INTO OrderItems (id, order_id, product_id, variant_id, quantity, unit_price) VALUES ('c64afbaa-243c-4618-ab98-d50a9e768354', '5a967093-35f9-48c8-a5b6-8d85f473e98d', '88118c51-08a9-4dad-83dc-3da5c7d300d8', '8bf8d71e-de1f-4f44-8f52-2e20c8a4cd99', 1, 100.00);
INSERT INTO OrderItems (id, order_id, product_id, variant_id, quantity, unit_price) VALUES ('09cde84a-cde4-4def-a4ac-1794e88855c0', '5a967093-35f9-48c8-a5b6-8d85f473e98d', 'baea902a-95d5-4a3e-9a05-33f898bbd69f', '22a160e8-c343-432d-b9a4-3b58558bdf6a', 5, 100.00);
INSERT INTO OrderItems (id, order_id, product_id, variant_id, quantity, unit_price) VALUES ('7910ef08-1107-4ed5-a4cb-4043045e39ba', '5a967093-35f9-48c8-a5b6-8d85f473e98d', '02238a0c-dc05-46c9-8825-c2c7709f2b0f', 'a2fd6aa6-6987-4276-bb53-efa1f552a31c', 3, 100.00);
INSERT INTO Payments (id, order_id, transaction_id, provider, status, amount) VALUES ('0b407671-3d49-429a-8f8a-c1cfe39dc4e4', '5a967093-35f9-48c8-a5b6-8d85f473e98d', 'TX-877A5655-177', 'Stripe', 'failed', 2702.63);
INSERT INTO Orders (id, user_id, status, total_amount, currency, created_at) VALUES ('a70e69d2-8c09-4c78-9054-e9f70fe47615', 'a7c23564-7cf7-466b-af52-d5f5265df2c3', 'refunded', 9325.05, 'EUR', '2026-03-14 04:17:55');
INSERT INTO OrderItems (id, order_id, product_id, variant_id, quantity, unit_price) VALUES ('c7811bb1-1f2f-4765-8523-cd09d4a189e3', 'a70e69d2-8c09-4c78-9054-e9f70fe47615', '47f429de-7681-47bb-8f91-92d1ea6d8d4d', '459598c0-6f66-407a-be3e-3e393637bf04', 4, 100.00);
INSERT INTO Payments (id, order_id, transaction_id, provider, status, amount) VALUES ('495fe9bc-43e3-4d6d-85be-1c23bf9b217d', 'a70e69d2-8c09-4c78-9054-e9f70fe47615', 'TX-746FDE39-8E5', 'Stripe', 'refunded', 9325.05);
INSERT INTO Orders (id, user_id, status, total_amount, currency, created_at) VALUES ('598e5889-d68b-49c3-9f40-801f070563f2', '71b0878f-6be6-4824-a55e-0f02212cb5c7', 'pending', 528.95, 'JPY', '2026-03-17 04:17:55');
INSERT INTO OrderItems (id, order_id, product_id, variant_id, quantity, unit_price) VALUES ('fd4e95fd-db9c-492c-8504-dc1a9a6bb2f5', '598e5889-d68b-49c3-9f40-801f070563f2', 'baea902a-95d5-4a3e-9a05-33f898bbd69f', 'e67557af-6b71-4469-b8eb-b2b19a9a42e2', 4, 100.00);
INSERT INTO Payments (id, order_id, transaction_id, provider, status, amount) VALUES ('525fdb12-291a-4887-a557-ae17e9d4aae6', '598e5889-d68b-49c3-9f40-801f070563f2', 'TX-192E99A8-107', 'Stripe', 'processing', 528.95);
INSERT INTO Orders (id, user_id, status, total_amount, currency, created_at) VALUES ('c4fc8bcb-ee62-4753-ab46-2c0a3af07a34', '4d100011-9113-4a30-91c9-c4cfdcdd09eb', 'refunded', 3346.34, 'USD', '2026-03-14 04:17:55');
INSERT INTO OrderItems (id, order_id, product_id, variant_id, quantity, unit_price) VALUES ('cab693a7-37c3-44bd-ad9b-8c714db371f5', 'c4fc8bcb-ee62-4753-ab46-2c0a3af07a34', '2c23bc5f-3123-4116-9e56-8eb931fcb187', '6c1dc3af-27d9-4320-987a-56122d188212', 3, 100.00);
INSERT INTO OrderItems (id, order_id, product_id, variant_id, quantity, unit_price) VALUES ('e4dd8dfd-7453-418c-a7ec-85ad17650f50', 'c4fc8bcb-ee62-4753-ab46-2c0a3af07a34', '7587a3bb-676d-4b31-9989-b7f9a455a37e', 'd044305a-d93b-463e-a773-0c893ae55a71', 5, 100.00);
INSERT INTO Payments (id, order_id, transaction_id, provider, status, amount) VALUES ('812e1145-6ae7-44ff-9ee8-8a6e55f05b1e', 'c4fc8bcb-ee62-4753-ab46-2c0a3af07a34', 'TX-EA1EEB89-BDE', 'Stripe', 'success', 3346.34);
INSERT INTO Orders (id, user_id, status, total_amount, currency, created_at) VALUES ('248cc597-d156-426d-adde-040adc612afa', '112711f2-4396-4927-99af-2ae2d541ddac', 'cancelled', 3186.21, 'AUD', '2026-04-04 04:17:55');
INSERT INTO OrderItems (id, order_id, product_id, variant_id, quantity, unit_price) VALUES ('b5fd6c79-d7ca-4fb4-a6aa-da0e13202456', '248cc597-d156-426d-adde-040adc612afa', 'fbe52f5d-27ff-46df-b651-49a51d60c3a3', 'de8c7cc5-80fd-47f3-a27c-c0d1673b8017', 4, 100.00);
INSERT INTO OrderItems (id, order_id, product_id, variant_id, quantity, unit_price) VALUES ('efbee70b-5009-48ae-9ac8-b19e511e9ae6', '248cc597-d156-426d-adde-040adc612afa', 'f283e059-ee31-4b83-97d6-10f173af01c5', '7e6b7164-fb24-4778-bf74-838e223f3095', 4, 100.00);
INSERT INTO Payments (id, order_id, transaction_id, provider, status, amount) VALUES ('50505914-013b-446e-bb50-e61805f9a5f9', '248cc597-d156-426d-adde-040adc612afa', 'TX-8A7C0DF0-24A', 'Stripe', 'success', 3186.21);
INSERT INTO Orders (id, user_id, status, total_amount, currency, created_at) VALUES ('038835c8-8f00-4e1d-a1da-7bc59ccdbbf5', 'c43c946e-37bd-4925-a469-ec9961ff8f5c', 'failed', 4966.86, 'EUR', '2026-03-29 04:17:55');
INSERT INTO OrderItems (id, order_id, product_id, variant_id, quantity, unit_price) VALUES ('09d74989-35fa-46c8-be35-d83b02dc9009', '038835c8-8f00-4e1d-a1da-7bc59ccdbbf5', 'ae3d0944-88c4-4baa-bd15-6c8f8da06862', 'f4e0b8e4-7ed2-4c52-adb9-b9c0c716de99', 4, 100.00);
INSERT INTO Payments (id, order_id, transaction_id, provider, status, amount) VALUES ('4b392fa8-c03f-4ebc-9616-e9b8f27ddfc4', '038835c8-8f00-4e1d-a1da-7bc59ccdbbf5', 'TX-976F811A-BCD', 'Stripe', 'processing', 4966.86);
INSERT INTO Orders (id, user_id, status, total_amount, currency, created_at) VALUES ('f1abbc1d-bd85-44e2-90be-7aa40dba75ec', '47c9c174-7c29-4885-bb02-f0baff03a01c', 'completed', 3081.30, 'AUD', '2026-03-17 04:17:55');
INSERT INTO OrderItems (id, order_id, product_id, variant_id, quantity, unit_price) VALUES ('9fdad8bb-e84e-43c5-8539-a9da665ee16d', 'f1abbc1d-bd85-44e2-90be-7aa40dba75ec', '01ad9202-0e28-4776-9a34-b7c8e3a75236', 'f4e0b8e4-7ed2-4c52-adb9-b9c0c716de99', 3, 100.00);
INSERT INTO Payments (id, order_id, transaction_id, provider, status, amount) VALUES ('f5e8da14-0182-4d28-a7fa-8c5abb3b2023', 'f1abbc1d-bd85-44e2-90be-7aa40dba75ec', 'TX-FE713F11-D80', 'Stripe', 'failed', 3081.30);
INSERT INTO Orders (id, user_id, status, total_amount, currency, created_at) VALUES ('78b4f199-081d-4fe4-a699-5e1112d61f14', 'f37ae365-6f08-496b-8e1f-a3b7469f45bf', 'completed', 2497.87, 'JPY', '2026-03-07 04:17:55');
INSERT INTO OrderItems (id, order_id, product_id, variant_id, quantity, unit_price) VALUES ('9dc7c755-e6ee-472e-8286-5e0f7b5b9a9d', '78b4f199-081d-4fe4-a699-5e1112d61f14', '2c23bc5f-3123-4116-9e56-8eb931fcb187', 'e2011c4c-80c2-4b60-b27e-186782ee72c8', 4, 100.00);
INSERT INTO Payments (id, order_id, transaction_id, provider, status, amount) VALUES ('839ab08b-94cf-4e9c-beb4-5eac3e02d109', '78b4f199-081d-4fe4-a699-5e1112d61f14', 'TX-41AE3DC2-E4A', 'Stripe', 'processing', 2497.87);
INSERT INTO Orders (id, user_id, status, total_amount, currency, created_at) VALUES ('55c9d95e-67d8-47ee-a63c-2a3031388496', 'f70d7277-fce4-4f4a-924f-2196bafab52d', 'completed', 3831.69, 'EUR', '2026-03-21 04:17:55');
INSERT INTO OrderItems (id, order_id, product_id, variant_id, quantity, unit_price) VALUES ('1cca4b5e-7632-45d2-98ee-b807af2a7ba1', '55c9d95e-67d8-47ee-a63c-2a3031388496', '7e567ca5-c03f-4acd-a82e-b4f668712fa3', 'd559830c-f260-47bc-a13b-43694dfa850e', 2, 100.00);
INSERT INTO OrderItems (id, order_id, product_id, variant_id, quantity, unit_price) VALUES ('6fde7024-88f8-45d2-b0c1-7b929f477e1b', '55c9d95e-67d8-47ee-a63c-2a3031388496', 'a2b4430f-e7d5-457b-b156-7f04cdad7e08', '816a0e7e-aea1-4edb-a1c7-aea8bf95d259', 1, 100.00);
INSERT INTO Payments (id, order_id, transaction_id, provider, status, amount) VALUES ('287c95f1-2151-4188-a8b4-2521784e89c2', '55c9d95e-67d8-47ee-a63c-2a3031388496', 'TX-34E2F731-014', 'Stripe', 'processing', 3831.69);
INSERT INTO Orders (id, user_id, status, total_amount, currency, created_at) VALUES ('ebac32a6-e88b-4b06-9844-cc75c97fd97b', 'ee0a4518-9d43-44da-9ffc-0de60cb66ce1', 'cancelled', 3895.53, 'JPY', '2026-03-24 04:17:55');
INSERT INTO OrderItems (id, order_id, product_id, variant_id, quantity, unit_price) VALUES ('516fa5e9-a310-461e-bf03-b6cb2c753502', 'ebac32a6-e88b-4b06-9844-cc75c97fd97b', '46bd3d91-5ad3-40a1-8b96-368b1ad74693', '6449a969-6115-4964-8747-d33627b26987', 5, 100.00);
INSERT INTO OrderItems (id, order_id, product_id, variant_id, quantity, unit_price) VALUES ('a73bdeb1-365e-402c-a25b-d3abee6ffacc', 'ebac32a6-e88b-4b06-9844-cc75c97fd97b', '8a4bbeb9-ce0a-42d2-b1b1-f8ea154e0f2f', '451634dc-3282-48aa-b243-f06be0e62670', 5, 100.00);
INSERT INTO Payments (id, order_id, transaction_id, provider, status, amount) VALUES ('30a00716-9416-4c6a-9caf-ed513fc54361', 'ebac32a6-e88b-4b06-9844-cc75c97fd97b', 'TX-CDACA119-7AC', 'Stripe', 'refunded', 3895.53);
INSERT INTO Orders (id, user_id, status, total_amount, currency, created_at) VALUES ('3b70fb39-e41a-4658-b11e-cb41d184c50e', '9c366b13-fe10-43d2-930a-ca82991642f8', 'pending', 1532.90, 'GBP', '2026-03-23 04:17:55');
INSERT INTO OrderItems (id, order_id, product_id, variant_id, quantity, unit_price) VALUES ('77cad30e-511f-4d72-8562-435977d20935', '3b70fb39-e41a-4658-b11e-cb41d184c50e', 'a2b4430f-e7d5-457b-b156-7f04cdad7e08', 'cdb2a583-5b14-4dc3-add5-01bc1466ddb9', 4, 100.00);
INSERT INTO OrderItems (id, order_id, product_id, variant_id, quantity, unit_price) VALUES ('861a01f9-92df-4e83-8d51-55a44480d58a', '3b70fb39-e41a-4658-b11e-cb41d184c50e', 'e78bc9ed-ee17-4ca9-bbd7-2761e9651067', '4a720917-f52f-4de2-80c2-9deae8a0cef4', 4, 100.00);
INSERT INTO OrderItems (id, order_id, product_id, variant_id, quantity, unit_price) VALUES ('45693720-41c5-4b1b-b1a2-6ca6b77bcbbc', '3b70fb39-e41a-4658-b11e-cb41d184c50e', '65571d32-e3dd-46cb-a382-9242b854ee6c', '451634dc-3282-48aa-b243-f06be0e62670', 3, 100.00);
INSERT INTO OrderItems (id, order_id, product_id, variant_id, quantity, unit_price) VALUES ('d390707f-4a94-41e2-b7d9-65519405207c', '3b70fb39-e41a-4658-b11e-cb41d184c50e', 'c5e7734c-6749-4292-b0b8-35d17464ddfd', 'f864406b-61b4-4a05-8b55-30b44373e55a', 1, 100.00);
INSERT INTO Payments (id, order_id, transaction_id, provider, status, amount) VALUES ('540fd35d-5688-4c82-8310-9df21be6ee60', '3b70fb39-e41a-4658-b11e-cb41d184c50e', 'TX-35098063-B65', 'Stripe', 'refunded', 1532.90);
INSERT INTO Orders (id, user_id, status, total_amount, currency, created_at) VALUES ('932f4d67-7b9a-49dd-be37-75ffe7e3597b', '0f8b96db-6b12-4d7d-94f8-e2a5a2223cca', 'refunded', 7054.60, 'JPY', '2026-03-19 04:17:55');
INSERT INTO OrderItems (id, order_id, product_id, variant_id, quantity, unit_price) VALUES ('cfe99feb-1fd9-452d-a104-e143dbc4cea2', '932f4d67-7b9a-49dd-be37-75ffe7e3597b', '0c208476-dc50-4a69-b6e1-bd9016796f7d', 'f357e0bb-914c-486a-a939-b21cec25bce2', 3, 100.00);
INSERT INTO Payments (id, order_id, transaction_id, provider, status, amount) VALUES ('68a3fbac-b6a5-4ae8-bfcf-2e4d63377d1a', '932f4d67-7b9a-49dd-be37-75ffe7e3597b', 'TX-A89E1329-B0C', 'Stripe', 'success', 7054.60);
INSERT INTO Orders (id, user_id, status, total_amount, currency, created_at) VALUES ('272040db-1cb0-4ed5-bc8f-acd8f9062119', 'ee0a4518-9d43-44da-9ffc-0de60cb66ce1', 'failed', 7327.72, 'JPY', '2026-03-24 04:17:55');
INSERT INTO OrderItems (id, order_id, product_id, variant_id, quantity, unit_price) VALUES ('b19b0679-e981-4a38-a91e-75434284993c', '272040db-1cb0-4ed5-bc8f-acd8f9062119', '47f429de-7681-47bb-8f91-92d1ea6d8d4d', 'd9dca0af-f41d-4d8c-8877-1b0bef40b91b', 2, 100.00);
INSERT INTO OrderItems (id, order_id, product_id, variant_id, quantity, unit_price) VALUES ('cd5b3ff7-ecfb-4074-8285-c16c926be403', '272040db-1cb0-4ed5-bc8f-acd8f9062119', 'ffb95efe-2c6a-40a8-a5ae-b9884cea2a44', '7fae0262-53f8-488e-ad39-c8a8e30046d0', 1, 100.00);
INSERT INTO OrderItems (id, order_id, product_id, variant_id, quantity, unit_price) VALUES ('07c595eb-a73c-4a50-b9f9-a4d53bb00bfb', '272040db-1cb0-4ed5-bc8f-acd8f9062119', 'd9123ae9-f36c-4c9b-a7ab-ca01cf81655a', '6dfe0527-cb9d-49f6-91b9-78e846b35599', 2, 100.00);
INSERT INTO Payments (id, order_id, transaction_id, provider, status, amount) VALUES ('897f2f8b-e294-4a50-8f6d-cbad0c478ce5', '272040db-1cb0-4ed5-bc8f-acd8f9062119', 'TX-EE65893D-9B1', 'Stripe', 'failed', 7327.72);
INSERT INTO Orders (id, user_id, status, total_amount, currency, created_at) VALUES ('143659ee-f08e-47cb-8b65-e86edcc97132', '112711f2-4396-4927-99af-2ae2d541ddac', 'failed', 3396.44, 'INR', '2026-03-27 04:17:55');
INSERT INTO OrderItems (id, order_id, product_id, variant_id, quantity, unit_price) VALUES ('10118b04-e678-4655-8f01-9fb64ddbe76d', '143659ee-f08e-47cb-8b65-e86edcc97132', 'd0178575-add7-4458-9cc9-7852d0cd76cc', '871889e3-5c2d-400e-bc05-eaa74908580d', 2, 100.00);
INSERT INTO OrderItems (id, order_id, product_id, variant_id, quantity, unit_price) VALUES ('80ce6044-8faf-4cfc-b2a7-6113932a087a', '143659ee-f08e-47cb-8b65-e86edcc97132', '2281bd86-23db-43b8-834e-a90f0f4fc38d', '067e65b9-eeea-4d86-b6ee-7c9aed7acb5a', 3, 100.00);
INSERT INTO OrderItems (id, order_id, product_id, variant_id, quantity, unit_price) VALUES ('729153a5-7a47-49b6-bb27-8e4a480cd81b', '143659ee-f08e-47cb-8b65-e86edcc97132', 'f2cfe336-aa63-4088-ab1f-218660f0dede', '33f44399-42ac-4395-9d6f-202bf2e41ab8', 4, 100.00);
INSERT INTO OrderItems (id, order_id, product_id, variant_id, quantity, unit_price) VALUES ('9bd1d880-4362-4889-926b-f91899b2473d', '143659ee-f08e-47cb-8b65-e86edcc97132', 'b9d51b0f-faa0-4ea0-98fc-14b31cf371a6', '691ec899-ea98-479c-abd0-b9c76ec16271', 4, 100.00);
INSERT INTO Payments (id, order_id, transaction_id, provider, status, amount) VALUES ('e2506f4e-35d6-4814-b2af-8fbe63b7001f', '143659ee-f08e-47cb-8b65-e86edcc97132', 'TX-4D057EE6-BE5', 'Stripe', 'refunded', 3396.44);
INSERT INTO Orders (id, user_id, status, total_amount, currency, created_at) VALUES ('9950a987-baf0-4560-96da-df57d6f43b5f', '0165d3eb-25d9-493d-b189-aa1165c571c7', 'failed', 81.42, 'USD', '2026-03-17 04:17:55');
INSERT INTO OrderItems (id, order_id, product_id, variant_id, quantity, unit_price) VALUES ('71062b11-d170-4692-aa3e-0997a8e53353', '9950a987-baf0-4560-96da-df57d6f43b5f', 'd284aa03-c5c2-4550-a8ef-aaf990044d58', '7e6b7164-fb24-4778-bf74-838e223f3095', 2, 100.00);
INSERT INTO OrderItems (id, order_id, product_id, variant_id, quantity, unit_price) VALUES ('5277da56-2567-4f65-a832-9df65780b1cd', '9950a987-baf0-4560-96da-df57d6f43b5f', 'f97a5393-a2aa-4fa0-a6c3-7bce305c23e5', 'b8331e43-995f-4133-9a77-ee4b49021fea', 3, 100.00);
INSERT INTO OrderItems (id, order_id, product_id, variant_id, quantity, unit_price) VALUES ('6d582403-df5b-4a91-8bf3-a87d2c43be36', '9950a987-baf0-4560-96da-df57d6f43b5f', 'fcad6c3b-045d-46a2-9512-71d4d64b9cc5', '8776b3df-adfd-426a-9ae9-7111eebeee6d', 4, 100.00);
INSERT INTO Payments (id, order_id, transaction_id, provider, status, amount) VALUES ('e439fc05-7d45-48bb-8b53-2d7cb1a8c092', '9950a987-baf0-4560-96da-df57d6f43b5f', 'TX-EE0683A5-60A', 'Stripe', 'failed', 81.42);
INSERT INTO Orders (id, user_id, status, total_amount, currency, created_at) VALUES ('18e89ccd-8e15-478b-b44a-eac7466822d6', '780f0854-0613-4798-b309-664b79200f3b', 'cancelled', 811.78, 'INR', '2026-03-07 04:17:55');
INSERT INTO OrderItems (id, order_id, product_id, variant_id, quantity, unit_price) VALUES ('ffd17af7-130f-4b89-a117-eaa6d2324831', '18e89ccd-8e15-478b-b44a-eac7466822d6', '0dffb0f8-aad9-4814-8399-031d153b4b25', 'a366bca6-4705-436e-947e-24cf5b05b463', 4, 100.00);
INSERT INTO Payments (id, order_id, transaction_id, provider, status, amount) VALUES ('45d7e546-7c99-4ffd-9af4-f8d55f2143ba', '18e89ccd-8e15-478b-b44a-eac7466822d6', 'TX-AF8A243D-A96', 'Stripe', 'processing', 811.78);
INSERT INTO Orders (id, user_id, status, total_amount, currency, created_at) VALUES ('e495227f-2b63-4934-9ef8-098d1acbf676', '2409e2b3-3ef1-476a-b57f-07baef5d118a', 'cancelled', 8571.22, 'EUR', '2026-03-20 04:17:55');
INSERT INTO OrderItems (id, order_id, product_id, variant_id, quantity, unit_price) VALUES ('5c9f871d-6d00-4d07-95b8-579961d1a18a', 'e495227f-2b63-4934-9ef8-098d1acbf676', '674eb1d9-17c9-492f-bf1c-01cc09821d6c', '29bf7663-a54b-4a49-83a9-ae88b6eecd28', 1, 100.00);
INSERT INTO OrderItems (id, order_id, product_id, variant_id, quantity, unit_price) VALUES ('1ae4b8a8-0a83-4fba-97ad-17aad8cf1b86', 'e495227f-2b63-4934-9ef8-098d1acbf676', '407d1549-028f-45ae-b8fd-046141c6822a', '18a614e1-c25d-410f-9741-69fa00aa12ff', 5, 100.00);
INSERT INTO OrderItems (id, order_id, product_id, variant_id, quantity, unit_price) VALUES ('a615b0a9-b05d-4ed7-91ee-f6881aed6b03', 'e495227f-2b63-4934-9ef8-098d1acbf676', '1420c7e0-b753-40be-8178-a4aa7033ed9b', '691ec899-ea98-479c-abd0-b9c76ec16271', 4, 100.00);
INSERT INTO OrderItems (id, order_id, product_id, variant_id, quantity, unit_price) VALUES ('416b1a2c-805a-48cf-8b91-3a316ca85b35', 'e495227f-2b63-4934-9ef8-098d1acbf676', '4d6f5c68-d6ce-431b-85c4-c3cc843248b9', '22a160e8-c343-432d-b9a4-3b58558bdf6a', 5, 100.00);
INSERT INTO Payments (id, order_id, transaction_id, provider, status, amount) VALUES ('54274f6c-7612-462d-9965-cfa8a404567e', 'e495227f-2b63-4934-9ef8-098d1acbf676', 'TX-0B5E8A60-F87', 'Stripe', 'processing', 8571.22);
INSERT INTO Orders (id, user_id, status, total_amount, currency, created_at) VALUES ('3459fb4c-daa5-45ac-8485-aa1595882e91', '919d464a-abe3-4752-aba8-1e86c1bfdc7b', 'refunded', 250.90, 'GBP', '2026-03-15 04:17:55');
INSERT INTO OrderItems (id, order_id, product_id, variant_id, quantity, unit_price) VALUES ('b968b936-9110-4c1a-93fe-c7c5906bef99', '3459fb4c-daa5-45ac-8485-aa1595882e91', '5dc7d2be-8170-406e-9bf2-4ba3b427e977', 'cd4f2d38-4d37-4828-b656-9c883213d890', 3, 100.00);
INSERT INTO OrderItems (id, order_id, product_id, variant_id, quantity, unit_price) VALUES ('16de2425-c32d-4f04-baa0-60517fd15d5b', '3459fb4c-daa5-45ac-8485-aa1595882e91', '46bd3d91-5ad3-40a1-8b96-368b1ad74693', 'e3ad9962-3827-49c6-9a41-5c19e49c3560', 4, 100.00);
INSERT INTO OrderItems (id, order_id, product_id, variant_id, quantity, unit_price) VALUES ('38c43077-7dd6-43f1-a925-ee71c67f6fdc', '3459fb4c-daa5-45ac-8485-aa1595882e91', 'f1bbe195-8e80-48a3-9303-229bf6ba3ccf', 'a2fd6aa6-6987-4276-bb53-efa1f552a31c', 1, 100.00);
INSERT INTO OrderItems (id, order_id, product_id, variant_id, quantity, unit_price) VALUES ('dadaee9a-5982-44a6-b3d7-d91960e0c5d9', '3459fb4c-daa5-45ac-8485-aa1595882e91', '746355f1-d150-485a-bba8-7bf7f927af03', '0d5e2b7b-1979-4e2f-b6b7-3f6613091ab8', 5, 100.00);
INSERT INTO Payments (id, order_id, transaction_id, provider, status, amount) VALUES ('f12848a5-d084-4103-a4e2-34842b99582a', '3459fb4c-daa5-45ac-8485-aa1595882e91', 'TX-124D7E3E-17B', 'Stripe', 'failed', 250.90);
INSERT INTO Orders (id, user_id, status, total_amount, currency, created_at) VALUES ('6095eb50-df5c-459b-8340-b2288ce65ba8', '8c58d206-f29b-460b-bfe3-b017dad5390b', 'pending', 8467.31, 'AUD', '2026-03-30 04:17:55');
INSERT INTO OrderItems (id, order_id, product_id, variant_id, quantity, unit_price) VALUES ('02c33ed2-1e39-4464-9f1b-af13fed1b99f', '6095eb50-df5c-459b-8340-b2288ce65ba8', 'c48cbeec-c08d-4321-9e22-425b5fb8eb24', '61dec7fe-59ac-4afe-98e5-273367e67546', 5, 100.00);
INSERT INTO Payments (id, order_id, transaction_id, provider, status, amount) VALUES ('60c045c9-ae2d-4367-b391-816fb0e496b8', '6095eb50-df5c-459b-8340-b2288ce65ba8', 'TX-AB3A35EF-731', 'Stripe', 'processing', 8467.31);
INSERT INTO Orders (id, user_id, status, total_amount, currency, created_at) VALUES ('7f885e82-f0bc-40b9-936f-bbc4deac4d65', '2409e2b3-3ef1-476a-b57f-07baef5d118a', 'pending', 2715.40, 'EUR', '2026-03-30 04:17:55');
INSERT INTO OrderItems (id, order_id, product_id, variant_id, quantity, unit_price) VALUES ('68d613c2-d6dc-4538-b28a-f9449dfc35de', '7f885e82-f0bc-40b9-936f-bbc4deac4d65', 'e17a8a3c-6b94-4190-a1bb-ac6f190c2572', 'cc0c90fa-28e6-4e25-afc2-210e9a1cc3dd', 4, 100.00);
INSERT INTO OrderItems (id, order_id, product_id, variant_id, quantity, unit_price) VALUES ('74bf1a49-f939-4560-a6c8-7095e0b364b0', '7f885e82-f0bc-40b9-936f-bbc4deac4d65', 'a2b4430f-e7d5-457b-b156-7f04cdad7e08', 'a2fd6aa6-6987-4276-bb53-efa1f552a31c', 5, 100.00);
INSERT INTO OrderItems (id, order_id, product_id, variant_id, quantity, unit_price) VALUES ('e4ab0c0e-ff56-4a3a-b9ad-98497c024276', '7f885e82-f0bc-40b9-936f-bbc4deac4d65', 'e17a8a3c-6b94-4190-a1bb-ac6f190c2572', 'cc0c90fa-28e6-4e25-afc2-210e9a1cc3dd', 2, 100.00);
INSERT INTO OrderItems (id, order_id, product_id, variant_id, quantity, unit_price) VALUES ('1a3ff104-6b68-4d8e-820f-e7a7ed2cb99c', '7f885e82-f0bc-40b9-936f-bbc4deac4d65', '389c5938-f935-4163-a8c6-104b4642dcac', '02365730-6877-4a1a-a504-896f628dc793', 5, 100.00);
INSERT INTO Payments (id, order_id, transaction_id, provider, status, amount) VALUES ('d2bc1fbc-1149-4caa-a13f-140ab0e0fc76', '7f885e82-f0bc-40b9-936f-bbc4deac4d65', 'TX-0E5342DF-70D', 'Stripe', 'processing', 2715.40);
INSERT INTO Orders (id, user_id, status, total_amount, currency, created_at) VALUES ('f4aae850-da79-447f-aee0-c32abe0193e1', '4addac3c-3df5-4eee-949b-1dff0d2a7669', 'refunded', 5648.34, 'INR', '2026-03-18 04:17:55');
INSERT INTO OrderItems (id, order_id, product_id, variant_id, quantity, unit_price) VALUES ('ee726db0-41f0-4b43-bcbe-44b05963809f', 'f4aae850-da79-447f-aee0-c32abe0193e1', 'f2cfe336-aa63-4088-ab1f-218660f0dede', '991b0054-b0e2-412d-a214-7ab199cf620e', 2, 100.00);
INSERT INTO OrderItems (id, order_id, product_id, variant_id, quantity, unit_price) VALUES ('1b39973d-aca7-46ad-8c07-f0cd97c50ee5', 'f4aae850-da79-447f-aee0-c32abe0193e1', 'c48cbeec-c08d-4321-9e22-425b5fb8eb24', '71cb1e3b-2a93-4b9c-b37a-5b0470a62071', 1, 100.00);
INSERT INTO OrderItems (id, order_id, product_id, variant_id, quantity, unit_price) VALUES ('3c71ff39-0755-44ac-8d66-e786994d6255', 'f4aae850-da79-447f-aee0-c32abe0193e1', '443cb7df-eff2-42b5-ac5b-2972bccd124d', '55012cbb-7bd2-4822-b82a-9141b8fe6f36', 3, 100.00);
INSERT INTO Payments (id, order_id, transaction_id, provider, status, amount) VALUES ('cf728ef7-e7d4-4511-b8cd-b18d7ea2046b', 'f4aae850-da79-447f-aee0-c32abe0193e1', 'TX-93DB44D2-1B0', 'Stripe', 'refunded', 5648.34);
INSERT INTO Orders (id, user_id, status, total_amount, currency, created_at) VALUES ('6dbe1890-1777-4eac-aad6-97ff088d344d', 'de71788d-d93a-419b-a1f1-03c27e71cef7', 'cancelled', 1638.00, 'EUR', '2026-03-11 04:17:55');
INSERT INTO OrderItems (id, order_id, product_id, variant_id, quantity, unit_price) VALUES ('5ae7848f-5504-47a8-9b32-64265d9ab52d', '6dbe1890-1777-4eac-aad6-97ff088d344d', '44770228-9a29-4ad4-9704-b2ee30a48346', '4c2cfa9e-f2c5-4f0e-a06c-a74583781b0a', 2, 100.00);
INSERT INTO Payments (id, order_id, transaction_id, provider, status, amount) VALUES ('c56b41d1-e154-4813-977b-ca9991e5ca0d', '6dbe1890-1777-4eac-aad6-97ff088d344d', 'TX-FE83D30B-479', 'Stripe', 'refunded', 1638.00);
INSERT INTO Orders (id, user_id, status, total_amount, currency, created_at) VALUES ('57388251-ae49-48fb-a1b1-bb3f0af61f04', 'e6499594-121d-40eb-883d-a585001ad516', 'pending', 986.91, 'USD', '2026-03-10 04:17:55');
INSERT INTO OrderItems (id, order_id, product_id, variant_id, quantity, unit_price) VALUES ('6c3619e8-642e-4be3-b1a6-893e445d902b', '57388251-ae49-48fb-a1b1-bb3f0af61f04', 'b287a075-58bd-4499-b78b-d82c0daf0054', '21f0d8ae-3670-4323-b275-5838377aa50d', 5, 100.00);
INSERT INTO OrderItems (id, order_id, product_id, variant_id, quantity, unit_price) VALUES ('534be7f9-aa17-487d-b432-e40b2206e03f', '57388251-ae49-48fb-a1b1-bb3f0af61f04', 'd4bd628f-2985-46d2-b473-3d919539a8b7', 'aa800bbd-aafd-4912-8bdf-a6a1ebc464e3', 4, 100.00);
INSERT INTO Payments (id, order_id, transaction_id, provider, status, amount) VALUES ('60bccbfa-6441-464f-a044-b828649a5684', '57388251-ae49-48fb-a1b1-bb3f0af61f04', 'TX-C47071C3-0D5', 'Stripe', 'refunded', 986.91);
INSERT INTO Orders (id, user_id, status, total_amount, currency, created_at) VALUES ('960a5f18-8ab3-4de1-9565-913d29a9bda0', '919d464a-abe3-4752-aba8-1e86c1bfdc7b', 'failed', 3685.24, 'INR', '2026-03-18 04:17:55');
INSERT INTO OrderItems (id, order_id, product_id, variant_id, quantity, unit_price) VALUES ('ee9d0fd7-8645-4a34-bed4-1ba9f2fce4d1', '960a5f18-8ab3-4de1-9565-913d29a9bda0', 'a8bf1ec3-bafa-4c35-8d64-36120c795724', '3e3ad2a1-ee93-4c63-bcf2-f459a85d4242', 4, 100.00);
INSERT INTO OrderItems (id, order_id, product_id, variant_id, quantity, unit_price) VALUES ('b9676f37-2d33-48b9-8cd7-0deb88aee722', '960a5f18-8ab3-4de1-9565-913d29a9bda0', 'fbe52f5d-27ff-46df-b651-49a51d60c3a3', '451634dc-3282-48aa-b243-f06be0e62670', 4, 100.00);
INSERT INTO OrderItems (id, order_id, product_id, variant_id, quantity, unit_price) VALUES ('a62ba9e5-3b2c-452a-ac84-4dc3a43601d3', '960a5f18-8ab3-4de1-9565-913d29a9bda0', 'e6d3dc82-5105-4726-a585-2afd52be5e02', '2557e127-9af8-4e51-8203-6f10a07087c5', 2, 100.00);
INSERT INTO Payments (id, order_id, transaction_id, provider, status, amount) VALUES ('82dd421e-86d7-4c65-aa37-397b4644399d', '960a5f18-8ab3-4de1-9565-913d29a9bda0', 'TX-2B9ABD85-684', 'Stripe', 'failed', 3685.24);
INSERT INTO Orders (id, user_id, status, total_amount, currency, created_at) VALUES ('bfdeafb4-ec13-4083-a39a-7f0a947ad0d9', '92cbfdca-506b-4a50-900c-002e1e625e10', 'cancelled', 1303.56, 'EUR', '2026-03-07 04:17:55');
INSERT INTO OrderItems (id, order_id, product_id, variant_id, quantity, unit_price) VALUES ('0bd3fb8b-a47c-48a1-a36b-c48d449e4cc6', 'bfdeafb4-ec13-4083-a39a-7f0a947ad0d9', '8a4bbeb9-ce0a-42d2-b1b1-f8ea154e0f2f', 'a0c61e03-caa8-4b24-b653-b91d3d848929', 5, 100.00);
INSERT INTO OrderItems (id, order_id, product_id, variant_id, quantity, unit_price) VALUES ('d5344770-dedc-4a60-b22b-7cd1f61c8596', 'bfdeafb4-ec13-4083-a39a-7f0a947ad0d9', '443cb7df-eff2-42b5-ac5b-2972bccd124d', '7c058ea1-c5ef-478e-9127-ffcf24d3c5a1', 5, 100.00);
INSERT INTO OrderItems (id, order_id, product_id, variant_id, quantity, unit_price) VALUES ('17a43968-0435-431e-aaff-46016191fafe', 'bfdeafb4-ec13-4083-a39a-7f0a947ad0d9', '08bbf987-f4d5-4c5b-9d27-239dae31911b', 'a55899c5-b4ff-40c9-afb1-348c79621317', 4, 100.00);
INSERT INTO OrderItems (id, order_id, product_id, variant_id, quantity, unit_price) VALUES ('7ffd9b7e-895c-4b33-86f1-739444831558', 'bfdeafb4-ec13-4083-a39a-7f0a947ad0d9', '1420c7e0-b753-40be-8178-a4aa7033ed9b', '7cc98262-282f-42eb-baa1-dd90d137b5fd', 1, 100.00);
INSERT INTO Payments (id, order_id, transaction_id, provider, status, amount) VALUES ('3fc116b8-c108-4731-a920-c6f65834ae03', 'bfdeafb4-ec13-4083-a39a-7f0a947ad0d9', 'TX-AEB7CE90-550', 'Stripe', 'success', 1303.56);
INSERT INTO Orders (id, user_id, status, total_amount, currency, created_at) VALUES ('f4a77ebe-705f-4422-830b-976dbaa055fb', '46a5f60b-0cb8-4a63-b607-7640f0be3ff0', 'refunded', 2159.09, 'EUR', '2026-03-20 04:17:55');
INSERT INTO OrderItems (id, order_id, product_id, variant_id, quantity, unit_price) VALUES ('12e3fb77-1f05-4cdb-b19c-c0a003636658', 'f4a77ebe-705f-4422-830b-976dbaa055fb', '45d438ab-0798-4320-ac10-f529660c3747', 'ff0e2c66-7aef-40a1-81c1-68a921020d23', 3, 100.00);
INSERT INTO OrderItems (id, order_id, product_id, variant_id, quantity, unit_price) VALUES ('431c8d76-3c7f-4d8f-b376-0e4afaacc29b', 'f4a77ebe-705f-4422-830b-976dbaa055fb', '1420c7e0-b753-40be-8178-a4aa7033ed9b', '975c31d7-801b-4b47-89f7-36be0cfb1288', 4, 100.00);
INSERT INTO OrderItems (id, order_id, product_id, variant_id, quantity, unit_price) VALUES ('9c76794c-ad5d-4d05-9221-02ef15bccff4', 'f4a77ebe-705f-4422-830b-976dbaa055fb', '66cb9293-764c-434e-b863-36af29a589c8', '0c76772a-36f9-45fb-83fd-b20f41adc857', 4, 100.00);
INSERT INTO OrderItems (id, order_id, product_id, variant_id, quantity, unit_price) VALUES ('8bfa550d-51af-4969-8e67-315a79b9db58', 'f4a77ebe-705f-4422-830b-976dbaa055fb', 'f283e059-ee31-4b83-97d6-10f173af01c5', '70e6c985-56dd-433d-a9e3-efa674ac39db', 2, 100.00);
INSERT INTO Payments (id, order_id, transaction_id, provider, status, amount) VALUES ('50e79353-dcd5-46a4-a19e-e7e3a4d537f6', 'f4a77ebe-705f-4422-830b-976dbaa055fb', 'TX-8271CDF7-CD1', 'Stripe', 'failed', 2159.09);
INSERT INTO Orders (id, user_id, status, total_amount, currency, created_at) VALUES ('322bff86-9fd0-4cf7-ac67-18b5969840aa', '40531f5f-2399-49aa-ac6f-d4800085388b', 'refunded', 1867.65, 'JPY', '2026-03-26 04:17:55');
INSERT INTO OrderItems (id, order_id, product_id, variant_id, quantity, unit_price) VALUES ('3eff6679-b113-401b-af44-9b7c9550c9d2', '322bff86-9fd0-4cf7-ac67-18b5969840aa', '746355f1-d150-485a-bba8-7bf7f927af03', '663b11a1-2cb1-4dec-8b4c-8fa4cafdad96', 2, 100.00);
INSERT INTO OrderItems (id, order_id, product_id, variant_id, quantity, unit_price) VALUES ('32c24118-41ef-40c4-95f6-6f7ad6004b3c', '322bff86-9fd0-4cf7-ac67-18b5969840aa', 'd1670013-5869-4e0c-80d6-23364891db5c', 'a0cb61dd-c321-4212-bc5d-f8b891386e65', 3, 100.00);
INSERT INTO OrderItems (id, order_id, product_id, variant_id, quantity, unit_price) VALUES ('0d8b941e-3779-4a5b-82ce-c7c29f6fcb7d', '322bff86-9fd0-4cf7-ac67-18b5969840aa', '2db10195-d36e-4da6-9963-4a2432ba8310', '62882403-5598-4c74-91f8-1817a7daee0c', 2, 100.00);
INSERT INTO Payments (id, order_id, transaction_id, provider, status, amount) VALUES ('ea93e2b0-ca2d-4055-be88-16fbab171741', '322bff86-9fd0-4cf7-ac67-18b5969840aa', 'TX-31202D95-2C6', 'Stripe', 'refunded', 1867.65);
INSERT INTO Orders (id, user_id, status, total_amount, currency, created_at) VALUES ('4d510e1f-fb16-4875-85cf-6ff0f0a80931', 'ed837698-8103-4da5-bb6b-1638fd2fc0ab', 'pending', 9473.04, 'JPY', '2026-03-08 04:17:55');
INSERT INTO OrderItems (id, order_id, product_id, variant_id, quantity, unit_price) VALUES ('ea462612-7c02-4c92-922e-73ed4185858c', '4d510e1f-fb16-4875-85cf-6ff0f0a80931', '795698c5-6eaa-44e5-9456-3ab625a66dfa', '816a0e7e-aea1-4edb-a1c7-aea8bf95d259', 1, 100.00);
INSERT INTO OrderItems (id, order_id, product_id, variant_id, quantity, unit_price) VALUES ('4f0589cf-e30d-4588-854a-6f18517c2e76', '4d510e1f-fb16-4875-85cf-6ff0f0a80931', 'b8a456f6-73fb-4d2a-8025-dd230694e921', 'bc0b0cda-d2ef-4507-a3f3-9167b94d228a', 3, 100.00);
INSERT INTO OrderItems (id, order_id, product_id, variant_id, quantity, unit_price) VALUES ('287d9642-06b9-453a-ba16-83cae4236f90', '4d510e1f-fb16-4875-85cf-6ff0f0a80931', 'f8d4faa5-ca28-4fe1-8c91-adc5c01d17a9', 'd87b3e2a-4e30-4002-8dbf-ff547c6a106f', 2, 100.00);
INSERT INTO Payments (id, order_id, transaction_id, provider, status, amount) VALUES ('9753476b-b4fe-4af7-8cc1-7177f9b48e11', '4d510e1f-fb16-4875-85cf-6ff0f0a80931', 'TX-E678E31B-CEB', 'Stripe', 'success', 9473.04);
INSERT INTO Orders (id, user_id, status, total_amount, currency, created_at) VALUES ('f2735f84-55ff-4877-9563-c4cf22ceb9e5', '7405c79b-7220-4b40-bd0b-1fd32bd77df8', 'failed', 6650.14, 'EUR', '2026-03-11 04:17:55');
INSERT INTO OrderItems (id, order_id, product_id, variant_id, quantity, unit_price) VALUES ('8b229009-2f5e-40d6-acaf-5fde162ad76f', 'f2735f84-55ff-4877-9563-c4cf22ceb9e5', '199c3cf5-0c66-4bbc-9f4e-a6d4c6e7e55d', 'f6d550e3-35b1-4cb5-b141-7c5967224c56', 3, 100.00);
INSERT INTO OrderItems (id, order_id, product_id, variant_id, quantity, unit_price) VALUES ('5bd74917-372b-453f-a176-8f22ea0ff196', 'f2735f84-55ff-4877-9563-c4cf22ceb9e5', '407d1549-028f-45ae-b8fd-046141c6822a', '451634dc-3282-48aa-b243-f06be0e62670', 1, 100.00);
INSERT INTO OrderItems (id, order_id, product_id, variant_id, quantity, unit_price) VALUES ('6207c5ac-a613-4ce6-ac9f-a5b9fe95ac40', 'f2735f84-55ff-4877-9563-c4cf22ceb9e5', 'a2b4430f-e7d5-457b-b156-7f04cdad7e08', 'f5de3a2c-8abc-4816-af04-31b42bb94130', 1, 100.00);
INSERT INTO Payments (id, order_id, transaction_id, provider, status, amount) VALUES ('5570b5fd-d3d2-419f-9dec-5993e6b1966c', 'f2735f84-55ff-4877-9563-c4cf22ceb9e5', 'TX-E5EF3FF9-749', 'Stripe', 'failed', 6650.14);
INSERT INTO Orders (id, user_id, status, total_amount, currency, created_at) VALUES ('96ea42c0-fdbd-4c66-9318-bef560e9040c', 'b0b41045-1362-45a3-8c12-74456f7cbcbb', 'pending', 9591.68, 'AUD', '2026-04-03 04:17:55');
INSERT INTO OrderItems (id, order_id, product_id, variant_id, quantity, unit_price) VALUES ('eb8cf2fe-dc31-4f03-947b-61fa8e3a733b', '96ea42c0-fdbd-4c66-9318-bef560e9040c', '56875e67-5e75-4413-9601-d88c50184934', '2d3576d1-85e7-48fe-955f-8277726ff142', 1, 100.00);
INSERT INTO OrderItems (id, order_id, product_id, variant_id, quantity, unit_price) VALUES ('61d6e3f5-fe54-4e1c-88c9-8c81edd770a4', '96ea42c0-fdbd-4c66-9318-bef560e9040c', '0dffb0f8-aad9-4814-8399-031d153b4b25', '599ad016-5889-41ba-9658-f84efde8e34d', 2, 100.00);
INSERT INTO OrderItems (id, order_id, product_id, variant_id, quantity, unit_price) VALUES ('77a443e2-2a91-49cc-8bfa-641e72062060', '96ea42c0-fdbd-4c66-9318-bef560e9040c', 'f3de3ad0-dcf7-48a7-a0b6-0b9bc07e5c25', '884cfa7f-3573-47c1-adce-334437e55262', 3, 100.00);
INSERT INTO OrderItems (id, order_id, product_id, variant_id, quantity, unit_price) VALUES ('88e74de8-2f0f-4350-ae66-e3b52dc56237', '96ea42c0-fdbd-4c66-9318-bef560e9040c', '1420c7e0-b753-40be-8178-a4aa7033ed9b', 'd69cce80-6117-4600-a0aa-376ad27868dc', 2, 100.00);
INSERT INTO Payments (id, order_id, transaction_id, provider, status, amount) VALUES ('2f3b6bb0-d36d-42e6-8dc5-34927d5b23b2', '96ea42c0-fdbd-4c66-9318-bef560e9040c', 'TX-84121A50-BB6', 'Stripe', 'refunded', 9591.68);
INSERT INTO Orders (id, user_id, status, total_amount, currency, created_at) VALUES ('333e6854-8c4f-4266-91ec-54c2e69f75fd', 'e2466a30-cc59-4f01-a9bb-27beb9d56c53', 'completed', 9759.64, 'USD', '2026-03-24 04:17:55');
INSERT INTO OrderItems (id, order_id, product_id, variant_id, quantity, unit_price) VALUES ('88e6a3ef-051d-4424-92d6-7953097062d3', '333e6854-8c4f-4266-91ec-54c2e69f75fd', '66cb9293-764c-434e-b863-36af29a589c8', '5464e6f8-deda-40da-b845-e2b5baddd3c9', 2, 100.00);
INSERT INTO OrderItems (id, order_id, product_id, variant_id, quantity, unit_price) VALUES ('deec6ee7-424b-4bc3-9aa5-b677bd27f14e', '333e6854-8c4f-4266-91ec-54c2e69f75fd', 'e17a8a3c-6b94-4190-a1bb-ac6f190c2572', '044d2b3d-2278-4598-8d8c-5a02467a71e6', 5, 100.00);
INSERT INTO Payments (id, order_id, transaction_id, provider, status, amount) VALUES ('bbc045b7-89cf-4c0e-9e96-2d5b5ec4e4ec', '333e6854-8c4f-4266-91ec-54c2e69f75fd', 'TX-A78E87CA-005', 'Stripe', 'processing', 9759.64);
INSERT INTO Orders (id, user_id, status, total_amount, currency, created_at) VALUES ('b85289be-12ea-44e0-8949-c165a88c54f1', '8ff5f273-cbf5-451d-a90b-9d58b7bbd1ce', 'refunded', 2447.94, 'INR', '2026-03-10 04:17:55');
INSERT INTO OrderItems (id, order_id, product_id, variant_id, quantity, unit_price) VALUES ('48a34219-261c-4971-b94a-5b8dc387c1bf', 'b85289be-12ea-44e0-8949-c165a88c54f1', 'a8bf1ec3-bafa-4c35-8d64-36120c795724', 'e210ec6c-57f3-4a0c-85c5-f22929824e88', 5, 100.00);
INSERT INTO Payments (id, order_id, transaction_id, provider, status, amount) VALUES ('f2aac38d-e580-438b-83ad-0e60d6bf69b0', 'b85289be-12ea-44e0-8949-c165a88c54f1', 'TX-35307A8E-75F', 'Stripe', 'refunded', 2447.94);
INSERT INTO Orders (id, user_id, status, total_amount, currency, created_at) VALUES ('e3c50c95-807f-4255-a33e-3dac036a04e6', '913a1a64-42f5-4d7a-97cd-6f84769e332e', 'failed', 9120.43, 'INR', '2026-03-28 04:17:55');
INSERT INTO OrderItems (id, order_id, product_id, variant_id, quantity, unit_price) VALUES ('f87e7853-e589-42c2-b0a7-0691a10bddb5', 'e3c50c95-807f-4255-a33e-3dac036a04e6', 'e17a8a3c-6b94-4190-a1bb-ac6f190c2572', 'e41b5da6-64ff-48c6-a924-7e89046c81c9', 4, 100.00);
INSERT INTO Payments (id, order_id, transaction_id, provider, status, amount) VALUES ('965251c2-e51e-401c-bde9-e40108412591', 'e3c50c95-807f-4255-a33e-3dac036a04e6', 'TX-91B74E65-A97', 'Stripe', 'success', 9120.43);
INSERT INTO Orders (id, user_id, status, total_amount, currency, created_at) VALUES ('59360ebb-d435-4435-aa21-f6640f817b41', '932ce711-f721-41b9-b7ba-59f28638b71c', 'refunded', 9315.96, 'INR', '2026-03-21 04:17:55');
INSERT INTO OrderItems (id, order_id, product_id, variant_id, quantity, unit_price) VALUES ('4e806120-2057-4fc5-8476-7c93484a1821', '59360ebb-d435-4435-aa21-f6640f817b41', '4e6ee764-6c12-4688-ae8d-20617930f05f', '6a2f4f25-d02c-49f2-87cd-d0ba8a635374', 3, 100.00);
INSERT INTO OrderItems (id, order_id, product_id, variant_id, quantity, unit_price) VALUES ('fecc382d-d0c9-4cfa-b9fe-5ea3180ff271', '59360ebb-d435-4435-aa21-f6640f817b41', '47f429de-7681-47bb-8f91-92d1ea6d8d4d', '663b11a1-2cb1-4dec-8b4c-8fa4cafdad96', 2, 100.00);
INSERT INTO OrderItems (id, order_id, product_id, variant_id, quantity, unit_price) VALUES ('38a2b56e-88db-4949-b21d-cc9d18dca3bf', '59360ebb-d435-4435-aa21-f6640f817b41', '5a86a87d-f357-4eb8-8769-ff1fa582fdc0', '02365730-6877-4a1a-a504-896f628dc793', 5, 100.00);
INSERT INTO OrderItems (id, order_id, product_id, variant_id, quantity, unit_price) VALUES ('982fbc6e-bb82-45ec-8ae8-d8979c722d99', '59360ebb-d435-4435-aa21-f6640f817b41', 'fdc36bd1-ffd4-46c2-b57f-406c65925ce6', 'c1e56c6b-ac19-4663-9804-fb72dbe8e41e', 1, 100.00);
INSERT INTO Payments (id, order_id, transaction_id, provider, status, amount) VALUES ('a4f4db36-cad7-4445-92ae-fd87a5f8e093', '59360ebb-d435-4435-aa21-f6640f817b41', 'TX-3A87C80B-2BC', 'Stripe', 'failed', 9315.96);
INSERT INTO Orders (id, user_id, status, total_amount, currency, created_at) VALUES ('3b08a9ec-eb5c-4a66-b285-c965a68a1a4f', '4d100011-9113-4a30-91c9-c4cfdcdd09eb', 'refunded', 7399.77, 'INR', '2026-04-01 04:17:55');
INSERT INTO OrderItems (id, order_id, product_id, variant_id, quantity, unit_price) VALUES ('296edefc-bfab-4406-ae42-1a54fc1c4af7', '3b08a9ec-eb5c-4a66-b285-c965a68a1a4f', '3a30c4ab-1664-49dd-91e3-d97527dec6ff', 'c62b65c1-2598-402c-a150-181664c911d1', 3, 100.00);
INSERT INTO OrderItems (id, order_id, product_id, variant_id, quantity, unit_price) VALUES ('47fd91bf-d300-4864-ae96-1f9d678dbae5', '3b08a9ec-eb5c-4a66-b285-c965a68a1a4f', 'd9123ae9-f36c-4c9b-a7ab-ca01cf81655a', '4d1c9849-13ce-4615-acfe-bbd4ec2460b7', 3, 100.00);
INSERT INTO OrderItems (id, order_id, product_id, variant_id, quantity, unit_price) VALUES ('7cb7f952-2f1b-4a68-96c3-91bcfe8108fe', '3b08a9ec-eb5c-4a66-b285-c965a68a1a4f', '3527ad4e-2904-452e-9215-22867e37e14e', 'bc0b0cda-d2ef-4507-a3f3-9167b94d228a', 1, 100.00);
INSERT INTO Payments (id, order_id, transaction_id, provider, status, amount) VALUES ('d998e114-1fa7-44f3-b2b0-fd101aa49deb', '3b08a9ec-eb5c-4a66-b285-c965a68a1a4f', 'TX-40EAAE84-587', 'Stripe', 'refunded', 7399.77);
INSERT INTO Orders (id, user_id, status, total_amount, currency, created_at) VALUES ('d3858386-b3b7-4182-9d09-ab5e77b7126c', '3ee39bdd-25ad-4f70-a181-fd2b761f1480', 'completed', 7757.83, 'USD', '2026-03-20 04:17:55');
INSERT INTO OrderItems (id, order_id, product_id, variant_id, quantity, unit_price) VALUES ('28669078-258a-440a-a7aa-e5bb94dc7be7', 'd3858386-b3b7-4182-9d09-ab5e77b7126c', '5e7966e7-3de7-4c50-8f52-20dc2d90ab0d', '599ad016-5889-41ba-9658-f84efde8e34d', 1, 100.00);
INSERT INTO OrderItems (id, order_id, product_id, variant_id, quantity, unit_price) VALUES ('07fc769e-cd2b-4ceb-b07d-459da30fb9f8', 'd3858386-b3b7-4182-9d09-ab5e77b7126c', '5a86a87d-f357-4eb8-8769-ff1fa582fdc0', '3d91206a-56a5-4111-b3c5-413c057ba261', 3, 100.00);
INSERT INTO OrderItems (id, order_id, product_id, variant_id, quantity, unit_price) VALUES ('d251a435-ffeb-46a5-8395-3c72a494abd3', 'd3858386-b3b7-4182-9d09-ab5e77b7126c', '66cb9293-764c-434e-b863-36af29a589c8', '062efb3f-9b33-4ef4-826a-b58db4414342', 5, 100.00);
INSERT INTO Payments (id, order_id, transaction_id, provider, status, amount) VALUES ('0f7961b1-4f26-481a-9d03-24eaf3d47095', 'd3858386-b3b7-4182-9d09-ab5e77b7126c', 'TX-1F930C0D-3FB', 'Stripe', 'success', 7757.83);
INSERT INTO Orders (id, user_id, status, total_amount, currency, created_at) VALUES ('c42927a6-c5b5-46ef-99bc-899a3d38d6d5', '2cbba6b9-0ec5-401f-adcd-d9c9665d75f2', 'cancelled', 9460.46, 'AUD', '2026-03-27 04:17:55');
INSERT INTO OrderItems (id, order_id, product_id, variant_id, quantity, unit_price) VALUES ('8773123a-fcc6-45e2-b566-8fc61b50d78b', 'c42927a6-c5b5-46ef-99bc-899a3d38d6d5', '43cbc6a7-7065-4895-9c99-52f057e6d3ce', 'd9bc9333-394b-4c8f-a2f1-9ac073d9f57c', 4, 100.00);
INSERT INTO OrderItems (id, order_id, product_id, variant_id, quantity, unit_price) VALUES ('c9ffba51-62c9-429d-863f-9e6264b5b98b', 'c42927a6-c5b5-46ef-99bc-899a3d38d6d5', 'd7e85441-3716-4dc0-910c-27b79238b091', '377a8cd5-bf14-4ccb-a36e-58f401a820ae', 2, 100.00);
INSERT INTO Payments (id, order_id, transaction_id, provider, status, amount) VALUES ('92660581-1c94-4a72-a815-e05eeebb27ef', 'c42927a6-c5b5-46ef-99bc-899a3d38d6d5', 'TX-1002FAEB-5DB', 'Stripe', 'success', 9460.46);
INSERT INTO Orders (id, user_id, status, total_amount, currency, created_at) VALUES ('a8007701-170d-456e-bcfd-5c82760aa215', '59cf6230-3fed-4ed8-8f99-aad52d809f56', 'completed', 838.21, 'USD', '2026-03-26 04:17:55');
INSERT INTO OrderItems (id, order_id, product_id, variant_id, quantity, unit_price) VALUES ('7ab12ca3-f2c2-4242-898b-f4d5e04c225e', 'a8007701-170d-456e-bcfd-5c82760aa215', 'cdf0e73c-7bd0-4e29-a85a-e98622eea37f', '2d9a0f93-0c6a-4e81-ab30-ffc4d155ec4c', 4, 100.00);
INSERT INTO Payments (id, order_id, transaction_id, provider, status, amount) VALUES ('f2fceea3-71b4-46c3-9bfb-1b4d75a2fa74', 'a8007701-170d-456e-bcfd-5c82760aa215', 'TX-F573D613-987', 'Stripe', 'success', 838.21);
INSERT INTO Orders (id, user_id, status, total_amount, currency, created_at) VALUES ('1348d473-b155-4d91-b0b8-87a9e0c6ad6d', 'e6499594-121d-40eb-883d-a585001ad516', 'failed', 6754.25, 'INR', '2026-03-13 04:17:55');
INSERT INTO OrderItems (id, order_id, product_id, variant_id, quantity, unit_price) VALUES ('48236ae8-c307-4c97-9bb1-bab5d9b3a35e', '1348d473-b155-4d91-b0b8-87a9e0c6ad6d', '47f429de-7681-47bb-8f91-92d1ea6d8d4d', 'b3353718-1ec2-4de7-973a-8281bc44cef4', 4, 100.00);
INSERT INTO OrderItems (id, order_id, product_id, variant_id, quantity, unit_price) VALUES ('1149155d-fa8d-4a7d-8a45-ea26780ee062', '1348d473-b155-4d91-b0b8-87a9e0c6ad6d', '45d438ab-0798-4320-ac10-f529660c3747', '87ed843c-2c85-447c-b5d1-f88f4ed7350a', 1, 100.00);
INSERT INTO Payments (id, order_id, transaction_id, provider, status, amount) VALUES ('03c9e24e-a60d-41f5-8eca-f53c001a41fe', '1348d473-b155-4d91-b0b8-87a9e0c6ad6d', 'TX-D924FC42-467', 'Stripe', 'refunded', 6754.25);
INSERT INTO Orders (id, user_id, status, total_amount, currency, created_at) VALUES ('cc8a817f-f251-41c0-bea2-1183170a8264', '374935b3-5aa6-4cb6-8191-87751b948303', 'cancelled', 8869.53, 'INR', '2026-03-15 04:17:55');
INSERT INTO OrderItems (id, order_id, product_id, variant_id, quantity, unit_price) VALUES ('3eada80f-07d2-4606-a7fb-27f1a930cf85', 'cc8a817f-f251-41c0-bea2-1183170a8264', '4d6f5c68-d6ce-431b-85c4-c3cc843248b9', '94a1075d-38aa-4c0e-a0ac-7c6f6be39fe6', 4, 100.00);
INSERT INTO OrderItems (id, order_id, product_id, variant_id, quantity, unit_price) VALUES ('82524e71-0d3b-470f-8986-f50d10906502', 'cc8a817f-f251-41c0-bea2-1183170a8264', '08bbf987-f4d5-4c5b-9d27-239dae31911b', '17e12797-602b-41bf-9244-8c35f94d585a', 1, 100.00);
INSERT INTO OrderItems (id, order_id, product_id, variant_id, quantity, unit_price) VALUES ('3b112dc1-b538-4cfc-a2ca-efc7938d3184', 'cc8a817f-f251-41c0-bea2-1183170a8264', '1b3df4d1-8ec7-423e-9894-8f4529a4004f', '83a487e2-df42-42a9-8d9a-4a2742598026', 3, 100.00);
INSERT INTO OrderItems (id, order_id, product_id, variant_id, quantity, unit_price) VALUES ('69622da6-9a66-4a6c-b691-77a8af7e8e2e', 'cc8a817f-f251-41c0-bea2-1183170a8264', 'a8bf1ec3-bafa-4c35-8d64-36120c795724', 'd6f7d677-996b-4207-88f5-d55e57c3db32', 1, 100.00);
INSERT INTO Payments (id, order_id, transaction_id, provider, status, amount) VALUES ('c4ed03dd-54b8-404c-a162-d738dc5b3a95', 'cc8a817f-f251-41c0-bea2-1183170a8264', 'TX-6A82D702-B53', 'Stripe', 'processing', 8869.53);
INSERT INTO Orders (id, user_id, status, total_amount, currency, created_at) VALUES ('47825a93-e760-4c52-9f97-7af8ee52d64a', '6766171c-ab33-4b11-9c06-9d93c11b0b25', 'pending', 9444.14, 'EUR', '2026-03-30 04:17:55');
INSERT INTO OrderItems (id, order_id, product_id, variant_id, quantity, unit_price) VALUES ('74b7e0f2-c344-4188-b715-2efaae751e7f', '47825a93-e760-4c52-9f97-7af8ee52d64a', '443cb7df-eff2-42b5-ac5b-2972bccd124d', 'b147af93-36be-4dcb-af52-9399baa88064', 3, 100.00);
INSERT INTO OrderItems (id, order_id, product_id, variant_id, quantity, unit_price) VALUES ('810d86c4-c5c8-4810-b13f-b01aebaecd9f', '47825a93-e760-4c52-9f97-7af8ee52d64a', '8a4bbeb9-ce0a-42d2-b1b1-f8ea154e0f2f', '8ca23f3b-233c-431d-8a24-631c1c3e1556', 3, 100.00);
INSERT INTO Payments (id, order_id, transaction_id, provider, status, amount) VALUES ('c56b6555-811b-41c7-ba05-2bb2df71e575', '47825a93-e760-4c52-9f97-7af8ee52d64a', 'TX-7DFE2737-EA6', 'Stripe', 'success', 9444.14);
INSERT INTO Orders (id, user_id, status, total_amount, currency, created_at) VALUES ('f2b4543f-3e21-48f8-8b09-94ae5b78615b', 'd5944d0c-c617-4740-adcd-430a35e2a8d3', 'cancelled', 4569.01, 'JPY', '2026-03-19 04:17:55');
INSERT INTO OrderItems (id, order_id, product_id, variant_id, quantity, unit_price) VALUES ('5461ef6d-dfd3-4343-bbf9-4be3e3fa94b2', 'f2b4543f-3e21-48f8-8b09-94ae5b78615b', 'c704c895-44d1-4dc0-9ab8-c6a53657008b', 'cb6b84b6-eb51-4dba-aa69-5829607340d8', 4, 100.00);
INSERT INTO Payments (id, order_id, transaction_id, provider, status, amount) VALUES ('d6e598cb-4ca8-42ab-afb3-777fa3c13a3d', 'f2b4543f-3e21-48f8-8b09-94ae5b78615b', 'TX-DEBF617A-A35', 'Stripe', 'processing', 4569.01);
INSERT INTO Orders (id, user_id, status, total_amount, currency, created_at) VALUES ('69346586-1b53-43b5-b2bb-ac66e638da63', '6af5ed49-e4ca-42cb-b676-c4af5cf4b79f', 'failed', 67.16, 'AUD', '2026-03-10 04:17:55');
INSERT INTO OrderItems (id, order_id, product_id, variant_id, quantity, unit_price) VALUES ('b717f588-4779-41a0-a515-bf16e1581f4d', '69346586-1b53-43b5-b2bb-ac66e638da63', '80f6d6c7-c41b-4784-bd5f-1fd35bd3e45b', '2f78113c-040d-4732-b1b4-fe23ed71b4ff', 5, 100.00);
INSERT INTO Payments (id, order_id, transaction_id, provider, status, amount) VALUES ('ad5ac41b-2dc6-4683-ba5e-633108f56e69', '69346586-1b53-43b5-b2bb-ac66e638da63', 'TX-91A07CD3-A9D', 'Stripe', 'failed', 67.16);
INSERT INTO Orders (id, user_id, status, total_amount, currency, created_at) VALUES ('debb3a0a-f0b1-4a3f-a792-967ec9868626', 'b7154edd-6442-44f2-a008-76441792e300', 'completed', 952.00, 'USD', '2026-03-15 04:17:55');
INSERT INTO OrderItems (id, order_id, product_id, variant_id, quantity, unit_price) VALUES ('23874b8e-ce58-492f-87df-d68c405b2acf', 'debb3a0a-f0b1-4a3f-a792-967ec9868626', 'd0178575-add7-4458-9cc9-7852d0cd76cc', '0a41db66-1611-4cdd-b3b4-c983e5ec1e81', 4, 100.00);
INSERT INTO Payments (id, order_id, transaction_id, provider, status, amount) VALUES ('e4aac026-f5b5-4ca3-8d20-39e76b6938b4', 'debb3a0a-f0b1-4a3f-a792-967ec9868626', 'TX-75652B23-416', 'Stripe', 'success', 952.00);
INSERT INTO Orders (id, user_id, status, total_amount, currency, created_at) VALUES ('896ba9ac-aec0-47f2-b514-90231929dd19', 'f3c93346-3d95-4cdf-b785-2d841c35da0f', 'failed', 3238.59, 'AUD', '2026-03-20 04:17:55');
INSERT INTO OrderItems (id, order_id, product_id, variant_id, quantity, unit_price) VALUES ('3ba7285c-f411-42ab-baee-c407e6d4c6ca', '896ba9ac-aec0-47f2-b514-90231929dd19', 'c838d358-b4eb-4a7d-8b1a-5be5263805d1', '7ef6110e-6a83-4c26-9d03-cfdeb3df3c60', 4, 100.00);
INSERT INTO OrderItems (id, order_id, product_id, variant_id, quantity, unit_price) VALUES ('66579f49-4d4f-41fa-9fa2-9b79ac597fe7', '896ba9ac-aec0-47f2-b514-90231929dd19', '7b0378a7-7ba4-4ad6-a64c-497633e44c77', '8628ab10-cee5-426a-b992-d13b63577be7', 1, 100.00);
INSERT INTO Payments (id, order_id, transaction_id, provider, status, amount) VALUES ('23bdcc5a-2afb-4c4e-8e8f-445c9c5e4cf1', '896ba9ac-aec0-47f2-b514-90231929dd19', 'TX-5BCF16B2-556', 'Stripe', 'success', 3238.59);
INSERT INTO Orders (id, user_id, status, total_amount, currency, created_at) VALUES ('457a5615-52db-48f3-a546-8c5339ca4d66', '4addac3c-3df5-4eee-949b-1dff0d2a7669', 'failed', 8631.00, 'AUD', '2026-03-22 04:17:55');
INSERT INTO OrderItems (id, order_id, product_id, variant_id, quantity, unit_price) VALUES ('be5cde44-9730-412e-ae01-c82410c28d77', '457a5615-52db-48f3-a546-8c5339ca4d66', 'ba766299-87a3-4192-8310-8c22afb0eb33', '5fe24480-ddac-4d2d-a50b-f32ec7ecac3d', 2, 100.00);
INSERT INTO OrderItems (id, order_id, product_id, variant_id, quantity, unit_price) VALUES ('179a36df-c7f8-4626-9be2-497db1b5a5c9', '457a5615-52db-48f3-a546-8c5339ca4d66', 'deac43f9-555a-467d-9ab8-cb188b8361d9', 'd9bc9333-394b-4c8f-a2f1-9ac073d9f57c', 3, 100.00);
INSERT INTO Payments (id, order_id, transaction_id, provider, status, amount) VALUES ('74d81d39-47d8-480f-a5a8-f409c9f3854d', '457a5615-52db-48f3-a546-8c5339ca4d66', 'TX-D1A64EE6-B0E', 'Stripe', 'processing', 8631.00);
INSERT INTO Orders (id, user_id, status, total_amount, currency, created_at) VALUES ('688ae822-3a5c-483b-8211-d1a0c3d57481', '59cf6230-3fed-4ed8-8f99-aad52d809f56', 'pending', 9785.61, 'INR', '2026-03-30 04:17:55');
INSERT INTO OrderItems (id, order_id, product_id, variant_id, quantity, unit_price) VALUES ('1ffd2116-c678-4b34-acd4-32f97d08ecd8', '688ae822-3a5c-483b-8211-d1a0c3d57481', 'c704c895-44d1-4dc0-9ab8-c6a53657008b', '99c6f856-91af-4145-90e5-41da96a75bcf', 2, 100.00);
INSERT INTO OrderItems (id, order_id, product_id, variant_id, quantity, unit_price) VALUES ('b7ff7c5f-8f6b-4f00-9cde-d14eb21c11e0', '688ae822-3a5c-483b-8211-d1a0c3d57481', '2c23bc5f-3123-4116-9e56-8eb931fcb187', 'e85d33a0-8d36-409a-9273-19a740aa0fca', 2, 100.00);
INSERT INTO OrderItems (id, order_id, product_id, variant_id, quantity, unit_price) VALUES ('b2ca7654-02f3-45c1-a4aa-3bf45c0ba5de', '688ae822-3a5c-483b-8211-d1a0c3d57481', 'd0bc30b9-f3a1-472b-b67b-148d4c715913', '5e46a972-ec31-4c56-8fa0-4eb988359ad1', 1, 100.00);
INSERT INTO Payments (id, order_id, transaction_id, provider, status, amount) VALUES ('b7340552-c9ea-4b18-a215-54371853e668', '688ae822-3a5c-483b-8211-d1a0c3d57481', 'TX-BCAE3B72-79B', 'Stripe', 'refunded', 9785.61);
INSERT INTO Orders (id, user_id, status, total_amount, currency, created_at) VALUES ('961711fc-c18e-46f6-9259-8e31e98bf3d9', '71b0878f-6be6-4824-a55e-0f02212cb5c7', 'failed', 2900.52, 'JPY', '2026-03-31 04:17:55');
INSERT INTO OrderItems (id, order_id, product_id, variant_id, quantity, unit_price) VALUES ('2477f23f-6f9b-4d85-8b3b-92a5424d51f8', '961711fc-c18e-46f6-9259-8e31e98bf3d9', 'ffb95efe-2c6a-40a8-a5ae-b9884cea2a44', '6449a969-6115-4964-8747-d33627b26987', 4, 100.00);
INSERT INTO OrderItems (id, order_id, product_id, variant_id, quantity, unit_price) VALUES ('68744bf0-7031-4906-967e-237dfef24ee4', '961711fc-c18e-46f6-9259-8e31e98bf3d9', '2281bd86-23db-43b8-834e-a90f0f4fc38d', 'a23cca61-68ff-447d-a0c3-db1afecccde2', 2, 100.00);
INSERT INTO Payments (id, order_id, transaction_id, provider, status, amount) VALUES ('1d585665-1b48-4a08-ade6-d6acd33fbd14', '961711fc-c18e-46f6-9259-8e31e98bf3d9', 'TX-BB787FE5-502', 'Stripe', 'failed', 2900.52);
INSERT INTO Orders (id, user_id, status, total_amount, currency, created_at) VALUES ('f0889200-f6fb-46e9-8c4a-dcdd7b772fa0', '2c891dde-ede7-4fe4-85fb-6d23d45b5aee', 'failed', 9963.99, 'JPY', '2026-03-06 04:17:55');
INSERT INTO OrderItems (id, order_id, product_id, variant_id, quantity, unit_price) VALUES ('1a03fcbf-60cd-4377-81c9-fe45ad623f07', 'f0889200-f6fb-46e9-8c4a-dcdd7b772fa0', '0c208476-dc50-4a69-b6e1-bd9016796f7d', 'e67557af-6b71-4469-b8eb-b2b19a9a42e2', 4, 100.00);
INSERT INTO Payments (id, order_id, transaction_id, provider, status, amount) VALUES ('e1f516a1-562d-46b5-9b3b-f8dcc8ce52ee', 'f0889200-f6fb-46e9-8c4a-dcdd7b772fa0', 'TX-E5F140D7-307', 'Stripe', 'success', 9963.99);
INSERT INTO Orders (id, user_id, status, total_amount, currency, created_at) VALUES ('e1523179-21cc-4c0e-a95b-71c75cc6aadb', 'c20584b0-fa58-48d8-acba-54fae2fae177', 'failed', 3852.57, 'INR', '2026-04-03 04:17:55');
INSERT INTO OrderItems (id, order_id, product_id, variant_id, quantity, unit_price) VALUES ('0c1cbc04-d894-450e-914d-0d728ca539c6', 'e1523179-21cc-4c0e-a95b-71c75cc6aadb', '6a048a7c-7592-4e51-8633-202a42dc3749', '3e3ad2a1-ee93-4c63-bcf2-f459a85d4242', 4, 100.00);
INSERT INTO OrderItems (id, order_id, product_id, variant_id, quantity, unit_price) VALUES ('058623c1-909f-4b83-92a9-ab3720fcb6d7', 'e1523179-21cc-4c0e-a95b-71c75cc6aadb', '5e7966e7-3de7-4c50-8f52-20dc2d90ab0d', 'a1efc84e-9509-496c-9975-ad4b2be8217e', 2, 100.00);
INSERT INTO OrderItems (id, order_id, product_id, variant_id, quantity, unit_price) VALUES ('c1c4abd3-c054-48fc-a75e-6556232d16ce', 'e1523179-21cc-4c0e-a95b-71c75cc6aadb', 'f401d7c1-69a8-4073-a269-341ce6d9423b', 'da618f4d-e187-46c0-820e-57f5cdd7e443', 2, 100.00);
INSERT INTO Payments (id, order_id, transaction_id, provider, status, amount) VALUES ('02a054ef-aaa7-4a20-8f95-8d2b76c9b4a7', 'e1523179-21cc-4c0e-a95b-71c75cc6aadb', 'TX-5BE47C43-7E4', 'Stripe', 'failed', 3852.57);
INSERT INTO Orders (id, user_id, status, total_amount, currency, created_at) VALUES ('41b6863a-0dbd-4ab0-9232-549198568102', '8ff5f273-cbf5-451d-a90b-9d58b7bbd1ce', 'failed', 9663.12, 'AUD', '2026-03-11 04:17:55');
INSERT INTO OrderItems (id, order_id, product_id, variant_id, quantity, unit_price) VALUES ('3983417f-09ba-4d4e-adf3-c700a75944b4', '41b6863a-0dbd-4ab0-9232-549198568102', '99e1ebca-c988-444d-a54b-620fd2a32069', 'e2b3a029-802a-4022-b3fd-dd97efe5559e', 2, 100.00);
INSERT INTO OrderItems (id, order_id, product_id, variant_id, quantity, unit_price) VALUES ('e6bffb49-9ee5-48eb-864d-d49a320a75ae', '41b6863a-0dbd-4ab0-9232-549198568102', '407d1549-028f-45ae-b8fd-046141c6822a', 'eef1f88b-1dbb-4015-aade-455c87aa9b59', 4, 100.00);
INSERT INTO OrderItems (id, order_id, product_id, variant_id, quantity, unit_price) VALUES ('8101da24-16bf-4465-bc65-0fa742983e2c', '41b6863a-0dbd-4ab0-9232-549198568102', 'd7e85441-3716-4dc0-910c-27b79238b091', '8c6fcf12-6849-403e-887d-28745d8d60e7', 2, 100.00);
INSERT INTO Payments (id, order_id, transaction_id, provider, status, amount) VALUES ('dcf1eb66-a4cf-4b75-8b97-dd883d747fe5', '41b6863a-0dbd-4ab0-9232-549198568102', 'TX-01EF9204-B87', 'Stripe', 'processing', 9663.12);
INSERT INTO Orders (id, user_id, status, total_amount, currency, created_at) VALUES ('5d305d04-b91b-493c-a0e2-f4ae9fc5b897', '2b12e616-d824-4e3d-99c6-2e332194a268', 'pending', 5815.47, 'INR', '2026-03-11 04:17:55');
INSERT INTO OrderItems (id, order_id, product_id, variant_id, quantity, unit_price) VALUES ('bd0dca66-cf4a-48f9-a791-f9def47e239e', '5d305d04-b91b-493c-a0e2-f4ae9fc5b897', '6704781d-02b7-4c85-b4df-a686878fbad4', 'e2e8209a-012a-4857-8a1b-6cf12d649358', 2, 100.00);
INSERT INTO OrderItems (id, order_id, product_id, variant_id, quantity, unit_price) VALUES ('59b5800a-fe4b-401d-97af-74932b27b55e', '5d305d04-b91b-493c-a0e2-f4ae9fc5b897', 'a2b4430f-e7d5-457b-b156-7f04cdad7e08', '4b1f1c1b-0134-48a2-b84a-14ddcaabadc1', 5, 100.00);
INSERT INTO OrderItems (id, order_id, product_id, variant_id, quantity, unit_price) VALUES ('cfbf4ba5-0c9a-4817-820d-44d3aaa5205d', '5d305d04-b91b-493c-a0e2-f4ae9fc5b897', 'ae3d0944-88c4-4baa-bd15-6c8f8da06862', 'cd9b2507-3801-4341-a1d3-e9bbafd5c0f0', 4, 100.00);
INSERT INTO OrderItems (id, order_id, product_id, variant_id, quantity, unit_price) VALUES ('972a74c8-f155-4a6d-8ce7-f12685d78163', '5d305d04-b91b-493c-a0e2-f4ae9fc5b897', 'b8a456f6-73fb-4d2a-8025-dd230694e921', 'f4a2bce2-c2de-4b59-be89-18c0eb6cd784', 2, 100.00);
INSERT INTO Payments (id, order_id, transaction_id, provider, status, amount) VALUES ('6a9bf81b-8628-4abc-90f2-0ec93f414d1d', '5d305d04-b91b-493c-a0e2-f4ae9fc5b897', 'TX-AC8BC082-D54', 'Stripe', 'success', 5815.47);
INSERT INTO Orders (id, user_id, status, total_amount, currency, created_at) VALUES ('69abc3b6-2bdf-40ae-a191-8ee189b24825', '47c9c174-7c29-4885-bb02-f0baff03a01c', 'cancelled', 5663.28, 'INR', '2026-03-26 04:17:55');
INSERT INTO OrderItems (id, order_id, product_id, variant_id, quantity, unit_price) VALUES ('3a2956f5-8d6b-4f5d-a5e3-f659812d11ed', '69abc3b6-2bdf-40ae-a191-8ee189b24825', 'b2e4268e-a449-4f84-b631-663556cefcd1', '9421614d-9c4c-4050-96a9-e10f6f443582', 4, 100.00);
INSERT INTO OrderItems (id, order_id, product_id, variant_id, quantity, unit_price) VALUES ('b5b13631-cb13-40e7-a429-a340c1cee4b9', '69abc3b6-2bdf-40ae-a191-8ee189b24825', '795698c5-6eaa-44e5-9456-3ab625a66dfa', '8ad9886f-2656-4752-8174-8d537abe00f2', 5, 100.00);
INSERT INTO OrderItems (id, order_id, product_id, variant_id, quantity, unit_price) VALUES ('541a1c09-898b-46be-8ca2-781e905b3252', '69abc3b6-2bdf-40ae-a191-8ee189b24825', '5dc7d2be-8170-406e-9bf2-4ba3b427e977', 'de43ed9f-7643-42fb-bde3-411007b0a97b', 4, 100.00);
INSERT INTO Payments (id, order_id, transaction_id, provider, status, amount) VALUES ('3e04e30c-34b6-4699-acfc-fe7f1152a874', '69abc3b6-2bdf-40ae-a191-8ee189b24825', 'TX-4DAF3850-180', 'Stripe', 'refunded', 5663.28);
INSERT INTO Orders (id, user_id, status, total_amount, currency, created_at) VALUES ('86a9c78f-3530-4be2-ab00-fcc8a19d955b', '5f734998-d4b0-47b2-8371-6bea17a09969', 'failed', 4058.25, 'GBP', '2026-03-23 04:17:55');
INSERT INTO OrderItems (id, order_id, product_id, variant_id, quantity, unit_price) VALUES ('2f887efd-0b90-4b3d-a604-561be5f7720e', '86a9c78f-3530-4be2-ab00-fcc8a19d955b', '80f6d6c7-c41b-4784-bd5f-1fd35bd3e45b', '5fa32add-00b5-4495-8736-e2c99dbe2206', 1, 100.00);
INSERT INTO OrderItems (id, order_id, product_id, variant_id, quantity, unit_price) VALUES ('6dd6ef10-726f-468e-80f9-d7fe3bf7c53a', '86a9c78f-3530-4be2-ab00-fcc8a19d955b', '1ec2956e-6d10-477a-9db2-9b2c744d6409', '17e12797-602b-41bf-9244-8c35f94d585a', 4, 100.00);
INSERT INTO OrderItems (id, order_id, product_id, variant_id, quantity, unit_price) VALUES ('52b0462a-97be-47bb-b798-6f693ccd41c3', '86a9c78f-3530-4be2-ab00-fcc8a19d955b', 'fcad6c3b-045d-46a2-9512-71d4d64b9cc5', '0a41db66-1611-4cdd-b3b4-c983e5ec1e81', 3, 100.00);
INSERT INTO OrderItems (id, order_id, product_id, variant_id, quantity, unit_price) VALUES ('8a4c9451-95fa-4539-bdf6-e2818ffbd82f', '86a9c78f-3530-4be2-ab00-fcc8a19d955b', '0c208476-dc50-4a69-b6e1-bd9016796f7d', 'b8331e43-995f-4133-9a77-ee4b49021fea', 3, 100.00);
INSERT INTO Payments (id, order_id, transaction_id, provider, status, amount) VALUES ('e3022146-29db-44d3-bf5c-086a2dcb2709', '86a9c78f-3530-4be2-ab00-fcc8a19d955b', 'TX-0CA6C217-576', 'Stripe', 'success', 4058.25);
INSERT INTO Orders (id, user_id, status, total_amount, currency, created_at) VALUES ('f9772aae-5255-4fdd-8779-53ef3b2ce661', '4917125c-9589-4ac9-ac15-aa8fddb80fec', 'cancelled', 2211.79, 'AUD', '2026-03-21 04:17:55');
INSERT INTO OrderItems (id, order_id, product_id, variant_id, quantity, unit_price) VALUES ('480848af-d204-4823-b1a1-c1e1107050a5', 'f9772aae-5255-4fdd-8779-53ef3b2ce661', '7e567ca5-c03f-4acd-a82e-b4f668712fa3', 'ede73651-d534-4e31-8613-3ba656a7e308', 1, 100.00);
INSERT INTO OrderItems (id, order_id, product_id, variant_id, quantity, unit_price) VALUES ('7587adc1-d7fb-4b3c-8c5c-aeb52aed4411', 'f9772aae-5255-4fdd-8779-53ef3b2ce661', 'efe2c47b-df88-4faa-944c-ead53cfca0f3', 'e2c7bd90-1540-4fb9-8b16-95939bd290f2', 1, 100.00);
INSERT INTO OrderItems (id, order_id, product_id, variant_id, quantity, unit_price) VALUES ('68570072-8341-4cf8-a618-4a4d1c5667b4', 'f9772aae-5255-4fdd-8779-53ef3b2ce661', '674eb1d9-17c9-492f-bf1c-01cc09821d6c', '03839263-1989-4489-850b-7b0671435005', 1, 100.00);
INSERT INTO OrderItems (id, order_id, product_id, variant_id, quantity, unit_price) VALUES ('8435ebcf-767c-4298-b47f-2978c203ac96', 'f9772aae-5255-4fdd-8779-53ef3b2ce661', '4e6ee764-6c12-4688-ae8d-20617930f05f', 'cc9ea7bc-7b0a-45dd-9f29-4bdf2b98c1c2', 2, 100.00);
INSERT INTO Payments (id, order_id, transaction_id, provider, status, amount) VALUES ('d90fffec-25f6-4229-8579-5287f4b626be', 'f9772aae-5255-4fdd-8779-53ef3b2ce661', 'TX-0E85FBF6-76A', 'Stripe', 'refunded', 2211.79);
INSERT INTO Orders (id, user_id, status, total_amount, currency, created_at) VALUES ('661ebe84-7bb3-44f0-aec9-8320d02467d6', 'e7c3a52d-a99d-4d3b-9709-23381a78e4e8', 'cancelled', 5328.01, 'GBP', '2026-04-04 04:17:55');
INSERT INTO OrderItems (id, order_id, product_id, variant_id, quantity, unit_price) VALUES ('85ebac9c-eac7-4d10-b9ad-9762a19635ad', '661ebe84-7bb3-44f0-aec9-8320d02467d6', 'c704c895-44d1-4dc0-9ab8-c6a53657008b', '4d84ace0-8875-4c17-86b5-e4972b04783a', 4, 100.00);
INSERT INTO Payments (id, order_id, transaction_id, provider, status, amount) VALUES ('024dace3-56d9-4319-ab2f-e4d497f83288', '661ebe84-7bb3-44f0-aec9-8320d02467d6', 'TX-4AE25F99-F00', 'Stripe', 'refunded', 5328.01);
INSERT INTO Orders (id, user_id, status, total_amount, currency, created_at) VALUES ('e540593a-039f-4d23-8886-8e1517ce9463', 'e04bf04a-48a7-42d6-94cc-14f0ab7fe077', 'completed', 6128.01, 'EUR', '2026-03-30 04:17:55');
INSERT INTO OrderItems (id, order_id, product_id, variant_id, quantity, unit_price) VALUES ('758df8bf-abf2-4033-b91b-8d597e43d18e', 'e540593a-039f-4d23-8886-8e1517ce9463', '0c208476-dc50-4a69-b6e1-bd9016796f7d', 'de43ed9f-7643-42fb-bde3-411007b0a97b', 3, 100.00);
INSERT INTO OrderItems (id, order_id, product_id, variant_id, quantity, unit_price) VALUES ('a7e47688-4103-482a-9804-ff70d5bae210', 'e540593a-039f-4d23-8886-8e1517ce9463', '43cbc6a7-7065-4895-9c99-52f057e6d3ce', 'e2b3a029-802a-4022-b3fd-dd97efe5559e', 4, 100.00);
INSERT INTO OrderItems (id, order_id, product_id, variant_id, quantity, unit_price) VALUES ('615b4d42-47b1-4224-a887-2d6ef03afa7b', 'e540593a-039f-4d23-8886-8e1517ce9463', 'ff95dc2d-3e4f-4c9e-81aa-57f44324b4fc', '0a0bdcdd-8a7c-4837-b7db-f2c4eade67c3', 5, 100.00);
INSERT INTO OrderItems (id, order_id, product_id, variant_id, quantity, unit_price) VALUES ('986c4957-c593-4670-9656-c81478244a62', 'e540593a-039f-4d23-8886-8e1517ce9463', '06db2942-332c-4e11-933a-2fc37e039986', 'd559830c-f260-47bc-a13b-43694dfa850e', 4, 100.00);
INSERT INTO Payments (id, order_id, transaction_id, provider, status, amount) VALUES ('3d297bbd-dbcb-4af2-bc7a-c5d18a8452e7', 'e540593a-039f-4d23-8886-8e1517ce9463', 'TX-BBF7BA27-436', 'Stripe', 'refunded', 6128.01);
INSERT INTO Orders (id, user_id, status, total_amount, currency, created_at) VALUES ('41cf388f-1bc0-4369-b460-beed8d9664f9', '6b4ab8ff-15ed-4ffa-bed6-e4f8f38c18cf', 'failed', 9127.18, 'INR', '2026-04-01 04:17:55');
INSERT INTO OrderItems (id, order_id, product_id, variant_id, quantity, unit_price) VALUES ('eb6639e1-0bed-427d-a414-dd7ace6fcbb2', '41cf388f-1bc0-4369-b460-beed8d9664f9', 'f8d4faa5-ca28-4fe1-8c91-adc5c01d17a9', 'cb6b84b6-eb51-4dba-aa69-5829607340d8', 3, 100.00);
INSERT INTO OrderItems (id, order_id, product_id, variant_id, quantity, unit_price) VALUES ('f41d1b2b-8929-4fca-bdeb-495fa2ee9e9d', '41cf388f-1bc0-4369-b460-beed8d9664f9', '674eb1d9-17c9-492f-bf1c-01cc09821d6c', 'ea586182-32d8-444f-984f-b6885a21f48a', 4, 100.00);
INSERT INTO OrderItems (id, order_id, product_id, variant_id, quantity, unit_price) VALUES ('98a3c762-dfdd-427b-9d77-96ccdb64d0a3', '41cf388f-1bc0-4369-b460-beed8d9664f9', 'deac43f9-555a-467d-9ab8-cb188b8361d9', 'c1e56c6b-ac19-4663-9804-fb72dbe8e41e', 2, 100.00);
INSERT INTO OrderItems (id, order_id, product_id, variant_id, quantity, unit_price) VALUES ('a35fa303-d484-40e6-a59d-ae1ed9294ff0', '41cf388f-1bc0-4369-b460-beed8d9664f9', '069770ca-76b1-45e1-a0ed-9793e9635cfb', '47094363-0612-4338-ba5f-0589a3f2d8ea', 1, 100.00);
INSERT INTO Payments (id, order_id, transaction_id, provider, status, amount) VALUES ('e8feeab3-4c02-4e77-8390-aa566e760e50', '41cf388f-1bc0-4369-b460-beed8d9664f9', 'TX-1973B530-A2E', 'Stripe', 'success', 9127.18);
INSERT INTO Orders (id, user_id, status, total_amount, currency, created_at) VALUES ('4a134f49-9550-4ff8-bbd8-9e3cf485d7fe', 'e7c3a52d-a99d-4d3b-9709-23381a78e4e8', 'failed', 3035.18, 'USD', '2026-03-18 04:17:55');
INSERT INTO OrderItems (id, order_id, product_id, variant_id, quantity, unit_price) VALUES ('6d784c33-ed7d-4797-8b8d-8c2d96eec595', '4a134f49-9550-4ff8-bbd8-9e3cf485d7fe', 'd0bc30b9-f3a1-472b-b67b-148d4c715913', '2d84e108-ff6d-4f82-ad26-fe2c6cf9670c', 5, 100.00);
INSERT INTO OrderItems (id, order_id, product_id, variant_id, quantity, unit_price) VALUES ('db848318-eaed-4c13-a6ee-6e6922a34765', '4a134f49-9550-4ff8-bbd8-9e3cf485d7fe', '45d438ab-0798-4320-ac10-f529660c3747', 'f7b27034-6d87-4b21-baef-c163e0a373fc', 1, 100.00);
INSERT INTO OrderItems (id, order_id, product_id, variant_id, quantity, unit_price) VALUES ('cbe95b07-8a7e-405b-9c74-6626a0f073af', '4a134f49-9550-4ff8-bbd8-9e3cf485d7fe', '08bbf987-f4d5-4c5b-9d27-239dae31911b', '03839263-1989-4489-850b-7b0671435005', 3, 100.00);
INSERT INTO Payments (id, order_id, transaction_id, provider, status, amount) VALUES ('7ec9397a-31f7-4de7-a953-7944434a7d54', '4a134f49-9550-4ff8-bbd8-9e3cf485d7fe', 'TX-373AF85D-84B', 'Stripe', 'success', 3035.18);
INSERT INTO Orders (id, user_id, status, total_amount, currency, created_at) VALUES ('bc8c70e3-2298-4be7-be6a-561728876f83', 'cc8205fb-de9c-4c33-a2db-28a296473c1f', 'completed', 5284.35, 'EUR', '2026-03-08 04:17:55');
INSERT INTO OrderItems (id, order_id, product_id, variant_id, quantity, unit_price) VALUES ('daf91602-c59f-4b84-a08b-dce7bd745a8b', 'bc8c70e3-2298-4be7-be6a-561728876f83', 'c838d358-b4eb-4a7d-8b1a-5be5263805d1', '238408a1-72f6-4ea6-9d23-c245c40111a1', 4, 100.00);
INSERT INTO Payments (id, order_id, transaction_id, provider, status, amount) VALUES ('8d753d1a-e6c7-4a12-b2c8-62edc8932121', 'bc8c70e3-2298-4be7-be6a-561728876f83', 'TX-404415C7-9A1', 'Stripe', 'success', 5284.35);
INSERT INTO Orders (id, user_id, status, total_amount, currency, created_at) VALUES ('913a5b4e-f40d-481d-8808-be40c135b73d', '689e0d65-5fa7-4529-be76-249d7fada106', 'pending', 4527.05, 'USD', '2026-03-08 04:17:55');
INSERT INTO OrderItems (id, order_id, product_id, variant_id, quantity, unit_price) VALUES ('f252afd9-5a40-4425-9682-d75f3cf340db', '913a5b4e-f40d-481d-8808-be40c135b73d', '7587a3bb-676d-4b31-9989-b7f9a455a37e', '8c83326a-f465-4b2f-a994-84fa560a5b53', 1, 100.00);
INSERT INTO OrderItems (id, order_id, product_id, variant_id, quantity, unit_price) VALUES ('a18be333-d719-4f4d-b117-8fe8daebd906', '913a5b4e-f40d-481d-8808-be40c135b73d', '0dffb0f8-aad9-4814-8399-031d153b4b25', 'f357e0bb-914c-486a-a939-b21cec25bce2', 1, 100.00);
INSERT INTO Payments (id, order_id, transaction_id, provider, status, amount) VALUES ('9156ceca-54a7-4cf7-83fb-03784ad03006', '913a5b4e-f40d-481d-8808-be40c135b73d', 'TX-2B763F8A-C8F', 'Stripe', 'success', 4527.05);
INSERT INTO Orders (id, user_id, status, total_amount, currency, created_at) VALUES ('820ae8c1-4b24-4e91-949f-e7527cc7921f', 'a7c23564-7cf7-466b-af52-d5f5265df2c3', 'completed', 677.75, 'INR', '2026-03-15 04:17:55');
INSERT INTO OrderItems (id, order_id, product_id, variant_id, quantity, unit_price) VALUES ('fa5f9b74-baa8-4972-9737-90f65a5340db', '820ae8c1-4b24-4e91-949f-e7527cc7921f', '5548956d-e4a6-4855-b44f-f7612b72b708', '2557e127-9af8-4e51-8203-6f10a07087c5', 5, 100.00);
INSERT INTO OrderItems (id, order_id, product_id, variant_id, quantity, unit_price) VALUES ('8ece2987-ec48-452c-82e2-57534725aebd', '820ae8c1-4b24-4e91-949f-e7527cc7921f', 'c48cbeec-c08d-4321-9e22-425b5fb8eb24', 'b4abb61b-2a34-4610-bbdb-c5f08e989532', 5, 100.00);
INSERT INTO Payments (id, order_id, transaction_id, provider, status, amount) VALUES ('56dc0c74-97a8-4de1-b40b-34ddf0297e4f', '820ae8c1-4b24-4e91-949f-e7527cc7921f', 'TX-662EFB0E-C23', 'Stripe', 'success', 677.75);
INSERT INTO Orders (id, user_id, status, total_amount, currency, created_at) VALUES ('702f65ba-b9d2-49b5-a6e6-f63a462edbd7', '51bbf1a7-1515-480a-b77b-3b5f2c11c832', 'pending', 6737.54, 'JPY', '2026-03-08 04:17:55');
INSERT INTO OrderItems (id, order_id, product_id, variant_id, quantity, unit_price) VALUES ('5433495d-b532-454e-b34d-7dc6d7812767', '702f65ba-b9d2-49b5-a6e6-f63a462edbd7', 'baea902a-95d5-4a3e-9a05-33f898bbd69f', '75c684e5-eb90-4c69-903e-3b2e1ddb008e', 5, 100.00);
INSERT INTO OrderItems (id, order_id, product_id, variant_id, quantity, unit_price) VALUES ('21103bbd-1f93-4845-bf08-d44414324ff8', '702f65ba-b9d2-49b5-a6e6-f63a462edbd7', '73142b98-c3bf-44b6-a3d2-2ac58474d3e0', '1772e0df-ab94-44ff-b35d-c70afb1670ab', 3, 100.00);
INSERT INTO OrderItems (id, order_id, product_id, variant_id, quantity, unit_price) VALUES ('bf02e40e-cc4a-4989-add7-091459eaa8af', '702f65ba-b9d2-49b5-a6e6-f63a462edbd7', '1420c7e0-b753-40be-8178-a4aa7033ed9b', 'e009a622-78a2-432b-ae8c-b9dfc61df511', 5, 100.00);
INSERT INTO Payments (id, order_id, transaction_id, provider, status, amount) VALUES ('e0d6158f-c8fd-4728-8e04-43d2f8b18b0a', '702f65ba-b9d2-49b5-a6e6-f63a462edbd7', 'TX-D83821BF-978', 'Stripe', 'failed', 6737.54);
INSERT INTO Orders (id, user_id, status, total_amount, currency, created_at) VALUES ('fde32dad-b5e2-4096-a7c8-b6f7dc7e9808', '92cbfdca-506b-4a50-900c-002e1e625e10', 'failed', 7078.91, 'EUR', '2026-03-12 04:17:55');
INSERT INTO OrderItems (id, order_id, product_id, variant_id, quantity, unit_price) VALUES ('67b9fb21-93fc-4014-9c54-ac0fa834cfb9', 'fde32dad-b5e2-4096-a7c8-b6f7dc7e9808', '01ad9202-0e28-4776-9a34-b7c8e3a75236', '913cd6e2-f1c4-4ff3-b978-edbd44f78936', 5, 100.00);
INSERT INTO OrderItems (id, order_id, product_id, variant_id, quantity, unit_price) VALUES ('43fd93e3-1b7a-4d94-8a48-74aa37088628', 'fde32dad-b5e2-4096-a7c8-b6f7dc7e9808', 'f8d4faa5-ca28-4fe1-8c91-adc5c01d17a9', 'ea586182-32d8-444f-984f-b6885a21f48a', 5, 100.00);
INSERT INTO OrderItems (id, order_id, product_id, variant_id, quantity, unit_price) VALUES ('a7038aea-305a-4ef6-bc52-1a6833122a3d', 'fde32dad-b5e2-4096-a7c8-b6f7dc7e9808', 'dcbdf3ce-7eb4-4694-b48d-98afc0c75895', '459598c0-6f66-407a-be3e-3e393637bf04', 4, 100.00);
INSERT INTO Payments (id, order_id, transaction_id, provider, status, amount) VALUES ('029411af-918f-4e28-8a19-b63f8a8b7722', 'fde32dad-b5e2-4096-a7c8-b6f7dc7e9808', 'TX-766AA76A-6EC', 'Stripe', 'failed', 7078.91);
INSERT INTO Orders (id, user_id, status, total_amount, currency, created_at) VALUES ('0346da02-32ee-40d9-82a5-2f81bde10fcd', '94fd965b-3376-4f48-b07a-39bd29a9ed52', 'refunded', 6625.04, 'GBP', '2026-03-05 04:17:55');
INSERT INTO OrderItems (id, order_id, product_id, variant_id, quantity, unit_price) VALUES ('1ee3c488-0e5e-4f7d-b859-406f53786b65', '0346da02-32ee-40d9-82a5-2f81bde10fcd', '1420c7e0-b753-40be-8178-a4aa7033ed9b', '991b0054-b0e2-412d-a214-7ab199cf620e', 5, 100.00);
INSERT INTO OrderItems (id, order_id, product_id, variant_id, quantity, unit_price) VALUES ('ead2021a-e0d0-4c0c-9372-29868ed97640', '0346da02-32ee-40d9-82a5-2f81bde10fcd', 'c704c895-44d1-4dc0-9ab8-c6a53657008b', '74025d06-f8b4-4ba2-8e93-093e32857700', 4, 100.00);
INSERT INTO OrderItems (id, order_id, product_id, variant_id, quantity, unit_price) VALUES ('539ae8a0-a5f4-4e38-9d0d-02200606d6f5', '0346da02-32ee-40d9-82a5-2f81bde10fcd', '296b27c5-5bbf-44ba-8bf9-74038268fe71', 'e67557af-6b71-4469-b8eb-b2b19a9a42e2', 5, 100.00);
INSERT INTO OrderItems (id, order_id, product_id, variant_id, quantity, unit_price) VALUES ('19dba136-8665-4d34-8132-f132f59975fb', '0346da02-32ee-40d9-82a5-2f81bde10fcd', 'a224eb59-db06-45ef-8e44-ddb9230b875c', 'e2c94035-9eb5-4667-b28e-7847ac1e894f', 2, 100.00);
INSERT INTO Payments (id, order_id, transaction_id, provider, status, amount) VALUES ('70516d93-c045-496e-a4de-f846575ffd73', '0346da02-32ee-40d9-82a5-2f81bde10fcd', 'TX-C86311F6-810', 'Stripe', 'processing', 6625.04);
INSERT INTO Orders (id, user_id, status, total_amount, currency, created_at) VALUES ('0e0be8c5-cb37-402b-a0ab-2d783ad6bb91', 'b8b8da81-6431-4399-8ee8-5b5c7264bf5f', 'failed', 7161.71, 'INR', '2026-03-19 04:17:55');
INSERT INTO OrderItems (id, order_id, product_id, variant_id, quantity, unit_price) VALUES ('1ee8a9ee-4d49-4e94-88ce-bc108e25527a', '0e0be8c5-cb37-402b-a0ab-2d783ad6bb91', 'b8a456f6-73fb-4d2a-8025-dd230694e921', '8faffb8c-cdf8-4ed6-bd3c-71412d75ed65', 3, 100.00);
INSERT INTO OrderItems (id, order_id, product_id, variant_id, quantity, unit_price) VALUES ('e7f71c5a-1682-4ced-b85b-8cca6386d82e', '0e0be8c5-cb37-402b-a0ab-2d783ad6bb91', '0dbd8fe9-eca0-4604-a3b1-6c48ae26045c', 'bc782306-5259-4912-9023-3cfea6728abf', 2, 100.00);
INSERT INTO OrderItems (id, order_id, product_id, variant_id, quantity, unit_price) VALUES ('6d4a2608-17c4-4fa7-94be-19e6a7482ee8', '0e0be8c5-cb37-402b-a0ab-2d783ad6bb91', 'c704c895-44d1-4dc0-9ab8-c6a53657008b', '975c31d7-801b-4b47-89f7-36be0cfb1288', 1, 100.00);
INSERT INTO Payments (id, order_id, transaction_id, provider, status, amount) VALUES ('882d81d6-ce46-484d-b5b7-96818127aba0', '0e0be8c5-cb37-402b-a0ab-2d783ad6bb91', 'TX-3B612492-8CA', 'Stripe', 'processing', 7161.71);
INSERT INTO Orders (id, user_id, status, total_amount, currency, created_at) VALUES ('b7d80288-6a6c-4b15-b0b8-e86cee8daa07', '913a1a64-42f5-4d7a-97cd-6f84769e332e', 'refunded', 444.76, 'JPY', '2026-03-09 04:17:55');
INSERT INTO OrderItems (id, order_id, product_id, variant_id, quantity, unit_price) VALUES ('02762fd0-4fd8-4b44-8376-d0033fdb2a8b', 'b7d80288-6a6c-4b15-b0b8-e86cee8daa07', '4a927b9a-9cf5-4c56-a490-fb2f926cbb7d', '238408a1-72f6-4ea6-9d23-c245c40111a1', 4, 100.00);
INSERT INTO OrderItems (id, order_id, product_id, variant_id, quantity, unit_price) VALUES ('6b4124b2-3234-4033-b493-8e21d4e91660', 'b7d80288-6a6c-4b15-b0b8-e86cee8daa07', 'dcbdf3ce-7eb4-4694-b48d-98afc0c75895', '47094363-0612-4338-ba5f-0589a3f2d8ea', 2, 100.00);
INSERT INTO Payments (id, order_id, transaction_id, provider, status, amount) VALUES ('965f4b3c-e547-4adf-bb6d-98500a31160c', 'b7d80288-6a6c-4b15-b0b8-e86cee8daa07', 'TX-27DFDFF7-307', 'Stripe', 'failed', 444.76);
INSERT INTO Orders (id, user_id, status, total_amount, currency, created_at) VALUES ('336ee06b-3433-4b67-a79b-e866401f0631', '5bb7af4f-5aa0-46ec-9990-0bf10e98f46e', 'failed', 2388.28, 'AUD', '2026-03-15 04:17:55');
INSERT INTO OrderItems (id, order_id, product_id, variant_id, quantity, unit_price) VALUES ('e61b61a7-5dc5-476a-a989-3ea2dd8bb4c1', '336ee06b-3433-4b67-a79b-e866401f0631', 'b9d51b0f-faa0-4ea0-98fc-14b31cf371a6', 'e3723a90-0ceb-40d3-8d26-042e37f67b77', 4, 100.00);
INSERT INTO OrderItems (id, order_id, product_id, variant_id, quantity, unit_price) VALUES ('bbb06189-7d29-4f5c-bd76-ddc4735e0c7a', '336ee06b-3433-4b67-a79b-e866401f0631', 'ff95dc2d-3e4f-4c9e-81aa-57f44324b4fc', 'f7b27034-6d87-4b21-baef-c163e0a373fc', 1, 100.00);
INSERT INTO OrderItems (id, order_id, product_id, variant_id, quantity, unit_price) VALUES ('9d2bbed1-4a24-46cc-8483-f63988bae0a3', '336ee06b-3433-4b67-a79b-e866401f0631', '0dffb0f8-aad9-4814-8399-031d153b4b25', '17e12797-602b-41bf-9244-8c35f94d585a', 2, 100.00);
INSERT INTO Payments (id, order_id, transaction_id, provider, status, amount) VALUES ('e4792f6b-fc87-4269-b531-1fb23507137d', '336ee06b-3433-4b67-a79b-e866401f0631', 'TX-357B3716-5B0', 'Stripe', 'refunded', 2388.28);
INSERT INTO Orders (id, user_id, status, total_amount, currency, created_at) VALUES ('5b78f95f-189e-44c0-8196-285d60c10fb1', 'cd1fea1f-6389-47be-ab2c-47b4bb1a5938', 'pending', 3259.47, 'GBP', '2026-03-31 04:17:55');
INSERT INTO OrderItems (id, order_id, product_id, variant_id, quantity, unit_price) VALUES ('937fbf1d-5e3c-4046-868c-d434c727555c', '5b78f95f-189e-44c0-8196-285d60c10fb1', 'e6d3dc82-5105-4726-a585-2afd52be5e02', 'ce8abae1-ca8b-4999-a519-14b2429e7278', 1, 100.00);
INSERT INTO OrderItems (id, order_id, product_id, variant_id, quantity, unit_price) VALUES ('9a0f5cdb-6e0f-42f3-adf9-e03cfffdcffa', '5b78f95f-189e-44c0-8196-285d60c10fb1', '2c23bc5f-3123-4116-9e56-8eb931fcb187', '062efb3f-9b33-4ef4-826a-b58db4414342', 4, 100.00);
INSERT INTO OrderItems (id, order_id, product_id, variant_id, quantity, unit_price) VALUES ('4ad02210-155b-4ab1-b181-6fc55c978364', '5b78f95f-189e-44c0-8196-285d60c10fb1', '99f7c518-f1f0-45ed-882e-50c854c3bca2', '4e7d2e83-46fa-4363-b228-3a98cefa23bf', 3, 100.00);
INSERT INTO OrderItems (id, order_id, product_id, variant_id, quantity, unit_price) VALUES ('54cb99bb-71ae-47d4-b345-56e556acfb7e', '5b78f95f-189e-44c0-8196-285d60c10fb1', '56875e67-5e75-4413-9601-d88c50184934', '4c62c562-d9f7-465f-9e0b-7310ad910f90', 2, 100.00);
INSERT INTO Payments (id, order_id, transaction_id, provider, status, amount) VALUES ('45a7ffb7-352e-4ed3-8e37-1899c2498bcc', '5b78f95f-189e-44c0-8196-285d60c10fb1', 'TX-499AEAAD-9DC', 'Stripe', 'success', 3259.47);
INSERT INTO Orders (id, user_id, status, total_amount, currency, created_at) VALUES ('bef5fc55-c643-498c-be0a-66ff130daefa', 'df3355a5-252f-434f-9bf2-4a0a471ccb86', 'completed', 2479.67, 'JPY', '2026-03-31 04:17:55');
INSERT INTO OrderItems (id, order_id, product_id, variant_id, quantity, unit_price) VALUES ('08596f0c-dce0-47bc-bc24-118769288327', 'bef5fc55-c643-498c-be0a-66ff130daefa', 'a2b4430f-e7d5-457b-b156-7f04cdad7e08', '0a41db66-1611-4cdd-b3b4-c983e5ec1e81', 3, 100.00);
INSERT INTO Payments (id, order_id, transaction_id, provider, status, amount) VALUES ('10e17d8c-9cfd-4e33-91b4-cbc4cf0507fa', 'bef5fc55-c643-498c-be0a-66ff130daefa', 'TX-6FF6BEFD-117', 'Stripe', 'failed', 2479.67);
INSERT INTO Orders (id, user_id, status, total_amount, currency, created_at) VALUES ('b89cdc21-4e4d-4c2b-944b-2c265458b7da', '2aede90e-e66d-4cb4-a833-f2ef4f2e02a8', 'completed', 2959.71, 'GBP', '2026-03-29 04:17:55');
INSERT INTO OrderItems (id, order_id, product_id, variant_id, quantity, unit_price) VALUES ('4f21dd07-16b1-4be6-a2ee-2d0686e5eb59', 'b89cdc21-4e4d-4c2b-944b-2c265458b7da', '8741d3af-56c6-48a9-926c-a64113be8a31', '35811b2e-aeb9-423f-a408-6d57ca28abd9', 2, 100.00);
INSERT INTO OrderItems (id, order_id, product_id, variant_id, quantity, unit_price) VALUES ('c04ceef6-1ca1-4b24-be3d-f0198449ed57', 'b89cdc21-4e4d-4c2b-944b-2c265458b7da', '2281bd86-23db-43b8-834e-a90f0f4fc38d', 'e009a622-78a2-432b-ae8c-b9dfc61df511', 4, 100.00);
INSERT INTO OrderItems (id, order_id, product_id, variant_id, quantity, unit_price) VALUES ('51671828-ab14-4501-864e-30ba5330c34c', 'b89cdc21-4e4d-4c2b-944b-2c265458b7da', '7b0378a7-7ba4-4ad6-a64c-497633e44c77', '99c6f856-91af-4145-90e5-41da96a75bcf', 5, 100.00);
INSERT INTO OrderItems (id, order_id, product_id, variant_id, quantity, unit_price) VALUES ('6d6bc4dc-183c-474e-8545-d8e7f7547d50', 'b89cdc21-4e4d-4c2b-944b-2c265458b7da', '7b0378a7-7ba4-4ad6-a64c-497633e44c77', 'f1153cc5-0323-43a5-b61e-daf57ce65205', 1, 100.00);
INSERT INTO Payments (id, order_id, transaction_id, provider, status, amount) VALUES ('809eeec4-b61f-4d59-be91-2c0ff56af071', 'b89cdc21-4e4d-4c2b-944b-2c265458b7da', 'TX-122411F9-4E7', 'Stripe', 'refunded', 2959.71);
INSERT INTO Orders (id, user_id, status, total_amount, currency, created_at) VALUES ('7f197651-d315-4b09-8873-0f31d17438ce', '8cfe2a7d-306a-460e-9aef-ebc9227dc39b', 'pending', 7677.89, 'AUD', '2026-03-31 04:17:55');
INSERT INTO OrderItems (id, order_id, product_id, variant_id, quantity, unit_price) VALUES ('7f1d11b6-0c08-405e-984a-9c00af3caa7c', '7f197651-d315-4b09-8873-0f31d17438ce', '80f6d6c7-c41b-4784-bd5f-1fd35bd3e45b', '26dd7b68-02e1-4d21-b0b1-a96a529d0262', 4, 100.00);
INSERT INTO OrderItems (id, order_id, product_id, variant_id, quantity, unit_price) VALUES ('0c1c1d81-8bfb-442d-ba88-81d660f8020b', '7f197651-d315-4b09-8873-0f31d17438ce', 'b2e4268e-a449-4f84-b631-663556cefcd1', 'cc9ea7bc-7b0a-45dd-9f29-4bdf2b98c1c2', 1, 100.00);
INSERT INTO OrderItems (id, order_id, product_id, variant_id, quantity, unit_price) VALUES ('79700522-ebb0-4ef8-bdd6-799a3dc37752', '7f197651-d315-4b09-8873-0f31d17438ce', 'f97a5393-a2aa-4fa0-a6c3-7bce305c23e5', 'dde49980-010b-4f44-81a7-f893e0625c43', 2, 100.00);
INSERT INTO Payments (id, order_id, transaction_id, provider, status, amount) VALUES ('175692e4-33e9-409f-875e-2259e47c88fe', '7f197651-d315-4b09-8873-0f31d17438ce', 'TX-BC88B383-813', 'Stripe', 'refunded', 7677.89);
INSERT INTO Orders (id, user_id, status, total_amount, currency, created_at) VALUES ('4bf5eb9e-3ca1-4376-8dde-de9945a78779', '7a772fac-d6d6-48ce-a53b-5b147efd3af2', 'pending', 4544.28, 'JPY', '2026-03-17 04:17:55');
INSERT INTO OrderItems (id, order_id, product_id, variant_id, quantity, unit_price) VALUES ('c53140ee-b7a6-43f4-bcc7-96e1f16f3e7b', '4bf5eb9e-3ca1-4376-8dde-de9945a78779', 'f401d7c1-69a8-4073-a269-341ce6d9423b', 'b985f6df-e2f3-439f-acee-d09ac2866aba', 1, 100.00);
INSERT INTO OrderItems (id, order_id, product_id, variant_id, quantity, unit_price) VALUES ('f6d2735d-4bcf-45f7-a46c-04af584443bb', '4bf5eb9e-3ca1-4376-8dde-de9945a78779', 'f97a5393-a2aa-4fa0-a6c3-7bce305c23e5', 'fb3b6b98-435d-40f3-8169-9479c363ac2c', 4, 100.00);
INSERT INTO OrderItems (id, order_id, product_id, variant_id, quantity, unit_price) VALUES ('8195a985-9205-42f6-a91d-a3f90ed79330', '4bf5eb9e-3ca1-4376-8dde-de9945a78779', '5e7966e7-3de7-4c50-8f52-20dc2d90ab0d', '73e4f540-33fb-487d-a65e-ca000546e9ba', 5, 100.00);
INSERT INTO OrderItems (id, order_id, product_id, variant_id, quantity, unit_price) VALUES ('16a59f33-e523-4bcf-a30f-56f5abb6c430', '4bf5eb9e-3ca1-4376-8dde-de9945a78779', 'd0178575-add7-4458-9cc9-7852d0cd76cc', '7f0e2d12-3d8c-4531-9ea5-107d6997a800', 5, 100.00);
INSERT INTO Payments (id, order_id, transaction_id, provider, status, amount) VALUES ('6a2fbcb4-0e06-4c22-95b2-b9873ed52232', '4bf5eb9e-3ca1-4376-8dde-de9945a78779', 'TX-528DA245-5F3', 'Stripe', 'processing', 4544.28);
INSERT INTO Orders (id, user_id, status, total_amount, currency, created_at) VALUES ('b5f48cdd-6c66-44b5-bdac-f2626e698da5', 'f18c5cc6-9c98-4ee5-a449-06423f3befd0', 'refunded', 428.96, 'USD', '2026-04-04 04:17:55');
INSERT INTO OrderItems (id, order_id, product_id, variant_id, quantity, unit_price) VALUES ('cc4febc8-45a9-42f8-b1be-7a0cd44a1ae0', 'b5f48cdd-6c66-44b5-bdac-f2626e698da5', '3a30c4ab-1664-49dd-91e3-d97527dec6ff', '6dfe0527-cb9d-49f6-91b9-78e846b35599', 3, 100.00);
INSERT INTO OrderItems (id, order_id, product_id, variant_id, quantity, unit_price) VALUES ('fc634761-46d7-4560-8395-b40b786b901b', 'b5f48cdd-6c66-44b5-bdac-f2626e698da5', '99f08a67-bb96-46d7-95f0-b6e3864a0f58', 'ff14cffb-0196-41a2-8799-d35cb089a994', 5, 100.00);
INSERT INTO OrderItems (id, order_id, product_id, variant_id, quantity, unit_price) VALUES ('79ce5583-46d4-4181-a99b-883cc21e63ae', 'b5f48cdd-6c66-44b5-bdac-f2626e698da5', 'ae3d0944-88c4-4baa-bd15-6c8f8da06862', 'e85d33a0-8d36-409a-9273-19a740aa0fca', 1, 100.00);
INSERT INTO OrderItems (id, order_id, product_id, variant_id, quantity, unit_price) VALUES ('68fc570e-fe99-492f-801e-1987b39f05cd', 'b5f48cdd-6c66-44b5-bdac-f2626e698da5', '1420c7e0-b753-40be-8178-a4aa7033ed9b', 'a2fd6aa6-6987-4276-bb53-efa1f552a31c', 5, 100.00);
INSERT INTO Payments (id, order_id, transaction_id, provider, status, amount) VALUES ('a0b928e8-f6d5-4d0b-bd76-a5cf5c30cb3c', 'b5f48cdd-6c66-44b5-bdac-f2626e698da5', 'TX-3BCCCBF0-00B', 'Stripe', 'refunded', 428.96);
INSERT INTO Orders (id, user_id, status, total_amount, currency, created_at) VALUES ('e9a712de-4cb1-4c15-9e92-81e1cb803e73', '0165d3eb-25d9-493d-b189-aa1165c571c7', 'completed', 5388.88, 'USD', '2026-03-15 04:17:55');
INSERT INTO OrderItems (id, order_id, product_id, variant_id, quantity, unit_price) VALUES ('9787bed3-6906-4c74-9162-9b3cc269fa31', 'e9a712de-4cb1-4c15-9e92-81e1cb803e73', '296b27c5-5bbf-44ba-8bf9-74038268fe71', '4a720917-f52f-4de2-80c2-9deae8a0cef4', 1, 100.00);
INSERT INTO OrderItems (id, order_id, product_id, variant_id, quantity, unit_price) VALUES ('06f521ae-5231-4fbc-9005-b70c9e73cbf6', 'e9a712de-4cb1-4c15-9e92-81e1cb803e73', 'd7956376-e159-4548-8da6-bc30ad4d1d80', '9421614d-9c4c-4050-96a9-e10f6f443582', 2, 100.00);
INSERT INTO OrderItems (id, order_id, product_id, variant_id, quantity, unit_price) VALUES ('2d8a8ead-5a77-4bb4-9ffc-c5ba5fdfb3b7', 'e9a712de-4cb1-4c15-9e92-81e1cb803e73', 'ffb95efe-2c6a-40a8-a5ae-b9884cea2a44', '6f7d04ec-f7cf-4458-95c3-7e79b9f23e30', 4, 100.00);
INSERT INTO OrderItems (id, order_id, product_id, variant_id, quantity, unit_price) VALUES ('e035fca7-b203-4083-a038-f71b34c5c604', 'e9a712de-4cb1-4c15-9e92-81e1cb803e73', 'd7956376-e159-4548-8da6-bc30ad4d1d80', 'eef1f88b-1dbb-4015-aade-455c87aa9b59', 2, 100.00);
INSERT INTO Payments (id, order_id, transaction_id, provider, status, amount) VALUES ('2a213717-670a-4963-8525-61ce94201b54', 'e9a712de-4cb1-4c15-9e92-81e1cb803e73', 'TX-D9EDD5D7-CA7', 'Stripe', 'failed', 5388.88);
INSERT INTO Orders (id, user_id, status, total_amount, currency, created_at) VALUES ('727a6e37-4851-4b66-88cf-384d15737cdb', '0ae32022-be28-4aeb-809d-e23b3136f2fb', 'pending', 1916.97, 'AUD', '2026-03-28 04:17:55');
INSERT INTO OrderItems (id, order_id, product_id, variant_id, quantity, unit_price) VALUES ('fdef7398-1578-4d44-bebe-45a2f9fc2cf3', '727a6e37-4851-4b66-88cf-384d15737cdb', '42ddd728-d251-4289-aad3-a8d1eebe88e2', '0c6d4bfa-7fc1-4ea9-b6af-5e4fc3416c82', 4, 100.00);
INSERT INTO Payments (id, order_id, transaction_id, provider, status, amount) VALUES ('a2992998-ae97-4edb-bee5-3b6d46a5e60e', '727a6e37-4851-4b66-88cf-384d15737cdb', 'TX-77D1A0AC-D57', 'Stripe', 'success', 1916.97);
INSERT INTO Orders (id, user_id, status, total_amount, currency, created_at) VALUES ('3973486b-4491-4389-908f-59bccea47717', 'c3cd53dd-4a4a-433e-a623-b86b28ee950f', 'pending', 9118.49, 'INR', '2026-03-05 04:17:55');
INSERT INTO OrderItems (id, order_id, product_id, variant_id, quantity, unit_price) VALUES ('c3bbd167-49e3-4346-894c-606cb94fbc13', '3973486b-4491-4389-908f-59bccea47717', '0dbd8fe9-eca0-4604-a3b1-6c48ae26045c', 'b8331e43-995f-4133-9a77-ee4b49021fea', 1, 100.00);
INSERT INTO OrderItems (id, order_id, product_id, variant_id, quantity, unit_price) VALUES ('02930374-494d-425a-9a7f-8ed7c97e0a35', '3973486b-4491-4389-908f-59bccea47717', 'efe2c47b-df88-4faa-944c-ead53cfca0f3', 'a0cb61dd-c321-4212-bc5d-f8b891386e65', 4, 100.00);
INSERT INTO OrderItems (id, order_id, product_id, variant_id, quantity, unit_price) VALUES ('c2fef9b7-3fa9-4d23-ad95-3480ad4de4b6', '3973486b-4491-4389-908f-59bccea47717', 'ba766299-87a3-4192-8310-8c22afb0eb33', '5718e744-82b9-4f68-8fe9-a7cf72e111f0', 3, 100.00);
INSERT INTO Payments (id, order_id, transaction_id, provider, status, amount) VALUES ('f8e6d0f3-aef1-4a60-a743-c9853cd725c0', '3973486b-4491-4389-908f-59bccea47717', 'TX-DD838FF2-2F8', 'Stripe', 'failed', 9118.49);
INSERT INTO Orders (id, user_id, status, total_amount, currency, created_at) VALUES ('174343cd-f7f0-4922-8141-a3dbe5e99db8', 'e863709e-a331-481b-bd0d-00bc146e7456', 'completed', 6427.57, 'GBP', '2026-03-17 04:17:55');
INSERT INTO OrderItems (id, order_id, product_id, variant_id, quantity, unit_price) VALUES ('155d2657-b362-47b0-8de8-ea2a39cd4744', '174343cd-f7f0-4922-8141-a3dbe5e99db8', '99e1ebca-c988-444d-a54b-620fd2a32069', '87ed843c-2c85-447c-b5d1-f88f4ed7350a', 4, 100.00);
INSERT INTO OrderItems (id, order_id, product_id, variant_id, quantity, unit_price) VALUES ('80131c76-0ffb-4cd6-b8ba-a93b5310f8d5', '174343cd-f7f0-4922-8141-a3dbe5e99db8', 'dc4d4adf-a375-4960-8372-225d26917a9a', '2694dba4-3b1a-4244-918d-78e9d8e013a0', 4, 100.00);
INSERT INTO Payments (id, order_id, transaction_id, provider, status, amount) VALUES ('f2661ef5-2f40-4f6e-bb44-bcaa1a73e04c', '174343cd-f7f0-4922-8141-a3dbe5e99db8', 'TX-084DBE41-D52', 'Stripe', 'success', 6427.57);
INSERT INTO Orders (id, user_id, status, total_amount, currency, created_at) VALUES ('42ab66db-e8af-4363-965b-f7602a952fd3', '9f8c892c-dd6e-4434-8000-f5f680c99030', 'completed', 173.62, 'JPY', '2026-03-09 04:17:55');
INSERT INTO OrderItems (id, order_id, product_id, variant_id, quantity, unit_price) VALUES ('b0697bec-c74d-4e46-b6c8-21907b61c020', '42ab66db-e8af-4363-965b-f7602a952fd3', '80f6d6c7-c41b-4784-bd5f-1fd35bd3e45b', '18a614e1-c25d-410f-9741-69fa00aa12ff', 1, 100.00);
INSERT INTO OrderItems (id, order_id, product_id, variant_id, quantity, unit_price) VALUES ('2c9a1942-38d0-4bbc-995b-75b52296de0f', '42ab66db-e8af-4363-965b-f7602a952fd3', 'd1670013-5869-4e0c-80d6-23364891db5c', '4c2cfa9e-f2c5-4f0e-a06c-a74583781b0a', 3, 100.00);
INSERT INTO Payments (id, order_id, transaction_id, provider, status, amount) VALUES ('295f9faa-b924-405c-9b6f-3620d4651ed4', '42ab66db-e8af-4363-965b-f7602a952fd3', 'TX-AB7E30A6-5F6', 'Stripe', 'refunded', 173.62);
INSERT INTO Orders (id, user_id, status, total_amount, currency, created_at) VALUES ('c6bbf4b4-11ce-49e7-a091-a67b894cf073', '8ff5f273-cbf5-451d-a90b-9d58b7bbd1ce', 'completed', 6947.08, 'EUR', '2026-03-12 04:17:55');
INSERT INTO OrderItems (id, order_id, product_id, variant_id, quantity, unit_price) VALUES ('22cf62ae-865b-4260-bab5-1f226e6e2629', 'c6bbf4b4-11ce-49e7-a091-a67b894cf073', '46bd3d91-5ad3-40a1-8b96-368b1ad74693', 'eef1f88b-1dbb-4015-aade-455c87aa9b59', 5, 100.00);
INSERT INTO Payments (id, order_id, transaction_id, provider, status, amount) VALUES ('3459695d-f5f8-4870-987b-0d16342a7898', 'c6bbf4b4-11ce-49e7-a091-a67b894cf073', 'TX-D1B1F92C-8ED', 'Stripe', 'refunded', 6947.08);
INSERT INTO Orders (id, user_id, status, total_amount, currency, created_at) VALUES ('4ad44a83-0314-490b-b056-ea2cdc885614', 'cf1b1be8-1c7b-4335-a5da-6b68a85530b6', 'cancelled', 5700.50, 'INR', '2026-03-05 04:17:55');
INSERT INTO OrderItems (id, order_id, product_id, variant_id, quantity, unit_price) VALUES ('b3d28a8c-d13d-432e-8c0e-5551ef5c8e48', '4ad44a83-0314-490b-b056-ea2cdc885614', 'a2b4430f-e7d5-457b-b156-7f04cdad7e08', '55aa9726-25a3-4078-9dd9-506885e28cfd', 1, 100.00);
INSERT INTO Payments (id, order_id, transaction_id, provider, status, amount) VALUES ('c54a1abf-72a1-4213-bfb1-4cc2b2d44bfe', '4ad44a83-0314-490b-b056-ea2cdc885614', 'TX-B05521B1-929', 'Stripe', 'processing', 5700.50);
INSERT INTO Orders (id, user_id, status, total_amount, currency, created_at) VALUES ('c6865ab7-061a-4b37-9353-09a900e21815', '6b4ab8ff-15ed-4ffa-bed6-e4f8f38c18cf', 'completed', 4167.13, 'USD', '2026-03-11 04:17:55');
INSERT INTO OrderItems (id, order_id, product_id, variant_id, quantity, unit_price) VALUES ('d7e3f450-27db-47a9-9c48-fc33249c0f48', 'c6865ab7-061a-4b37-9353-09a900e21815', 'c838d358-b4eb-4a7d-8b1a-5be5263805d1', 'c78d877d-2fea-4765-a6eb-a324ac7bba51', 3, 100.00);
INSERT INTO Payments (id, order_id, transaction_id, provider, status, amount) VALUES ('078ae125-0b9c-40c9-8508-a7fa48886320', 'c6865ab7-061a-4b37-9353-09a900e21815', 'TX-5E631D43-7BB', 'Stripe', 'success', 4167.13);
INSERT INTO Orders (id, user_id, status, total_amount, currency, created_at) VALUES ('9b89444a-ba2b-4059-af8e-cfef83eec290', '970c3814-5b83-4f6f-9597-22108db891ad', 'cancelled', 4715.18, 'JPY', '2026-04-04 04:17:55');
INSERT INTO OrderItems (id, order_id, product_id, variant_id, quantity, unit_price) VALUES ('b1ffdba2-925a-49aa-9f04-91945bbadf5f', '9b89444a-ba2b-4059-af8e-cfef83eec290', '65571d32-e3dd-46cb-a382-9242b854ee6c', 'bc0b0cda-d2ef-4507-a3f3-9167b94d228a', 4, 100.00);
INSERT INTO Payments (id, order_id, transaction_id, provider, status, amount) VALUES ('1db69aa0-eab8-47ae-9167-fbd9410738e9', '9b89444a-ba2b-4059-af8e-cfef83eec290', 'TX-7580BB4B-EF0', 'Stripe', 'failed', 4715.18);
INSERT INTO Orders (id, user_id, status, total_amount, currency, created_at) VALUES ('503cf405-896f-4f34-9bc1-1f89e497c5c4', '11d7529f-1f8b-48a9-a797-0f2698f5e769', 'cancelled', 2492.69, 'GBP', '2026-03-10 04:17:55');
INSERT INTO OrderItems (id, order_id, product_id, variant_id, quantity, unit_price) VALUES ('b3f03e08-32f7-4a6a-acff-46ba1d62754b', '503cf405-896f-4f34-9bc1-1f89e497c5c4', '99e1ebca-c988-444d-a54b-620fd2a32069', '9421614d-9c4c-4050-96a9-e10f6f443582', 2, 100.00);
INSERT INTO OrderItems (id, order_id, product_id, variant_id, quantity, unit_price) VALUES ('9f29e803-d962-4c5c-b0f7-1760fbd20e33', '503cf405-896f-4f34-9bc1-1f89e497c5c4', 'c53b1b90-0fa8-4fd2-bde5-fc6bdb7c1e1b', 'aab16868-8a2d-4b5e-ac17-794be18879d6', 2, 100.00);
INSERT INTO OrderItems (id, order_id, product_id, variant_id, quantity, unit_price) VALUES ('458c4487-b305-4ac6-892f-0473e116b32b', '503cf405-896f-4f34-9bc1-1f89e497c5c4', '86629150-2e6a-4220-9fab-d82816488866', 'e8858916-7cc2-4834-b79b-54b440ef4c92', 5, 100.00);
INSERT INTO Payments (id, order_id, transaction_id, provider, status, amount) VALUES ('2cdcc700-99de-4c22-aa6c-5237589e4542', '503cf405-896f-4f34-9bc1-1f89e497c5c4', 'TX-113F8846-A85', 'Stripe', 'processing', 2492.69);
INSERT INTO Orders (id, user_id, status, total_amount, currency, created_at) VALUES ('74672930-bb33-4ede-ad1a-aa252cbe764d', '8190ef8a-0603-4e92-8bab-227d00773615', 'cancelled', 6507.70, 'USD', '2026-03-18 04:17:55');
INSERT INTO OrderItems (id, order_id, product_id, variant_id, quantity, unit_price) VALUES ('e95c2b42-1a21-4ed4-92ef-92a3ddbbde85', '74672930-bb33-4ede-ad1a-aa252cbe764d', '1b3df4d1-8ec7-423e-9894-8f4529a4004f', '1772e0df-ab94-44ff-b35d-c70afb1670ab', 3, 100.00);
INSERT INTO OrderItems (id, order_id, product_id, variant_id, quantity, unit_price) VALUES ('cd0b049e-ff38-4e95-8fde-c7b157103391', '74672930-bb33-4ede-ad1a-aa252cbe764d', '06db2942-332c-4e11-933a-2fc37e039986', '7fae0262-53f8-488e-ad39-c8a8e30046d0', 5, 100.00);
INSERT INTO OrderItems (id, order_id, product_id, variant_id, quantity, unit_price) VALUES ('d8ede389-20b1-402b-a1f9-d3137d2cae8a', '74672930-bb33-4ede-ad1a-aa252cbe764d', '974a1a9f-c5b3-4cd7-a6ea-0e3e0bb5723a', '288f15a2-0464-4bbe-b62a-288de7870d8a', 2, 100.00);
INSERT INTO OrderItems (id, order_id, product_id, variant_id, quantity, unit_price) VALUES ('5dc6c698-42ef-472d-b8b6-5a246022c3b7', '74672930-bb33-4ede-ad1a-aa252cbe764d', '746355f1-d150-485a-bba8-7bf7f927af03', '17e12797-602b-41bf-9244-8c35f94d585a', 4, 100.00);
INSERT INTO Payments (id, order_id, transaction_id, provider, status, amount) VALUES ('5e2cd982-b13a-4acf-ac72-689bf4a5a0e1', '74672930-bb33-4ede-ad1a-aa252cbe764d', 'TX-7F4EFBA9-C1C', 'Stripe', 'refunded', 6507.70);
INSERT INTO Orders (id, user_id, status, total_amount, currency, created_at) VALUES ('2700d1c7-4c47-4e5d-bd4f-f0167ce0df6a', 'a0cea2aa-50e9-4aef-b30f-62b3e9c442df', 'failed', 1670.38, 'JPY', '2026-03-17 04:17:55');
INSERT INTO OrderItems (id, order_id, product_id, variant_id, quantity, unit_price) VALUES ('411d68b7-0f18-422a-bc44-42176968888f', '2700d1c7-4c47-4e5d-bd4f-f0167ce0df6a', 'f97a5393-a2aa-4fa0-a6c3-7bce305c23e5', '2f78113c-040d-4732-b1b4-fe23ed71b4ff', 4, 100.00);
INSERT INTO Payments (id, order_id, transaction_id, provider, status, amount) VALUES ('97af765a-5975-4b96-b9ef-93c9a0cb7e3e', '2700d1c7-4c47-4e5d-bd4f-f0167ce0df6a', 'TX-A3A9F800-742', 'Stripe', 'processing', 1670.38);
INSERT INTO Orders (id, user_id, status, total_amount, currency, created_at) VALUES ('61b1347e-fa09-4897-97d5-1828c76179eb', '756ebdc0-93f6-405f-a8ea-ea2e62327c9b', 'completed', 4412.32, 'EUR', '2026-03-25 04:17:55');
INSERT INTO OrderItems (id, order_id, product_id, variant_id, quantity, unit_price) VALUES ('5b9a9dd1-e688-4f03-89fa-b0d83b5fa1d8', '61b1347e-fa09-4897-97d5-1828c76179eb', 'a224eb59-db06-45ef-8e44-ddb9230b875c', '4b1f1c1b-0134-48a2-b84a-14ddcaabadc1', 1, 100.00);
INSERT INTO OrderItems (id, order_id, product_id, variant_id, quantity, unit_price) VALUES ('7d941c7b-21f2-4c43-abad-959ab7601a24', '61b1347e-fa09-4897-97d5-1828c76179eb', '746355f1-d150-485a-bba8-7bf7f927af03', '238408a1-72f6-4ea6-9d23-c245c40111a1', 3, 100.00);
INSERT INTO OrderItems (id, order_id, product_id, variant_id, quantity, unit_price) VALUES ('97ea432c-79c6-4631-b754-bfa72de37ac7', '61b1347e-fa09-4897-97d5-1828c76179eb', '7e567ca5-c03f-4acd-a82e-b4f668712fa3', '7c058ea1-c5ef-478e-9127-ffcf24d3c5a1', 4, 100.00);
INSERT INTO OrderItems (id, order_id, product_id, variant_id, quantity, unit_price) VALUES ('7ee4b2eb-5c88-4901-9066-f35580c95b26', '61b1347e-fa09-4897-97d5-1828c76179eb', '45d438ab-0798-4320-ac10-f529660c3747', '288f15a2-0464-4bbe-b62a-288de7870d8a', 1, 100.00);
INSERT INTO Payments (id, order_id, transaction_id, provider, status, amount) VALUES ('8969bb54-a989-4ffc-a672-5828a71f99b6', '61b1347e-fa09-4897-97d5-1828c76179eb', 'TX-027B732C-CAB', 'Stripe', 'success', 4412.32);
INSERT INTO Orders (id, user_id, status, total_amount, currency, created_at) VALUES ('53a111bf-c51b-4866-997f-a935c75e2696', '00d67916-5e5e-4d3a-9f26-1a3c242ee490', 'completed', 4087.93, 'JPY', '2026-03-07 04:17:55');
INSERT INTO OrderItems (id, order_id, product_id, variant_id, quantity, unit_price) VALUES ('5bc7aed9-2839-4688-90a8-2d487cd427c8', '53a111bf-c51b-4866-997f-a935c75e2696', '5548956d-e4a6-4855-b44f-f7612b72b708', '599ad016-5889-41ba-9658-f84efde8e34d', 5, 100.00);
INSERT INTO OrderItems (id, order_id, product_id, variant_id, quantity, unit_price) VALUES ('7447745e-01e5-49be-b355-a449e7dd4b1f', '53a111bf-c51b-4866-997f-a935c75e2696', '974a1a9f-c5b3-4cd7-a6ea-0e3e0bb5723a', '2d84e108-ff6d-4f82-ad26-fe2c6cf9670c', 2, 100.00);
INSERT INTO OrderItems (id, order_id, product_id, variant_id, quantity, unit_price) VALUES ('4e3d4237-c87e-4a70-afcc-c62f449b11fb', '53a111bf-c51b-4866-997f-a935c75e2696', '7432525a-6e45-43b2-9f0c-56fa3eaeeab3', 'd69cce80-6117-4600-a0aa-376ad27868dc', 4, 100.00);
INSERT INTO Payments (id, order_id, transaction_id, provider, status, amount) VALUES ('7ea6b209-8fd6-45fe-a494-b521b6ded79b', '53a111bf-c51b-4866-997f-a935c75e2696', 'TX-4E53C9E9-57A', 'Stripe', 'refunded', 4087.93);
INSERT INTO Orders (id, user_id, status, total_amount, currency, created_at) VALUES ('bc33eb51-acc0-4620-bbf7-fa42d2260598', 'e2bf2c81-4d42-4bb5-a8f9-cd099daf69da', 'pending', 3162.72, 'AUD', '2026-03-26 04:17:55');
INSERT INTO OrderItems (id, order_id, product_id, variant_id, quantity, unit_price) VALUES ('5d895b07-4477-4941-b0b5-ddefa572b25b', 'bc33eb51-acc0-4620-bbf7-fa42d2260598', 'f97a5393-a2aa-4fa0-a6c3-7bce305c23e5', 'b8331e43-995f-4133-9a77-ee4b49021fea', 4, 100.00);
INSERT INTO OrderItems (id, order_id, product_id, variant_id, quantity, unit_price) VALUES ('647816c1-39f4-423e-bda8-74d6accc0329', 'bc33eb51-acc0-4620-bbf7-fa42d2260598', '3f37db79-547e-4029-a2ee-9457395702a9', 'f0cde506-82de-4462-b3c6-af23e3733231', 3, 100.00);
INSERT INTO OrderItems (id, order_id, product_id, variant_id, quantity, unit_price) VALUES ('c16279a3-fca1-4253-8b6e-3ab85a4b2ad5', 'bc33eb51-acc0-4620-bbf7-fa42d2260598', '7e567ca5-c03f-4acd-a82e-b4f668712fa3', '6c1dc3af-27d9-4320-987a-56122d188212', 5, 100.00);
INSERT INTO OrderItems (id, order_id, product_id, variant_id, quantity, unit_price) VALUES ('12e219e8-f11b-4209-8983-77447ac01ad7', 'bc33eb51-acc0-4620-bbf7-fa42d2260598', '18fbc669-1a09-404f-93ea-66354b1f8e82', 'cc9ea7bc-7b0a-45dd-9f29-4bdf2b98c1c2', 1, 100.00);
INSERT INTO Payments (id, order_id, transaction_id, provider, status, amount) VALUES ('fb82e1d7-46c3-4bca-bdcd-63835db7b2b0', 'bc33eb51-acc0-4620-bbf7-fa42d2260598', 'TX-06E2D557-94F', 'Stripe', 'success', 3162.72);
INSERT INTO Orders (id, user_id, status, total_amount, currency, created_at) VALUES ('e9ef0c61-12de-4a07-aa79-3a303d0faa20', '61e7b748-fec2-4e0f-b295-5299211ebe84', 'refunded', 2223.99, 'USD', '2026-03-12 04:17:55');
INSERT INTO OrderItems (id, order_id, product_id, variant_id, quantity, unit_price) VALUES ('af57d7c9-ef34-4a4f-a62f-088862cf9705', 'e9ef0c61-12de-4a07-aa79-3a303d0faa20', '0dbd8fe9-eca0-4604-a3b1-6c48ae26045c', '6dfe0527-cb9d-49f6-91b9-78e846b35599', 3, 100.00);
INSERT INTO OrderItems (id, order_id, product_id, variant_id, quantity, unit_price) VALUES ('4779ec71-69c9-46e3-b43f-f715c1d30b18', 'e9ef0c61-12de-4a07-aa79-3a303d0faa20', '46bd3d91-5ad3-40a1-8b96-368b1ad74693', '4694f469-c349-4501-a6f9-df175c601f2b', 3, 100.00);
INSERT INTO OrderItems (id, order_id, product_id, variant_id, quantity, unit_price) VALUES ('6d941e89-4767-42a9-9ae9-25b3889f1283', 'e9ef0c61-12de-4a07-aa79-3a303d0faa20', '2281bd86-23db-43b8-834e-a90f0f4fc38d', '30ca761e-5307-45be-b9b4-fc903bf84e53', 4, 100.00);
INSERT INTO Payments (id, order_id, transaction_id, provider, status, amount) VALUES ('a1420b6c-24c7-4584-bf5b-2ee5404bfed1', 'e9ef0c61-12de-4a07-aa79-3a303d0faa20', 'TX-839E6F2E-681', 'Stripe', 'processing', 2223.99);
INSERT INTO Orders (id, user_id, status, total_amount, currency, created_at) VALUES ('e774e6d2-369d-4fe3-885a-a1d1ece45ece', 'f7434807-7de1-46b5-bec8-eaa5cb314efb', 'refunded', 2945.81, 'JPY', '2026-03-05 04:17:55');
INSERT INTO OrderItems (id, order_id, product_id, variant_id, quantity, unit_price) VALUES ('dd71c070-676a-4b9b-8247-0fcc48ec6c97', 'e774e6d2-369d-4fe3-885a-a1d1ece45ece', '674eb1d9-17c9-492f-bf1c-01cc09821d6c', '816a0e7e-aea1-4edb-a1c7-aea8bf95d259', 2, 100.00);
INSERT INTO OrderItems (id, order_id, product_id, variant_id, quantity, unit_price) VALUES ('570d844e-7248-443d-a19e-779028cb79e5', 'e774e6d2-369d-4fe3-885a-a1d1ece45ece', '8a4bbeb9-ce0a-42d2-b1b1-f8ea154e0f2f', 'b147af93-36be-4dcb-af52-9399baa88064', 1, 100.00);
INSERT INTO OrderItems (id, order_id, product_id, variant_id, quantity, unit_price) VALUES ('aac6838e-f16b-4830-909a-70282f5acccb', 'e774e6d2-369d-4fe3-885a-a1d1ece45ece', '43cbc6a7-7065-4895-9c99-52f057e6d3ce', '7249fa14-5101-4617-9d91-ba17ccb94762', 2, 100.00);
INSERT INTO Payments (id, order_id, transaction_id, provider, status, amount) VALUES ('7ae02bad-0977-42b4-a128-b350817ebd4a', 'e774e6d2-369d-4fe3-885a-a1d1ece45ece', 'TX-23F37EE2-7ED', 'Stripe', 'refunded', 2945.81);
INSERT INTO Orders (id, user_id, status, total_amount, currency, created_at) VALUES ('1cb6a485-9061-47c3-8dba-b74bed841b89', '913e5523-be92-4fec-a9ab-63fd0e39e704', 'refunded', 3760.03, 'EUR', '2026-03-07 04:17:55');
INSERT INTO OrderItems (id, order_id, product_id, variant_id, quantity, unit_price) VALUES ('48a7956c-3e4a-4ba7-8a0e-77ccb457274a', '1cb6a485-9061-47c3-8dba-b74bed841b89', '36effd2f-bcc4-435f-bea4-bc535c099c1b', '73e4f540-33fb-487d-a65e-ca000546e9ba', 1, 100.00);
INSERT INTO Payments (id, order_id, transaction_id, provider, status, amount) VALUES ('181dad23-ae18-414d-8656-db46e9afd957', '1cb6a485-9061-47c3-8dba-b74bed841b89', 'TX-BAE2A90E-4F0', 'Stripe', 'processing', 3760.03);
INSERT INTO Orders (id, user_id, status, total_amount, currency, created_at) VALUES ('8c828d58-1178-49c2-ad0d-fc446d968e39', 'a0d54df1-950d-4f8d-affa-cec4d2fc6f4b', 'completed', 6470.37, 'INR', '2026-03-09 04:17:55');
INSERT INTO OrderItems (id, order_id, product_id, variant_id, quantity, unit_price) VALUES ('93c54e44-f118-4fcc-9c9c-68e9c68f6d7a', '8c828d58-1178-49c2-ad0d-fc446d968e39', '99f7c518-f1f0-45ed-882e-50c854c3bca2', '2557e127-9af8-4e51-8203-6f10a07087c5', 3, 100.00);
INSERT INTO OrderItems (id, order_id, product_id, variant_id, quantity, unit_price) VALUES ('3c398f60-afdd-4afa-8a76-710ee7b6bbb3', '8c828d58-1178-49c2-ad0d-fc446d968e39', '99e1ebca-c988-444d-a54b-620fd2a32069', '1772e0df-ab94-44ff-b35d-c70afb1670ab', 5, 100.00);
INSERT INTO Payments (id, order_id, transaction_id, provider, status, amount) VALUES ('7568a605-94c9-4666-9f85-b739d777a1c8', '8c828d58-1178-49c2-ad0d-fc446d968e39', 'TX-DE4376DD-436', 'Stripe', 'refunded', 6470.37);
INSERT INTO Orders (id, user_id, status, total_amount, currency, created_at) VALUES ('f2f15ab2-2b23-46fe-9c2a-9920e8463913', 'a1c9c280-3300-4095-9ac9-d1f2cc4d0c4b', 'refunded', 567.01, 'USD', '2026-03-16 04:17:55');
INSERT INTO OrderItems (id, order_id, product_id, variant_id, quantity, unit_price) VALUES ('532d0dcf-7822-416c-aad5-72c8eebf8671', 'f2f15ab2-2b23-46fe-9c2a-9920e8463913', '06db2942-332c-4e11-933a-2fc37e039986', '2c197dfb-5abe-4de2-803d-5a4a7660ad9d', 3, 100.00);
INSERT INTO Payments (id, order_id, transaction_id, provider, status, amount) VALUES ('b5f9b4b6-f85d-4c55-b78b-465b2a64dd62', 'f2f15ab2-2b23-46fe-9c2a-9920e8463913', 'TX-19DFDCD8-397', 'Stripe', 'failed', 567.01);
INSERT INTO Orders (id, user_id, status, total_amount, currency, created_at) VALUES ('d2a9a7b6-727e-4ca0-8ddb-952ce43a5754', 'ebe6b0e5-c6b8-43b8-b3ef-14f67c854134', 'completed', 6719.50, 'EUR', '2026-03-05 04:17:55');
INSERT INTO OrderItems (id, order_id, product_id, variant_id, quantity, unit_price) VALUES ('cc76c878-b0e0-4628-8aca-ccf3f6786141', 'd2a9a7b6-727e-4ca0-8ddb-952ce43a5754', '8741d3af-56c6-48a9-926c-a64113be8a31', '0d5e2b7b-1979-4e2f-b6b7-3f6613091ab8', 1, 100.00);
INSERT INTO Payments (id, order_id, transaction_id, provider, status, amount) VALUES ('d99dba5b-f421-4dfb-8fcd-1d197f26f630', 'd2a9a7b6-727e-4ca0-8ddb-952ce43a5754', 'TX-0D90BE13-DAC', 'Stripe', 'success', 6719.50);
INSERT INTO Orders (id, user_id, status, total_amount, currency, created_at) VALUES ('ab90973e-a37a-4d48-814d-2f88c1e773ba', '5efb4331-5ee6-471c-a05c-4dccdb54337f', 'refunded', 9766.48, 'EUR', '2026-04-01 04:17:55');
INSERT INTO OrderItems (id, order_id, product_id, variant_id, quantity, unit_price) VALUES ('9aba1160-adee-411c-bbf2-d9a82eb3cf58', 'ab90973e-a37a-4d48-814d-2f88c1e773ba', 'f97a5393-a2aa-4fa0-a6c3-7bce305c23e5', 'b3353718-1ec2-4de7-973a-8281bc44cef4', 2, 100.00);
INSERT INTO OrderItems (id, order_id, product_id, variant_id, quantity, unit_price) VALUES ('89d9fe9c-ac0f-4c9e-90b8-5287c9706586', 'ab90973e-a37a-4d48-814d-2f88c1e773ba', '06db2942-332c-4e11-933a-2fc37e039986', '7acd2b95-9381-4ca0-827b-aa821640f8e7', 3, 100.00);
INSERT INTO Payments (id, order_id, transaction_id, provider, status, amount) VALUES ('f0691f61-78bc-43ba-8b9c-c43a0f68299f', 'ab90973e-a37a-4d48-814d-2f88c1e773ba', 'TX-44B4BE15-69F', 'Stripe', 'failed', 9766.48);
INSERT INTO Orders (id, user_id, status, total_amount, currency, created_at) VALUES ('a3a85e03-afef-4460-bfd8-f60ec2ad1793', 'e18ed6e9-e573-4920-875e-5a4b4a54f22d', 'cancelled', 8934.24, 'GBP', '2026-03-27 04:17:55');
INSERT INTO OrderItems (id, order_id, product_id, variant_id, quantity, unit_price) VALUES ('3a041788-7249-48b8-a429-acef72b399fc', 'a3a85e03-afef-4460-bfd8-f60ec2ad1793', '44770228-9a29-4ad4-9704-b2ee30a48346', 'e8858916-7cc2-4834-b79b-54b440ef4c92', 2, 100.00);
INSERT INTO Payments (id, order_id, transaction_id, provider, status, amount) VALUES ('bbfe277d-3494-4a46-9b57-49b67417ff91', 'a3a85e03-afef-4460-bfd8-f60ec2ad1793', 'TX-2909C47D-B98', 'Stripe', 'failed', 8934.24);
INSERT INTO Orders (id, user_id, status, total_amount, currency, created_at) VALUES ('3d9458ef-8f53-4a30-85c5-a3706bf4f1e7', 'f4d9bf2b-320e-4d02-8905-8b498de91959', 'cancelled', 2438.31, 'AUD', '2026-03-10 04:17:55');
INSERT INTO OrderItems (id, order_id, product_id, variant_id, quantity, unit_price) VALUES ('a7554701-a11f-44e5-9201-22e4451f3246', '3d9458ef-8f53-4a30-85c5-a3706bf4f1e7', '069770ca-76b1-45e1-a0ed-9793e9635cfb', '70e6c985-56dd-433d-a9e3-efa674ac39db', 1, 100.00);
INSERT INTO Payments (id, order_id, transaction_id, provider, status, amount) VALUES ('9c432470-742c-4837-ba3e-c9775ddf1ce3', '3d9458ef-8f53-4a30-85c5-a3706bf4f1e7', 'TX-103D83B4-550', 'Stripe', 'success', 2438.31);
INSERT INTO Orders (id, user_id, status, total_amount, currency, created_at) VALUES ('a5667e42-cc99-44b5-86e5-07664afbde90', 'ad931990-b82c-42a7-9ede-5f370579dc1a', 'completed', 3142.84, 'GBP', '2026-03-20 04:17:55');
INSERT INTO OrderItems (id, order_id, product_id, variant_id, quantity, unit_price) VALUES ('434d6a29-a4ad-4153-9085-d582ae6cba5f', 'a5667e42-cc99-44b5-86e5-07664afbde90', 'd9123ae9-f36c-4c9b-a7ab-ca01cf81655a', '55aa9726-25a3-4078-9dd9-506885e28cfd', 5, 100.00);
INSERT INTO Payments (id, order_id, transaction_id, provider, status, amount) VALUES ('39bc4c5c-5bda-417d-9b13-b0b750db714c', 'a5667e42-cc99-44b5-86e5-07664afbde90', 'TX-A7F1A15B-341', 'Stripe', 'failed', 3142.84);
INSERT INTO Orders (id, user_id, status, total_amount, currency, created_at) VALUES ('29d32f58-0bf7-4e6e-a3ab-e0aaf5fc8f33', '0165d3eb-25d9-493d-b189-aa1165c571c7', 'pending', 9923.20, 'EUR', '2026-03-24 04:17:55');
INSERT INTO OrderItems (id, order_id, product_id, variant_id, quantity, unit_price) VALUES ('edd9bea2-4347-4a0c-80a6-0c471201430d', '29d32f58-0bf7-4e6e-a3ab-e0aaf5fc8f33', '7587a3bb-676d-4b31-9989-b7f9a455a37e', '6a2f4f25-d02c-49f2-87cd-d0ba8a635374', 5, 100.00);
INSERT INTO OrderItems (id, order_id, product_id, variant_id, quantity, unit_price) VALUES ('364ad8d1-3cb7-4f3d-a884-e1978f067a43', '29d32f58-0bf7-4e6e-a3ab-e0aaf5fc8f33', 'fbe52f5d-27ff-46df-b651-49a51d60c3a3', '1e113a10-9c17-49ed-8eba-01085d810f0b', 5, 100.00);
INSERT INTO OrderItems (id, order_id, product_id, variant_id, quantity, unit_price) VALUES ('27152325-fb84-4078-8ee4-b053f5bb22aa', '29d32f58-0bf7-4e6e-a3ab-e0aaf5fc8f33', 'd284aa03-c5c2-4550-a8ef-aaf990044d58', 'e9f6504a-6d19-468e-873e-be957af63331', 1, 100.00);
INSERT INTO Payments (id, order_id, transaction_id, provider, status, amount) VALUES ('f465c7ad-c424-441a-93e1-6f6dc9cd6309', '29d32f58-0bf7-4e6e-a3ab-e0aaf5fc8f33', 'TX-BA5DAEC1-2B2', 'Stripe', 'success', 9923.20);
INSERT INTO Orders (id, user_id, status, total_amount, currency, created_at) VALUES ('a6193584-d155-4e07-bdff-50f8b2ed9b47', 'f3c93346-3d95-4cdf-b785-2d841c35da0f', 'failed', 7351.92, 'EUR', '2026-03-31 04:17:55');
INSERT INTO OrderItems (id, order_id, product_id, variant_id, quantity, unit_price) VALUES ('ff527d4f-acaf-4106-a094-0d101315633e', 'a6193584-d155-4e07-bdff-50f8b2ed9b47', 'f1bbe195-8e80-48a3-9303-229bf6ba3ccf', 'c1e56c6b-ac19-4663-9804-fb72dbe8e41e', 3, 100.00);
INSERT INTO Payments (id, order_id, transaction_id, provider, status, amount) VALUES ('50cc291c-a87b-4188-94eb-a31e450c8e62', 'a6193584-d155-4e07-bdff-50f8b2ed9b47', 'TX-B08159AB-990', 'Stripe', 'success', 7351.92);
INSERT INTO Orders (id, user_id, status, total_amount, currency, created_at) VALUES ('8369a63a-602a-4bb5-b7ad-eb4a5663b562', '3dcb7fb9-e15e-43db-ba0d-785128b6c1c8', 'pending', 3948.39, 'GBP', '2026-03-28 04:17:55');
INSERT INTO OrderItems (id, order_id, product_id, variant_id, quantity, unit_price) VALUES ('5a32df8b-b41c-4de3-acef-6605b383e5f5', '8369a63a-602a-4bb5-b7ad-eb4a5663b562', 'b9d51b0f-faa0-4ea0-98fc-14b31cf371a6', '74025d06-f8b4-4ba2-8e93-093e32857700', 4, 100.00);
INSERT INTO OrderItems (id, order_id, product_id, variant_id, quantity, unit_price) VALUES ('b10fb239-6457-40cb-a729-6f03d7362d58', '8369a63a-602a-4bb5-b7ad-eb4a5663b562', 'f8d4faa5-ca28-4fe1-8c91-adc5c01d17a9', '2a2d44a2-0b1e-4670-bf1d-2c6d92607963', 2, 100.00);
INSERT INTO Payments (id, order_id, transaction_id, provider, status, amount) VALUES ('351165d0-ce56-4b60-aa3d-0c6baebcc58b', '8369a63a-602a-4bb5-b7ad-eb4a5663b562', 'TX-CE282BD4-38F', 'Stripe', 'refunded', 3948.39);
INSERT INTO Orders (id, user_id, status, total_amount, currency, created_at) VALUES ('5aa92604-669d-4771-8dbb-bb8ccab8a45e', '92cbfdca-506b-4a50-900c-002e1e625e10', 'failed', 768.58, 'INR', '2026-03-07 04:17:55');
INSERT INTO OrderItems (id, order_id, product_id, variant_id, quantity, unit_price) VALUES ('6c5e7573-0dce-4e1a-82c0-3064ed805dac', '5aa92604-669d-4771-8dbb-bb8ccab8a45e', 'fbe52f5d-27ff-46df-b651-49a51d60c3a3', 'f0cde506-82de-4462-b3c6-af23e3733231', 2, 100.00);
INSERT INTO OrderItems (id, order_id, product_id, variant_id, quantity, unit_price) VALUES ('307bf98b-0bc4-48c9-b16b-bc65806a91b8', '5aa92604-669d-4771-8dbb-bb8ccab8a45e', 'cd0b8b0e-f526-4798-bc74-4238819b1d75', '8628ab10-cee5-426a-b992-d13b63577be7', 2, 100.00);
INSERT INTO OrderItems (id, order_id, product_id, variant_id, quantity, unit_price) VALUES ('607f9680-2d3f-4e08-9ce0-27619cc3ff8b', '5aa92604-669d-4771-8dbb-bb8ccab8a45e', '06db2942-332c-4e11-933a-2fc37e039986', '6ffad4bb-a951-4c43-a8e6-c445b26f9189', 5, 100.00);
INSERT INTO Payments (id, order_id, transaction_id, provider, status, amount) VALUES ('3d848e0a-5deb-4851-958e-ee49de8752c3', '5aa92604-669d-4771-8dbb-bb8ccab8a45e', 'TX-C0BFCE6A-77C', 'Stripe', 'refunded', 768.58);
INSERT INTO Orders (id, user_id, status, total_amount, currency, created_at) VALUES ('5ce89b7c-e9ff-4e4a-a920-e8be25dd6ef1', 'ad931990-b82c-42a7-9ede-5f370579dc1a', 'cancelled', 1906.18, 'INR', '2026-03-13 04:17:55');
INSERT INTO OrderItems (id, order_id, product_id, variant_id, quantity, unit_price) VALUES ('f0bd16d2-21c5-4d7b-aa40-f49d5b06a3f9', '5ce89b7c-e9ff-4e4a-a920-e8be25dd6ef1', '4a927b9a-9cf5-4c56-a490-fb2f926cbb7d', '87a0c9bb-0cd7-47fa-9f91-349013bf4a24', 5, 100.00);
INSERT INTO Payments (id, order_id, transaction_id, provider, status, amount) VALUES ('8ee38a3d-fd40-4610-aa60-91853d6e7c85', '5ce89b7c-e9ff-4e4a-a920-e8be25dd6ef1', 'TX-05144BD9-E76', 'Stripe', 'failed', 1906.18);
INSERT INTO Orders (id, user_id, status, total_amount, currency, created_at) VALUES ('7d12b739-48af-4dde-8791-c0ec7e43e825', 'cc8205fb-de9c-4c33-a2db-28a296473c1f', 'failed', 2652.61, 'EUR', '2026-03-20 04:17:55');
INSERT INTO OrderItems (id, order_id, product_id, variant_id, quantity, unit_price) VALUES ('83731ffb-3909-45de-9a1b-2e0b6979d206', '7d12b739-48af-4dde-8791-c0ec7e43e825', '46bd3d91-5ad3-40a1-8b96-368b1ad74693', '1b7ef04e-e61c-4095-b492-7f269a5f6d04', 1, 100.00);
INSERT INTO OrderItems (id, order_id, product_id, variant_id, quantity, unit_price) VALUES ('aa181e70-ff63-432a-a86d-2964a26dbef4', '7d12b739-48af-4dde-8791-c0ec7e43e825', '46bd3d91-5ad3-40a1-8b96-368b1ad74693', 'd9dca0af-f41d-4d8c-8877-1b0bef40b91b', 3, 100.00);
INSERT INTO OrderItems (id, order_id, product_id, variant_id, quantity, unit_price) VALUES ('f7dd480e-9c9a-4000-8dee-948916fe3f6c', '7d12b739-48af-4dde-8791-c0ec7e43e825', '3527ad4e-2904-452e-9215-22867e37e14e', 'ea586182-32d8-444f-984f-b6885a21f48a', 5, 100.00);
INSERT INTO OrderItems (id, order_id, product_id, variant_id, quantity, unit_price) VALUES ('44e51e28-97e6-4b21-b6b5-deacfd1b9e95', '7d12b739-48af-4dde-8791-c0ec7e43e825', '974a1a9f-c5b3-4cd7-a6ea-0e3e0bb5723a', '52fa2a46-77b2-472a-987b-b375e654c354', 5, 100.00);
INSERT INTO Payments (id, order_id, transaction_id, provider, status, amount) VALUES ('5db4d22e-e8db-4439-9ca2-da02a3518622', '7d12b739-48af-4dde-8791-c0ec7e43e825', 'TX-24D32117-B48', 'Stripe', 'failed', 2652.61);
INSERT INTO Orders (id, user_id, status, total_amount, currency, created_at) VALUES ('4d5ae738-0c61-40d7-80c3-2a44809b3e1e', 'c9ed9c4f-b573-42f7-b2c5-f9169f65156a', 'cancelled', 2499.25, 'AUD', '2026-03-13 04:17:55');
INSERT INTO OrderItems (id, order_id, product_id, variant_id, quantity, unit_price) VALUES ('48a7ee65-eb25-4bdd-ae2d-db006c711a0c', '4d5ae738-0c61-40d7-80c3-2a44809b3e1e', '18412940-2f5f-4a94-a9f4-e4e5fd3f5b95', '17e12797-602b-41bf-9244-8c35f94d585a', 4, 100.00);
INSERT INTO OrderItems (id, order_id, product_id, variant_id, quantity, unit_price) VALUES ('ab60e8f2-e6f9-47a5-a047-eae467ac6983', '4d5ae738-0c61-40d7-80c3-2a44809b3e1e', '4a927b9a-9cf5-4c56-a490-fb2f926cbb7d', '4d1c9849-13ce-4615-acfe-bbd4ec2460b7', 4, 100.00);
INSERT INTO Payments (id, order_id, transaction_id, provider, status, amount) VALUES ('baf280e2-658e-4254-ac45-d348bf9bac5c', '4d5ae738-0c61-40d7-80c3-2a44809b3e1e', 'TX-EB84956F-1DB', 'Stripe', 'processing', 2499.25);
INSERT INTO Orders (id, user_id, status, total_amount, currency, created_at) VALUES ('5ca2f830-3f49-4588-b05f-715478170fe8', 'a0cea2aa-50e9-4aef-b30f-62b3e9c442df', 'pending', 3994.79, 'EUR', '2026-03-22 04:17:55');
INSERT INTO OrderItems (id, order_id, product_id, variant_id, quantity, unit_price) VALUES ('16a8002e-ab4d-477e-9b58-6c0c7b0da76a', '5ca2f830-3f49-4588-b05f-715478170fe8', '5dc7d2be-8170-406e-9bf2-4ba3b427e977', 'e95f5365-198e-4c36-811f-d78362c5e1e0', 2, 100.00);
INSERT INTO OrderItems (id, order_id, product_id, variant_id, quantity, unit_price) VALUES ('48846e52-d50a-436b-83b2-bd534ac1fd3e', '5ca2f830-3f49-4588-b05f-715478170fe8', 'd0bc30b9-f3a1-472b-b67b-148d4c715913', 'a294140f-f7cc-446d-938c-c161056ed01b', 3, 100.00);
INSERT INTO OrderItems (id, order_id, product_id, variant_id, quantity, unit_price) VALUES ('852e7e7b-9557-4689-81fd-929a8fecbd53', '5ca2f830-3f49-4588-b05f-715478170fe8', '43cbc6a7-7065-4895-9c99-52f057e6d3ce', '69cdb0bb-c85b-44db-a897-e8d2ccb31bdf', 4, 100.00);
INSERT INTO Payments (id, order_id, transaction_id, provider, status, amount) VALUES ('23785e76-4f19-4920-bb48-06947524425a', '5ca2f830-3f49-4588-b05f-715478170fe8', 'TX-0A533E50-383', 'Stripe', 'success', 3994.79);
INSERT INTO Orders (id, user_id, status, total_amount, currency, created_at) VALUES ('8be59be4-34eb-4a8a-8014-9f8d49754da7', 'fd5c7b77-7cdc-4f15-8e63-c730553b12b7', 'failed', 2415.47, 'INR', '2026-03-27 04:17:55');
INSERT INTO OrderItems (id, order_id, product_id, variant_id, quantity, unit_price) VALUES ('092efdab-5273-47b5-91a4-498315345710', '8be59be4-34eb-4a8a-8014-9f8d49754da7', '6704781d-02b7-4c85-b4df-a686878fbad4', '4c2cfa9e-f2c5-4f0e-a06c-a74583781b0a', 4, 100.00);
INSERT INTO Payments (id, order_id, transaction_id, provider, status, amount) VALUES ('0c3043c8-5821-4c6c-afde-461cde4bd30a', '8be59be4-34eb-4a8a-8014-9f8d49754da7', 'TX-7F0F5AB2-C0C', 'Stripe', 'failed', 2415.47);
INSERT INTO Orders (id, user_id, status, total_amount, currency, created_at) VALUES ('8180e6f5-e4b6-420d-b0c2-7cad75bf3f79', 'fcb02153-2d99-46b6-be81-f959198cee8c', 'failed', 4453.28, 'GBP', '2026-03-05 04:17:55');
INSERT INTO OrderItems (id, order_id, product_id, variant_id, quantity, unit_price) VALUES ('b31ba9c8-24f7-4098-b056-832e8011c4b7', '8180e6f5-e4b6-420d-b0c2-7cad75bf3f79', 'deac43f9-555a-467d-9ab8-cb188b8361d9', 'c1e56c6b-ac19-4663-9804-fb72dbe8e41e', 1, 100.00);
INSERT INTO OrderItems (id, order_id, product_id, variant_id, quantity, unit_price) VALUES ('1f9075b7-fe8e-4613-8463-b9cfd4784716', '8180e6f5-e4b6-420d-b0c2-7cad75bf3f79', '7587a3bb-676d-4b31-9989-b7f9a455a37e', '5fa32add-00b5-4495-8736-e2c99dbe2206', 1, 100.00);
INSERT INTO OrderItems (id, order_id, product_id, variant_id, quantity, unit_price) VALUES ('da62c7b7-960e-482e-beca-18e883f5dfd3', '8180e6f5-e4b6-420d-b0c2-7cad75bf3f79', 'a8bf1ec3-bafa-4c35-8d64-36120c795724', '884cfa7f-3573-47c1-adce-334437e55262', 2, 100.00);
INSERT INTO OrderItems (id, order_id, product_id, variant_id, quantity, unit_price) VALUES ('021f3e50-ff0b-4f99-bd16-69dd9d54c05b', '8180e6f5-e4b6-420d-b0c2-7cad75bf3f79', '069770ca-76b1-45e1-a0ed-9793e9635cfb', 'f864406b-61b4-4a05-8b55-30b44373e55a', 4, 100.00);
INSERT INTO Payments (id, order_id, transaction_id, provider, status, amount) VALUES ('d6e7dadc-31ba-43d4-8b8c-1eb24de2c0d4', '8180e6f5-e4b6-420d-b0c2-7cad75bf3f79', 'TX-3CB3F4ED-4D7', 'Stripe', 'success', 4453.28);
INSERT INTO Orders (id, user_id, status, total_amount, currency, created_at) VALUES ('cf1518a9-8197-47a9-aa75-386d1a207c49', '374935b3-5aa6-4cb6-8191-87751b948303', 'pending', 6309.25, 'AUD', '2026-03-25 04:17:55');
INSERT INTO OrderItems (id, order_id, product_id, variant_id, quantity, unit_price) VALUES ('a085df63-0bc0-47bc-97c8-74fe103313e9', 'cf1518a9-8197-47a9-aa75-386d1a207c49', '42ddd728-d251-4289-aad3-a8d1eebe88e2', 'e8858916-7cc2-4834-b79b-54b440ef4c92', 5, 100.00);
INSERT INTO Payments (id, order_id, transaction_id, provider, status, amount) VALUES ('cac42798-ba65-4aea-9f96-96dba33ac618', 'cf1518a9-8197-47a9-aa75-386d1a207c49', 'TX-27A7329A-92C', 'Stripe', 'processing', 6309.25);
INSERT INTO Orders (id, user_id, status, total_amount, currency, created_at) VALUES ('18786fbf-2115-4b87-81bf-50c2213cc8f3', '5efb4331-5ee6-471c-a05c-4dccdb54337f', 'refunded', 7064.56, 'AUD', '2026-03-22 04:17:55');
INSERT INTO OrderItems (id, order_id, product_id, variant_id, quantity, unit_price) VALUES ('ba88b6fa-e7c9-4240-9bbf-4919249412a9', '18786fbf-2115-4b87-81bf-50c2213cc8f3', 'c5e7734c-6749-4292-b0b8-35d17464ddfd', '52fa2a46-77b2-472a-987b-b375e654c354', 3, 100.00);
INSERT INTO OrderItems (id, order_id, product_id, variant_id, quantity, unit_price) VALUES ('500e68cf-86c6-4dc8-b55b-bf279e44b6c2', '18786fbf-2115-4b87-81bf-50c2213cc8f3', 'f401d7c1-69a8-4073-a269-341ce6d9423b', '044d2b3d-2278-4598-8d8c-5a02467a71e6', 2, 100.00);
INSERT INTO OrderItems (id, order_id, product_id, variant_id, quantity, unit_price) VALUES ('2fc38d47-94ea-4585-b869-a5e622023117', '18786fbf-2115-4b87-81bf-50c2213cc8f3', 'd0178575-add7-4458-9cc9-7852d0cd76cc', 'a366bca6-4705-436e-947e-24cf5b05b463', 4, 100.00);
INSERT INTO Payments (id, order_id, transaction_id, provider, status, amount) VALUES ('3594fc9a-6ae0-4b41-a712-f14f19cfd4a8', '18786fbf-2115-4b87-81bf-50c2213cc8f3', 'TX-3C9B8EDA-B25', 'Stripe', 'processing', 7064.56);
INSERT INTO Orders (id, user_id, status, total_amount, currency, created_at) VALUES ('e98e3949-5df6-4919-8b12-90305d03919d', '2409e2b3-3ef1-476a-b57f-07baef5d118a', 'pending', 3756.32, 'USD', '2026-03-19 04:17:55');
INSERT INTO OrderItems (id, order_id, product_id, variant_id, quantity, unit_price) VALUES ('2cb14bcf-a63c-47e9-9c3f-ca4dbea1c96b', 'e98e3949-5df6-4919-8b12-90305d03919d', 'e15de4bd-c227-46ee-bd9a-ab8e0b39749c', '28bedb99-7b79-4c91-9ff2-482ab8faac85', 1, 100.00);
INSERT INTO OrderItems (id, order_id, product_id, variant_id, quantity, unit_price) VALUES ('639b8d4e-0519-4fbe-8ff9-074700767aec', 'e98e3949-5df6-4919-8b12-90305d03919d', '36effd2f-bcc4-435f-bea4-bc535c099c1b', 'dde49980-010b-4f44-81a7-f893e0625c43', 1, 100.00);
INSERT INTO Payments (id, order_id, transaction_id, provider, status, amount) VALUES ('f1ef62fc-7a0a-42b5-8210-faafd68ab459', 'e98e3949-5df6-4919-8b12-90305d03919d', 'TX-27DB7B5F-C8D', 'Stripe', 'success', 3756.32);
INSERT INTO Orders (id, user_id, status, total_amount, currency, created_at) VALUES ('0a1f8341-739e-4fb9-baa7-1bda4789a648', '2aede90e-e66d-4cb4-a833-f2ef4f2e02a8', 'failed', 8890.13, 'INR', '2026-04-03 04:17:55');
INSERT INTO OrderItems (id, order_id, product_id, variant_id, quantity, unit_price) VALUES ('0a59f733-8774-4edf-948d-87648081e508', '0a1f8341-739e-4fb9-baa7-1bda4789a648', '4a927b9a-9cf5-4c56-a490-fb2f926cbb7d', '35ff7d4a-96e5-4de1-920d-a1206f4fc155', 1, 100.00);
INSERT INTO Payments (id, order_id, transaction_id, provider, status, amount) VALUES ('4dcf6026-a710-4768-a91c-9b95c7c3f6a4', '0a1f8341-739e-4fb9-baa7-1bda4789a648', 'TX-E57F1904-F6B', 'Stripe', 'processing', 8890.13);
INSERT INTO Orders (id, user_id, status, total_amount, currency, created_at) VALUES ('6501d38d-9b3a-4bdb-8f17-64a464178584', 'e6499594-121d-40eb-883d-a585001ad516', 'cancelled', 7162.84, 'AUD', '2026-04-02 04:17:55');
INSERT INTO OrderItems (id, order_id, product_id, variant_id, quantity, unit_price) VALUES ('fd1d6c76-bfbf-4b7e-a723-4948e0da1296', '6501d38d-9b3a-4bdb-8f17-64a464178584', '65571d32-e3dd-46cb-a382-9242b854ee6c', '2d9a0f93-0c6a-4e81-ab30-ffc4d155ec4c', 5, 100.00);
INSERT INTO OrderItems (id, order_id, product_id, variant_id, quantity, unit_price) VALUES ('530fabff-a83b-427a-aac2-66ba983a0a9a', '6501d38d-9b3a-4bdb-8f17-64a464178584', 'a8bf1ec3-bafa-4c35-8d64-36120c795724', '74025d06-f8b4-4ba2-8e93-093e32857700', 1, 100.00);
INSERT INTO OrderItems (id, order_id, product_id, variant_id, quantity, unit_price) VALUES ('0ca2fa60-3075-4454-a10a-9ad0bc822b1f', '6501d38d-9b3a-4bdb-8f17-64a464178584', '56875e67-5e75-4413-9601-d88c50184934', 'e2c94035-9eb5-4667-b28e-7847ac1e894f', 1, 100.00);
INSERT INTO OrderItems (id, order_id, product_id, variant_id, quantity, unit_price) VALUES ('29949c16-a7cf-4d89-88f9-564bae9013d1', '6501d38d-9b3a-4bdb-8f17-64a464178584', 'da3fd9b3-53fb-44d3-9b10-74523084406f', '7e6b7164-fb24-4778-bf74-838e223f3095', 1, 100.00);
INSERT INTO Payments (id, order_id, transaction_id, provider, status, amount) VALUES ('a5ba0769-0704-4ec2-ab2e-56823ad6c8f1', '6501d38d-9b3a-4bdb-8f17-64a464178584', 'TX-A0C78157-929', 'Stripe', 'refunded', 7162.84);
INSERT INTO Orders (id, user_id, status, total_amount, currency, created_at) VALUES ('554f5165-cc0b-4bf2-8866-239d1a5e7885', 'a7c23564-7cf7-466b-af52-d5f5265df2c3', 'refunded', 7043.47, 'USD', '2026-03-20 04:17:55');
INSERT INTO OrderItems (id, order_id, product_id, variant_id, quantity, unit_price) VALUES ('6640dd28-e56a-43b3-8935-8bd73da80f30', '554f5165-cc0b-4bf2-8866-239d1a5e7885', '17ed8c1a-d854-4614-abf2-9382e2f4829a', '2543bc37-7800-422a-ae90-79414899ff21', 4, 100.00);
INSERT INTO OrderItems (id, order_id, product_id, variant_id, quantity, unit_price) VALUES ('b3ae6fb5-1693-4279-a01b-00bcdf279729', '554f5165-cc0b-4bf2-8866-239d1a5e7885', '2db10195-d36e-4da6-9963-4a2432ba8310', '1772e0df-ab94-44ff-b35d-c70afb1670ab', 2, 100.00);
INSERT INTO OrderItems (id, order_id, product_id, variant_id, quantity, unit_price) VALUES ('c7d6d6b9-13d3-4fcf-af61-1c7f055af1b4', '554f5165-cc0b-4bf2-8866-239d1a5e7885', 'd0bc30b9-f3a1-472b-b67b-148d4c715913', 'aab16868-8a2d-4b5e-ac17-794be18879d6', 3, 100.00);
INSERT INTO OrderItems (id, order_id, product_id, variant_id, quantity, unit_price) VALUES ('8174498b-7cbd-47c4-8584-ecce872aeb3d', '554f5165-cc0b-4bf2-8866-239d1a5e7885', 'cdf0e73c-7bd0-4e29-a85a-e98622eea37f', '52fa2a46-77b2-472a-987b-b375e654c354', 4, 100.00);
INSERT INTO Payments (id, order_id, transaction_id, provider, status, amount) VALUES ('8ca743e8-15fd-4669-ac9f-dd5b8f92e40e', '554f5165-cc0b-4bf2-8866-239d1a5e7885', 'TX-0E71A628-F8A', 'Stripe', 'processing', 7043.47);
INSERT INTO Orders (id, user_id, status, total_amount, currency, created_at) VALUES ('04cfc509-79d4-40ee-8da3-c6f51913df75', '42ff1c03-90df-409b-9741-0e0c6e706bbf', 'cancelled', 500.32, 'EUR', '2026-03-23 04:17:55');
INSERT INTO OrderItems (id, order_id, product_id, variant_id, quantity, unit_price) VALUES ('2bfc3d8a-abcb-4e00-aca0-78d8fa8c64ba', '04cfc509-79d4-40ee-8da3-c6f51913df75', '296b27c5-5bbf-44ba-8bf9-74038268fe71', 'ede73651-d534-4e31-8613-3ba656a7e308', 3, 100.00);
INSERT INTO OrderItems (id, order_id, product_id, variant_id, quantity, unit_price) VALUES ('67dd98fe-b8a6-4576-8ed8-cefbf1f008a5', '04cfc509-79d4-40ee-8da3-c6f51913df75', 'd4bd628f-2985-46d2-b473-3d919539a8b7', '2ce6ab3b-7d9a-4acc-a5b4-10e467f5f4fb', 5, 100.00);
INSERT INTO OrderItems (id, order_id, product_id, variant_id, quantity, unit_price) VALUES ('12f82908-bcc7-4696-8b5a-dbc6c89267e8', '04cfc509-79d4-40ee-8da3-c6f51913df75', 'f04fd5ce-8775-4822-a1f9-4455423ce927', '7f0e2d12-3d8c-4531-9ea5-107d6997a800', 3, 100.00);
INSERT INTO OrderItems (id, order_id, product_id, variant_id, quantity, unit_price) VALUES ('2b9e04d7-ed9a-479f-8c10-85803ba5a29c', '04cfc509-79d4-40ee-8da3-c6f51913df75', 'ff95dc2d-3e4f-4c9e-81aa-57f44324b4fc', '7c058ea1-c5ef-478e-9127-ffcf24d3c5a1', 3, 100.00);
INSERT INTO Payments (id, order_id, transaction_id, provider, status, amount) VALUES ('9a02606e-82ef-4f72-a00a-a9fb50d89ac4', '04cfc509-79d4-40ee-8da3-c6f51913df75', 'TX-7C35A81B-819', 'Stripe', 'failed', 500.32);
INSERT INTO Orders (id, user_id, status, total_amount, currency, created_at) VALUES ('d2a5431a-57d3-405b-916e-c7a5e7442d98', '61e7b748-fec2-4e0f-b295-5299211ebe84', 'cancelled', 5644.61, 'INR', '2026-03-28 04:17:55');
INSERT INTO OrderItems (id, order_id, product_id, variant_id, quantity, unit_price) VALUES ('b1c862f7-1fe6-4faf-87c0-cca284b6f2f6', 'd2a5431a-57d3-405b-916e-c7a5e7442d98', '069770ca-76b1-45e1-a0ed-9793e9635cfb', '816a0e7e-aea1-4edb-a1c7-aea8bf95d259', 4, 100.00);
INSERT INTO OrderItems (id, order_id, product_id, variant_id, quantity, unit_price) VALUES ('b6f937ce-6028-472c-a596-68b354c70be8', 'd2a5431a-57d3-405b-916e-c7a5e7442d98', '0c208476-dc50-4a69-b6e1-bd9016796f7d', '69cdb0bb-c85b-44db-a897-e8d2ccb31bdf', 1, 100.00);
INSERT INTO Payments (id, order_id, transaction_id, provider, status, amount) VALUES ('4591e666-0fdd-4453-8c97-e51b5b353c9d', 'd2a5431a-57d3-405b-916e-c7a5e7442d98', 'TX-7B576F78-239', 'Stripe', 'failed', 5644.61);
INSERT INTO Orders (id, user_id, status, total_amount, currency, created_at) VALUES ('da47cf1c-f65d-45fc-9b32-bb0ebff3f71a', 'b310bf8b-14f3-4322-89e0-ffd8ecc3eed4', 'completed', 8108.53, 'EUR', '2026-03-18 04:17:55');
INSERT INTO OrderItems (id, order_id, product_id, variant_id, quantity, unit_price) VALUES ('d1e957f7-ce3f-4d30-a931-fa47f6af7055', 'da47cf1c-f65d-45fc-9b32-bb0ebff3f71a', 'd4bd628f-2985-46d2-b473-3d919539a8b7', 'e3ad9962-3827-49c6-9a41-5c19e49c3560', 3, 100.00);
INSERT INTO OrderItems (id, order_id, product_id, variant_id, quantity, unit_price) VALUES ('339dd94b-522d-4f6c-a176-d8c8a72c5ceb', 'da47cf1c-f65d-45fc-9b32-bb0ebff3f71a', '3a30c4ab-1664-49dd-91e3-d97527dec6ff', '87a0c9bb-0cd7-47fa-9f91-349013bf4a24', 3, 100.00);
INSERT INTO Payments (id, order_id, transaction_id, provider, status, amount) VALUES ('22a35c03-f37a-4b38-8722-3b470c930cea', 'da47cf1c-f65d-45fc-9b32-bb0ebff3f71a', 'TX-5BC6CE1D-241', 'Stripe', 'success', 8108.53);
INSERT INTO Orders (id, user_id, status, total_amount, currency, created_at) VALUES ('17ff5ded-9af5-4f22-8777-33c21f03230c', 'b6d037a6-9bb7-48b0-b911-6a0bfc61cf34', 'failed', 1934.59, 'AUD', '2026-03-08 04:17:55');
INSERT INTO OrderItems (id, order_id, product_id, variant_id, quantity, unit_price) VALUES ('7976d5ec-eb24-4ec1-b0dc-8094308fed4b', '17ff5ded-9af5-4f22-8777-33c21f03230c', '2db10195-d36e-4da6-9963-4a2432ba8310', '913cd6e2-f1c4-4ff3-b978-edbd44f78936', 3, 100.00);
INSERT INTO Payments (id, order_id, transaction_id, provider, status, amount) VALUES ('8b43d093-7a0d-4fa7-8b60-d7ba791149f9', '17ff5ded-9af5-4f22-8777-33c21f03230c', 'TX-7C986C69-8E8', 'Stripe', 'refunded', 1934.59);
INSERT INTO Orders (id, user_id, status, total_amount, currency, created_at) VALUES ('04832445-47f9-4767-a257-921c04657b54', '9d9acfd4-f69b-46ca-a135-d642c8199a80', 'failed', 2434.89, 'JPY', '2026-03-25 04:17:55');
INSERT INTO OrderItems (id, order_id, product_id, variant_id, quantity, unit_price) VALUES ('36edff95-4252-4a6f-a9a4-5fc303f91309', '04832445-47f9-4767-a257-921c04657b54', '1ec2956e-6d10-477a-9db2-9b2c744d6409', 'd5f1d49f-112e-4067-9335-0521c45ad254', 3, 100.00);
INSERT INTO OrderItems (id, order_id, product_id, variant_id, quantity, unit_price) VALUES ('426a9e3e-c6f5-4493-ae33-d487fdbf800b', '04832445-47f9-4767-a257-921c04657b54', 'd4bd628f-2985-46d2-b473-3d919539a8b7', '5464e6f8-deda-40da-b845-e2b5baddd3c9', 2, 100.00);
INSERT INTO Payments (id, order_id, transaction_id, provider, status, amount) VALUES ('374f2765-5f0b-4953-99ed-0e63358a0e8f', '04832445-47f9-4767-a257-921c04657b54', 'TX-244D6D0D-BF8', 'Stripe', 'failed', 2434.89);
INSERT INTO Orders (id, user_id, status, total_amount, currency, created_at) VALUES ('69d762f1-8eed-45bb-b4f0-c1814654df9f', '5815aa44-b608-42a8-a01e-fd978d65ed29', 'cancelled', 4103.66, 'EUR', '2026-03-12 04:17:55');
INSERT INTO OrderItems (id, order_id, product_id, variant_id, quantity, unit_price) VALUES ('b9b033a7-d84a-42ee-8111-9fcdea6422e7', '69d762f1-8eed-45bb-b4f0-c1814654df9f', 'fcad6c3b-045d-46a2-9512-71d4d64b9cc5', '4b1f1c1b-0134-48a2-b84a-14ddcaabadc1', 4, 100.00);
INSERT INTO OrderItems (id, order_id, product_id, variant_id, quantity, unit_price) VALUES ('030eed2d-7bef-4e6d-8187-9eb9b4abbee8', '69d762f1-8eed-45bb-b4f0-c1814654df9f', '4245e904-2a29-4501-acaa-22f7bec398a3', '0c76772a-36f9-45fb-83fd-b20f41adc857', 1, 100.00);
INSERT INTO OrderItems (id, order_id, product_id, variant_id, quantity, unit_price) VALUES ('04976878-2182-4091-9170-442ad105644f', '69d762f1-8eed-45bb-b4f0-c1814654df9f', 'd388a219-691c-439b-a08d-b7f2b8cdd956', 'b147af93-36be-4dcb-af52-9399baa88064', 4, 100.00);
INSERT INTO Payments (id, order_id, transaction_id, provider, status, amount) VALUES ('f3050553-cdf6-48c1-9302-f4997a571db0', '69d762f1-8eed-45bb-b4f0-c1814654df9f', 'TX-A95AEF73-D0A', 'Stripe', 'processing', 4103.66);
INSERT INTO Orders (id, user_id, status, total_amount, currency, created_at) VALUES ('dba3221c-b2b6-424a-8dfe-057931832dfc', '6af5ed49-e4ca-42cb-b676-c4af5cf4b79f', 'pending', 2095.38, 'JPY', '2026-03-11 04:17:55');
INSERT INTO OrderItems (id, order_id, product_id, variant_id, quantity, unit_price) VALUES ('138d4363-f630-4595-8566-2d138b3eca4c', 'dba3221c-b2b6-424a-8dfe-057931832dfc', 'dc4d4adf-a375-4960-8372-225d26917a9a', '691ec899-ea98-479c-abd0-b9c76ec16271', 1, 100.00);
INSERT INTO Payments (id, order_id, transaction_id, provider, status, amount) VALUES ('ec53bb52-568f-4937-b45c-94fa0e656aec', 'dba3221c-b2b6-424a-8dfe-057931832dfc', 'TX-6FB11C9E-524', 'Stripe', 'refunded', 2095.38);
INSERT INTO Orders (id, user_id, status, total_amount, currency, created_at) VALUES ('5fa1764c-7d4d-4c04-bacf-f50fb108405e', '3ee39bdd-25ad-4f70-a181-fd2b761f1480', 'pending', 604.17, 'INR', '2026-03-23 04:17:55');
INSERT INTO OrderItems (id, order_id, product_id, variant_id, quantity, unit_price) VALUES ('ef042750-f359-4bbc-b304-ebf799cf8b86', '5fa1764c-7d4d-4c04-bacf-f50fb108405e', 'd0bc30b9-f3a1-472b-b67b-148d4c715913', '2a2d44a2-0b1e-4670-bf1d-2c6d92607963', 5, 100.00);
INSERT INTO Payments (id, order_id, transaction_id, provider, status, amount) VALUES ('b8eecab3-e3d7-465d-8da0-cd602b17da12', '5fa1764c-7d4d-4c04-bacf-f50fb108405e', 'TX-E3C2798E-32E', 'Stripe', 'refunded', 604.17);
INSERT INTO Orders (id, user_id, status, total_amount, currency, created_at) VALUES ('4bde906d-014b-4f89-a699-4d7ea86ea8db', '2409e2b3-3ef1-476a-b57f-07baef5d118a', 'cancelled', 9410.30, 'JPY', '2026-03-14 04:17:55');
INSERT INTO OrderItems (id, order_id, product_id, variant_id, quantity, unit_price) VALUES ('e77b8881-826c-4e9d-b80f-6ee253bcaa47', '4bde906d-014b-4f89-a699-4d7ea86ea8db', 'e17a8a3c-6b94-4190-a1bb-ac6f190c2572', '47119ba9-1ec3-4054-af4e-bba6b0845fea', 5, 100.00);
INSERT INTO OrderItems (id, order_id, product_id, variant_id, quantity, unit_price) VALUES ('09f6668f-9f9f-4558-8830-83e5934c8d87', '4bde906d-014b-4f89-a699-4d7ea86ea8db', '7587a3bb-676d-4b31-9989-b7f9a455a37e', '4c2cfa9e-f2c5-4f0e-a06c-a74583781b0a', 5, 100.00);
INSERT INTO OrderItems (id, order_id, product_id, variant_id, quantity, unit_price) VALUES ('962c0e47-d622-4877-9443-0806939c6b24', '4bde906d-014b-4f89-a699-4d7ea86ea8db', '47f429de-7681-47bb-8f91-92d1ea6d8d4d', 'c1e56c6b-ac19-4663-9804-fb72dbe8e41e', 5, 100.00);
INSERT INTO OrderItems (id, order_id, product_id, variant_id, quantity, unit_price) VALUES ('4469a229-7e26-4ede-a234-3b04f9804663', '4bde906d-014b-4f89-a699-4d7ea86ea8db', 'f401d7c1-69a8-4073-a269-341ce6d9423b', '8c6fcf12-6849-403e-887d-28745d8d60e7', 1, 100.00);
INSERT INTO Payments (id, order_id, transaction_id, provider, status, amount) VALUES ('fb151976-f64f-4f4f-9181-f155fce712f9', '4bde906d-014b-4f89-a699-4d7ea86ea8db', 'TX-957D454B-A89', 'Stripe', 'failed', 9410.30);
INSERT INTO Orders (id, user_id, status, total_amount, currency, created_at) VALUES ('c33d231d-152a-4985-864b-afa62b916c9d', 'a0d54df1-950d-4f8d-affa-cec4d2fc6f4b', 'completed', 4440.56, 'JPY', '2026-03-16 04:17:55');
INSERT INTO OrderItems (id, order_id, product_id, variant_id, quantity, unit_price) VALUES ('af32c8c1-1ce3-4191-8de9-ecdbe4a174c9', 'c33d231d-152a-4985-864b-afa62b916c9d', '296b27c5-5bbf-44ba-8bf9-74038268fe71', '92da38f6-2f89-4804-8a61-4c1e66947210', 4, 100.00);
INSERT INTO OrderItems (id, order_id, product_id, variant_id, quantity, unit_price) VALUES ('d70b3df4-5304-4e99-ba6c-7839915b690e', 'c33d231d-152a-4985-864b-afa62b916c9d', '5e7966e7-3de7-4c50-8f52-20dc2d90ab0d', 'ede73651-d534-4e31-8613-3ba656a7e308', 4, 100.00);
INSERT INTO OrderItems (id, order_id, product_id, variant_id, quantity, unit_price) VALUES ('5b47f980-6ed7-406a-9191-a11eb91d82b7', 'c33d231d-152a-4985-864b-afa62b916c9d', 'cdf0e73c-7bd0-4e29-a85a-e98622eea37f', '70e6c985-56dd-433d-a9e3-efa674ac39db', 3, 100.00);
INSERT INTO OrderItems (id, order_id, product_id, variant_id, quantity, unit_price) VALUES ('988c67b0-3939-4427-8299-a049c71744c4', 'c33d231d-152a-4985-864b-afa62b916c9d', '4245e904-2a29-4501-acaa-22f7bec398a3', '091fe19e-c709-4ca1-8821-cc3c6d9c9a04', 3, 100.00);
INSERT INTO Payments (id, order_id, transaction_id, provider, status, amount) VALUES ('6b3f629f-e5b2-4f29-ab10-adb1f4aba1e0', 'c33d231d-152a-4985-864b-afa62b916c9d', 'TX-EBEC37FE-5C2', 'Stripe', 'success', 4440.56);
INSERT INTO Orders (id, user_id, status, total_amount, currency, created_at) VALUES ('e64afcd3-018d-477b-be2e-b5c7284a5d81', '7d176d89-0c1b-41ab-b7f7-64bff0364fc7', 'pending', 9473.08, 'EUR', '2026-03-12 04:17:55');
INSERT INTO OrderItems (id, order_id, product_id, variant_id, quantity, unit_price) VALUES ('8ec588f3-e5d5-4260-80c6-34adbe8db5fd', 'e64afcd3-018d-477b-be2e-b5c7284a5d81', '7dfe43a7-add0-4903-a6e5-de9c21d0ee3f', '816a0e7e-aea1-4edb-a1c7-aea8bf95d259', 4, 100.00);
INSERT INTO OrderItems (id, order_id, product_id, variant_id, quantity, unit_price) VALUES ('ff66b248-73ad-41a7-a663-8403496fe681', 'e64afcd3-018d-477b-be2e-b5c7284a5d81', 'b8a456f6-73fb-4d2a-8025-dd230694e921', '8776b3df-adfd-426a-9ae9-7111eebeee6d', 1, 100.00);
INSERT INTO Payments (id, order_id, transaction_id, provider, status, amount) VALUES ('c78f83e5-088a-44f5-b28c-9ee4521be298', 'e64afcd3-018d-477b-be2e-b5c7284a5d81', 'TX-410EAB0E-9E6', 'Stripe', 'success', 9473.08);
INSERT INTO Orders (id, user_id, status, total_amount, currency, created_at) VALUES ('a2c8da96-76da-4047-a2a6-0bbc646681d9', '5efb4331-5ee6-471c-a05c-4dccdb54337f', 'cancelled', 69.27, 'EUR', '2026-03-25 04:17:55');
INSERT INTO OrderItems (id, order_id, product_id, variant_id, quantity, unit_price) VALUES ('214eff0b-d308-475b-8158-719b6d30eadb', 'a2c8da96-76da-4047-a2a6-0bbc646681d9', '5e7966e7-3de7-4c50-8f52-20dc2d90ab0d', '4f039202-f51b-4d0f-9536-7fa6f7e5f5c3', 5, 100.00);
INSERT INTO OrderItems (id, order_id, product_id, variant_id, quantity, unit_price) VALUES ('a83a54ba-224f-4332-93b7-074af2c163c5', 'a2c8da96-76da-4047-a2a6-0bbc646681d9', 'e15de4bd-c227-46ee-bd9a-ab8e0b39749c', 'a326c9c6-feab-48a2-b148-30c253b45725', 1, 100.00);
INSERT INTO OrderItems (id, order_id, product_id, variant_id, quantity, unit_price) VALUES ('fa66ef71-5d79-4c4e-8367-d8096a360363', 'a2c8da96-76da-4047-a2a6-0bbc646681d9', 'b8a456f6-73fb-4d2a-8025-dd230694e921', 'f357e0bb-914c-486a-a939-b21cec25bce2', 1, 100.00);
INSERT INTO Payments (id, order_id, transaction_id, provider, status, amount) VALUES ('6ed95792-749a-4a12-9c36-d2be8a71eef0', 'a2c8da96-76da-4047-a2a6-0bbc646681d9', 'TX-6B2A69F5-B68', 'Stripe', 'processing', 69.27);
INSERT INTO Orders (id, user_id, status, total_amount, currency, created_at) VALUES ('1a82289e-8b1c-4de9-8159-7a698cade0fc', 'f3c93346-3d95-4cdf-b785-2d841c35da0f', 'refunded', 3816.38, 'INR', '2026-03-20 04:17:55');
INSERT INTO OrderItems (id, order_id, product_id, variant_id, quantity, unit_price) VALUES ('92fc95ae-1ddd-4e6c-979a-61f38e5a180b', '1a82289e-8b1c-4de9-8159-7a698cade0fc', '18fbc669-1a09-404f-93ea-66354b1f8e82', 'd70fafad-23c2-4102-9b35-d2cdf78425b5', 3, 100.00);
INSERT INTO OrderItems (id, order_id, product_id, variant_id, quantity, unit_price) VALUES ('5513ebd6-1534-41a5-ad7f-d807aa9fa322', '1a82289e-8b1c-4de9-8159-7a698cade0fc', '99e1ebca-c988-444d-a54b-620fd2a32069', '3a72be07-9669-4859-b936-eaa63554694f', 4, 100.00);
INSERT INTO OrderItems (id, order_id, product_id, variant_id, quantity, unit_price) VALUES ('2a5470c3-ee16-4ec5-aac2-d53d135d79ae', '1a82289e-8b1c-4de9-8159-7a698cade0fc', '99f08a67-bb96-46d7-95f0-b6e3864a0f58', '5fe24480-ddac-4d2d-a50b-f32ec7ecac3d', 3, 100.00);
INSERT INTO OrderItems (id, order_id, product_id, variant_id, quantity, unit_price) VALUES ('2b68aa39-dabb-4894-ab94-002c5fe3f7df', '1a82289e-8b1c-4de9-8159-7a698cade0fc', '08bbf987-f4d5-4c5b-9d27-239dae31911b', 'a326c9c6-feab-48a2-b148-30c253b45725', 4, 100.00);
INSERT INTO Payments (id, order_id, transaction_id, provider, status, amount) VALUES ('b903312c-939c-44cd-9eee-1b638eabf82c', '1a82289e-8b1c-4de9-8159-7a698cade0fc', 'TX-48FCE322-428', 'Stripe', 'refunded', 3816.38);
INSERT INTO Orders (id, user_id, status, total_amount, currency, created_at) VALUES ('da5879ff-6a3f-412b-953d-af8d112101e8', 'f70d7277-fce4-4f4a-924f-2196bafab52d', 'cancelled', 903.31, 'JPY', '2026-03-05 04:17:55');
INSERT INTO OrderItems (id, order_id, product_id, variant_id, quantity, unit_price) VALUES ('7d04fc7a-f9af-4124-851b-74932a8a129c', 'da5879ff-6a3f-412b-953d-af8d112101e8', '746355f1-d150-485a-bba8-7bf7f927af03', '4c62c562-d9f7-465f-9e0b-7310ad910f90', 1, 100.00);
INSERT INTO OrderItems (id, order_id, product_id, variant_id, quantity, unit_price) VALUES ('732309aa-6314-46cc-93b9-b67023be338c', 'da5879ff-6a3f-412b-953d-af8d112101e8', 'ff95dc2d-3e4f-4c9e-81aa-57f44324b4fc', '22a160e8-c343-432d-b9a4-3b58558bdf6a', 1, 100.00);
INSERT INTO OrderItems (id, order_id, product_id, variant_id, quantity, unit_price) VALUES ('cba0f250-b96b-4632-a23c-4581f9945156', 'da5879ff-6a3f-412b-953d-af8d112101e8', '069770ca-76b1-45e1-a0ed-9793e9635cfb', 'e9f6504a-6d19-468e-873e-be957af63331', 1, 100.00);
INSERT INTO OrderItems (id, order_id, product_id, variant_id, quantity, unit_price) VALUES ('7b6526b4-48bd-4575-b310-f46163691402', 'da5879ff-6a3f-412b-953d-af8d112101e8', 'e15de4bd-c227-46ee-bd9a-ab8e0b39749c', 'a0c61e03-caa8-4b24-b653-b91d3d848929', 2, 100.00);
INSERT INTO Payments (id, order_id, transaction_id, provider, status, amount) VALUES ('fa7b9e14-cfc1-47a1-aca7-719297dd4ad2', 'da5879ff-6a3f-412b-953d-af8d112101e8', 'TX-FD8BA5F0-9FF', 'Stripe', 'processing', 903.31);
INSERT INTO Orders (id, user_id, status, total_amount, currency, created_at) VALUES ('8fac77c9-fade-45ca-b320-c7638c59cb9c', 'b96fe81a-6d90-49f9-b408-dd3853b44667', 'completed', 8251.25, 'INR', '2026-03-28 04:17:55');
INSERT INTO OrderItems (id, order_id, product_id, variant_id, quantity, unit_price) VALUES ('46495220-e98a-4404-a47b-60de9e11f33e', '8fac77c9-fade-45ca-b320-c7638c59cb9c', '01ad9202-0e28-4776-9a34-b7c8e3a75236', '6c1dc3af-27d9-4320-987a-56122d188212', 3, 100.00);
INSERT INTO OrderItems (id, order_id, product_id, variant_id, quantity, unit_price) VALUES ('5fc9c13d-a7f0-4844-ba32-b5660267bdef', '8fac77c9-fade-45ca-b320-c7638c59cb9c', 'e78bc9ed-ee17-4ca9-bbd7-2761e9651067', 'c119a01d-b811-4706-aa25-2540c8a9a5e3', 5, 100.00);
INSERT INTO Payments (id, order_id, transaction_id, provider, status, amount) VALUES ('2f06e9e6-d783-4ebb-87de-dd1c12536b9a', '8fac77c9-fade-45ca-b320-c7638c59cb9c', 'TX-FEEFEB76-D7F', 'Stripe', 'failed', 8251.25);
INSERT INTO Orders (id, user_id, status, total_amount, currency, created_at) VALUES ('4650fd1b-1bcc-4bba-b898-4f23d54c0f5d', '6834da12-3c6f-4592-895d-d14a749cb744', 'completed', 9429.51, 'EUR', '2026-03-31 04:17:55');
INSERT INTO OrderItems (id, order_id, product_id, variant_id, quantity, unit_price) VALUES ('01cf67ad-18bc-4b3e-a665-39de7ffe298d', '4650fd1b-1bcc-4bba-b898-4f23d54c0f5d', 'dc4d4adf-a375-4960-8372-225d26917a9a', '599ad016-5889-41ba-9658-f84efde8e34d', 4, 100.00);
INSERT INTO OrderItems (id, order_id, product_id, variant_id, quantity, unit_price) VALUES ('3567c6c6-5342-4c3a-903e-cec4c6018e28', '4650fd1b-1bcc-4bba-b898-4f23d54c0f5d', '17ed8c1a-d854-4614-abf2-9382e2f4829a', 'a23cca61-68ff-447d-a0c3-db1afecccde2', 1, 100.00);
INSERT INTO Payments (id, order_id, transaction_id, provider, status, amount) VALUES ('18568af8-87c8-4f4f-b594-170fc270c327', '4650fd1b-1bcc-4bba-b898-4f23d54c0f5d', 'TX-27DE83C4-19D', 'Stripe', 'success', 9429.51);
INSERT INTO Orders (id, user_id, status, total_amount, currency, created_at) VALUES ('7ec81b87-f65d-4303-b3bb-94a148493ae3', 'f70d7277-fce4-4f4a-924f-2196bafab52d', 'pending', 3648.05, 'JPY', '2026-03-27 04:17:55');
INSERT INTO OrderItems (id, order_id, product_id, variant_id, quantity, unit_price) VALUES ('cb6fe5c3-0244-438d-b02a-d20e561d337a', '7ec81b87-f65d-4303-b3bb-94a148493ae3', '1420c7e0-b753-40be-8178-a4aa7033ed9b', 'ce3901cd-89d0-4bc4-a3c1-8511caef223b', 3, 100.00);
INSERT INTO OrderItems (id, order_id, product_id, variant_id, quantity, unit_price) VALUES ('f0050ac9-c518-44ce-9daa-6992a3c83c8a', '7ec81b87-f65d-4303-b3bb-94a148493ae3', 'f04fd5ce-8775-4822-a1f9-4455423ce927', '73e4f540-33fb-487d-a65e-ca000546e9ba', 1, 100.00);
INSERT INTO OrderItems (id, order_id, product_id, variant_id, quantity, unit_price) VALUES ('0a31cc72-5132-45cc-b059-cbc5ef055cbc', '7ec81b87-f65d-4303-b3bb-94a148493ae3', '99e6cd49-884d-4ef4-ad7a-4987eda6110e', '2d3576d1-85e7-48fe-955f-8277726ff142', 2, 100.00);
INSERT INTO OrderItems (id, order_id, product_id, variant_id, quantity, unit_price) VALUES ('2e415221-376c-4454-abc1-fe96a40d6707', '7ec81b87-f65d-4303-b3bb-94a148493ae3', 'baea902a-95d5-4a3e-9a05-33f898bbd69f', 'a23cca61-68ff-447d-a0c3-db1afecccde2', 4, 100.00);
INSERT INTO Payments (id, order_id, transaction_id, provider, status, amount) VALUES ('148dd538-ed09-4081-9cb3-07e1d968321e', '7ec81b87-f65d-4303-b3bb-94a148493ae3', 'TX-8F0DEDBF-A19', 'Stripe', 'failed', 3648.05);
INSERT INTO Orders (id, user_id, status, total_amount, currency, created_at) VALUES ('11e3feb0-2c22-4278-80b8-c0843858c47e', 'ed837698-8103-4da5-bb6b-1638fd2fc0ab', 'completed', 4096.46, 'EUR', '2026-03-10 04:17:55');
INSERT INTO OrderItems (id, order_id, product_id, variant_id, quantity, unit_price) VALUES ('de1f3aec-0ee8-49e9-a0eb-0021cb82ff3a', '11e3feb0-2c22-4278-80b8-c0843858c47e', '73142b98-c3bf-44b6-a3d2-2ac58474d3e0', '377a8cd5-bf14-4ccb-a36e-58f401a820ae', 3, 100.00);
INSERT INTO OrderItems (id, order_id, product_id, variant_id, quantity, unit_price) VALUES ('8c9671f1-09c6-44ca-b460-69dd144aa1e2', '11e3feb0-2c22-4278-80b8-c0843858c47e', '296b27c5-5bbf-44ba-8bf9-74038268fe71', '99c6f856-91af-4145-90e5-41da96a75bcf', 4, 100.00);
INSERT INTO OrderItems (id, order_id, product_id, variant_id, quantity, unit_price) VALUES ('4f7ae4bb-8d04-419c-9ba9-82d61a37c19a', '11e3feb0-2c22-4278-80b8-c0843858c47e', 'c704c895-44d1-4dc0-9ab8-c6a53657008b', 'fb3b6b98-435d-40f3-8169-9479c363ac2c', 2, 100.00);
INSERT INTO Payments (id, order_id, transaction_id, provider, status, amount) VALUES ('a98fafb1-96e8-4970-89d1-943f78910765', '11e3feb0-2c22-4278-80b8-c0843858c47e', 'TX-39601872-810', 'Stripe', 'processing', 4096.46);
INSERT INTO Reviews (id, product_id, user_id, rating, comment, created_at) VALUES ('67c3105d-214b-41ba-9888-9b33bd176ffb', '8741d3af-56c6-48a9-926c-a64113be8a31', 'a2b082fd-1cc1-4726-bd68-c70bc1d01319', 5, 'Testing product review module with rating 5', '2026-04-02 04:17:55');
INSERT INTO Reviews (id, product_id, user_id, rating, comment, created_at) VALUES ('f49c39cf-e8f9-4f42-bc6b-54ff04bada5f', '08bbf987-f4d5-4c5b-9d27-239dae31911b', '9f8c892c-dd6e-4434-8000-f5f680c99030', 2, 'Testing product review module with rating 2', '2026-03-25 04:17:55');
INSERT INTO Reviews (id, product_id, user_id, rating, comment, created_at) VALUES ('43ac8e1b-d35e-4101-bbeb-7bf8e32cec9b', '674eb1d9-17c9-492f-bf1c-01cc09821d6c', '3ee39bdd-25ad-4f70-a181-fd2b761f1480', 3, 'Testing product review module with rating 3', '2026-03-26 04:17:55');
INSERT INTO Reviews (id, product_id, user_id, rating, comment, created_at) VALUES ('eaa99175-243d-44d4-9783-433ac9439fb2', '3527ad4e-2904-452e-9215-22867e37e14e', 'd6fee95d-7b3f-4b20-8df4-8343d1e26a2b', 1, 'Testing product review module with rating 1', '2026-03-30 04:17:55');
INSERT INTO Reviews (id, product_id, user_id, rating, comment, created_at) VALUES ('46c395a6-661e-4c07-a171-dc8055f22d61', 'e15de4bd-c227-46ee-bd9a-ab8e0b39749c', '4d940c5f-c160-4330-b367-08127fd52ff1', 3, 'Testing product review module with rating 3', '2026-03-31 04:17:55');
INSERT INTO Reviews (id, product_id, user_id, rating, comment, created_at) VALUES ('0d3d0ad6-a1d5-42b6-b5ff-993e55200e06', '08bbf987-f4d5-4c5b-9d27-239dae31911b', '6834da12-3c6f-4592-895d-d14a749cb744', 2, 'Testing product review module with rating 2', '2026-03-29 04:17:55');
INSERT INTO Reviews (id, product_id, user_id, rating, comment, created_at) VALUES ('5337bd06-ca5e-450e-a4a9-6d60854fac97', 'a635bb8a-bf9c-4b54-83e9-f9dae6b33cdf', 'ad931990-b82c-42a7-9ede-5f370579dc1a', 5, 'Testing product review module with rating 5', '2026-04-01 04:17:55');
INSERT INTO Reviews (id, product_id, user_id, rating, comment, created_at) VALUES ('8d663a1b-2421-42b2-8362-5faf61d542d2', 'e15de4bd-c227-46ee-bd9a-ab8e0b39749c', 'e2466a30-cc59-4f01-a9bb-27beb9d56c53', 5, 'Testing product review module with rating 5', '2026-03-29 04:17:55');
INSERT INTO Reviews (id, product_id, user_id, rating, comment, created_at) VALUES ('c87d285e-a49b-4112-9813-dcf1d99d26a9', '08bbf987-f4d5-4c5b-9d27-239dae31911b', '6834da12-3c6f-4592-895d-d14a749cb744', 2, 'Testing product review module with rating 2', '2026-04-03 04:17:55');
INSERT INTO Reviews (id, product_id, user_id, rating, comment, created_at) VALUES ('9ad70ecc-3104-4c3d-a853-d69f1b054a4c', 'baea902a-95d5-4a3e-9a05-33f898bbd69f', '3b21ff34-4bb9-42ce-986f-3bada1adb611', 4, 'Testing product review module with rating 4', '2026-03-26 04:17:55');
INSERT INTO Reviews (id, product_id, user_id, rating, comment, created_at) VALUES ('8f572f0c-e2b2-420c-bcd8-483d72f6d637', '746355f1-d150-485a-bba8-7bf7f927af03', 'e04bf04a-48a7-42d6-94cc-14f0ab7fe077', 1, 'Testing product review module with rating 1', '2026-03-25 04:17:55');
INSERT INTO Reviews (id, product_id, user_id, rating, comment, created_at) VALUES ('10e276a0-46df-4fbb-ba05-a1cec37696f2', '80f6d6c7-c41b-4784-bd5f-1fd35bd3e45b', 'b96fe81a-6d90-49f9-b408-dd3853b44667', 3, 'Testing product review module with rating 3', '2026-04-02 04:17:55');
INSERT INTO Reviews (id, product_id, user_id, rating, comment, created_at) VALUES ('3ee71f0a-a7ed-4846-bb86-fa4f4cd514d2', 'b29f5b2d-f034-47b8-bdc7-066e127688a7', '7ba2abf7-858b-4caf-b27d-7c01add95ce1', 1, 'Testing product review module with rating 1', '2026-03-30 04:17:55');
INSERT INTO Reviews (id, product_id, user_id, rating, comment, created_at) VALUES ('cf7b177c-f3b1-4574-a4ea-ab4b9ec890ec', '66cb9293-764c-434e-b863-36af29a589c8', 'a53a1616-40ae-42a3-8ee2-17390874cdd6', 5, 'Testing product review module with rating 5', '2026-04-04 04:17:55');
INSERT INTO Reviews (id, product_id, user_id, rating, comment, created_at) VALUES ('ba74732d-7642-401b-90fe-9f907fed18cb', 'c235813e-a018-441a-b57b-290a3c54be56', '6834da12-3c6f-4592-895d-d14a749cb744', 3, 'Testing product review module with rating 3', '2026-04-03 04:17:55');
INSERT INTO Reviews (id, product_id, user_id, rating, comment, created_at) VALUES ('6577fff0-a25b-44fb-a407-fc2491e922a8', 'a8bf1ec3-bafa-4c35-8d64-36120c795724', '05b52c30-998c-448f-a4f6-3d09724a4f45', 3, 'Testing product review module with rating 3', '2026-03-25 04:17:55');
INSERT INTO Reviews (id, product_id, user_id, rating, comment, created_at) VALUES ('b0557898-933e-4626-809e-97ea9c265c48', 'ba766299-87a3-4192-8310-8c22afb0eb33', '4a5b55e8-e735-466f-83b9-ca47573858c7', 4, 'Testing product review module with rating 4', '2026-03-26 04:17:55');
INSERT INTO Reviews (id, product_id, user_id, rating, comment, created_at) VALUES ('54a9b528-79b4-4377-8cb4-2a61c136f05a', '17ed8c1a-d854-4614-abf2-9382e2f4829a', '96689df8-9b10-4974-97c5-104c74beaecc', 2, 'Testing product review module with rating 2', '2026-03-27 04:17:55');
INSERT INTO Reviews (id, product_id, user_id, rating, comment, created_at) VALUES ('53f52e5d-e4c3-43bd-94aa-4e7c94737287', '42ddd728-d251-4289-aad3-a8d1eebe88e2', 'b0b41045-1362-45a3-8c12-74456f7cbcbb', 2, 'Testing product review module with rating 2', '2026-03-26 04:17:55');
INSERT INTO Reviews (id, product_id, user_id, rating, comment, created_at) VALUES ('21c3eb26-3ebf-4295-8898-b9a1cac65a51', '389c5938-f935-4163-a8c6-104b4642dcac', '7d18ed27-6ccb-4fec-b1a4-f7ce3975f66e', 5, 'Testing product review module with rating 5', '2026-03-28 04:17:55');
INSERT INTO Reviews (id, product_id, user_id, rating, comment, created_at) VALUES ('9bdab856-9825-4e50-a215-05c66c2412b2', 'baea902a-95d5-4a3e-9a05-33f898bbd69f', '7d176d89-0c1b-41ab-b7f7-64bff0364fc7', 3, 'Testing product review module with rating 3', '2026-03-28 04:17:55');
INSERT INTO Reviews (id, product_id, user_id, rating, comment, created_at) VALUES ('928f90d8-1bc8-481a-be25-6a8aad4c1ee0', 'd0178575-add7-4458-9cc9-7852d0cd76cc', '42ff1c03-90df-409b-9741-0e0c6e706bbf', 4, 'Testing product review module with rating 4', '2026-03-31 04:17:55');
INSERT INTO Reviews (id, product_id, user_id, rating, comment, created_at) VALUES ('b6e558a2-da83-40df-be9d-315a60a7437e', '5548956d-e4a6-4855-b44f-f7612b72b708', 'a53a1616-40ae-42a3-8ee2-17390874cdd6', 2, 'Testing product review module with rating 2', '2026-03-26 04:17:55');
INSERT INTO Reviews (id, product_id, user_id, rating, comment, created_at) VALUES ('acaf1d3b-5af2-42ec-8fcb-4451e4923ec1', '43cbc6a7-7065-4895-9c99-52f057e6d3ce', '8c52a3f3-923a-4694-8e75-b7030025c00a', 1, 'Testing product review module with rating 1', '2026-03-26 04:17:55');
INSERT INTO Reviews (id, product_id, user_id, rating, comment, created_at) VALUES ('321fe4fc-b076-4a5b-abfe-80fbc6ecee8d', '443cb7df-eff2-42b5-ac5b-2972bccd124d', '00d67916-5e5e-4d3a-9f26-1a3c242ee490', 3, 'Testing product review module with rating 3', '2026-03-25 04:17:55');
INSERT INTO Reviews (id, product_id, user_id, rating, comment, created_at) VALUES ('8b0d36ba-2085-4664-b7f6-e09487a492d8', '42ddd728-d251-4289-aad3-a8d1eebe88e2', '94fd965b-3376-4f48-b07a-39bd29a9ed52', 5, 'Testing product review module with rating 5', '2026-04-03 04:17:55');
INSERT INTO Reviews (id, product_id, user_id, rating, comment, created_at) VALUES ('3a5c133b-470a-4c7d-abe4-f19f79fcd029', 'f283e059-ee31-4b83-97d6-10f173af01c5', 'c9ed9c4f-b573-42f7-b2c5-f9169f65156a', 3, 'Testing product review module with rating 3', '2026-03-30 04:17:55');
INSERT INTO Reviews (id, product_id, user_id, rating, comment, created_at) VALUES ('c82b0cc3-1429-49b4-9b76-3eee260b6e61', 'f1bbe195-8e80-48a3-9303-229bf6ba3ccf', 'a7f59351-ad02-4684-bfd7-8377c90b5497', 5, 'Testing product review module with rating 5', '2026-03-30 04:17:55');
INSERT INTO Reviews (id, product_id, user_id, rating, comment, created_at) VALUES ('ed47c54e-5871-4311-8772-1ef260cce74d', '86629150-2e6a-4220-9fab-d82816488866', 'c43c946e-37bd-4925-a469-ec9961ff8f5c', 5, 'Testing product review module with rating 5', '2026-03-29 04:17:55');
INSERT INTO Reviews (id, product_id, user_id, rating, comment, created_at) VALUES ('ffaa14af-875c-4a51-8837-38a975c84524', '02238a0c-dc05-46c9-8825-c2c7709f2b0f', '8ceb3bbf-2843-46f2-b366-5c33c95ee222', 5, 'Testing product review module with rating 5', '2026-04-04 04:17:55');
INSERT INTO Reviews (id, product_id, user_id, rating, comment, created_at) VALUES ('a8a551ff-5d92-492d-bf12-0fd934f06b41', 'efe2c47b-df88-4faa-944c-ead53cfca0f3', '46a5f60b-0cb8-4a63-b607-7640f0be3ff0', 2, 'Testing product review module with rating 2', '2026-03-30 04:17:55');
INSERT INTO Reviews (id, product_id, user_id, rating, comment, created_at) VALUES ('1babb738-b555-4376-87ce-510175dd6a3d', 'cdf0e73c-7bd0-4e29-a85a-e98622eea37f', '833eabb6-a213-4828-aa85-68495329d730', 3, 'Testing product review module with rating 3', '2026-04-01 04:17:55');
INSERT INTO Reviews (id, product_id, user_id, rating, comment, created_at) VALUES ('8e3a0f9e-3787-48fc-946a-09703677c917', 'a635bb8a-bf9c-4b54-83e9-f9dae6b33cdf', '5815aa44-b608-42a8-a01e-fd978d65ed29', 4, 'Testing product review module with rating 4', '2026-03-30 04:17:55');
INSERT INTO Reviews (id, product_id, user_id, rating, comment, created_at) VALUES ('69a227c8-7d5e-45f9-ad60-9a9255c90602', 'cd0b8b0e-f526-4798-bc74-4238819b1d75', '780f0854-0613-4798-b309-664b79200f3b', 2, 'Testing product review module with rating 2', '2026-03-25 04:17:55');
INSERT INTO Reviews (id, product_id, user_id, rating, comment, created_at) VALUES ('3324bbc5-c872-4443-9634-33f98a029036', '2db10195-d36e-4da6-9963-4a2432ba8310', '4a5b55e8-e735-466f-83b9-ca47573858c7', 3, 'Testing product review module with rating 3', '2026-03-25 04:17:55');
INSERT INTO Reviews (id, product_id, user_id, rating, comment, created_at) VALUES ('e986cd04-5f7b-4d1b-81e1-d9d3e6a1865e', 'ffb95efe-2c6a-40a8-a5ae-b9884cea2a44', '8190ef8a-0603-4e92-8bab-227d00773615', 2, 'Testing product review module with rating 2', '2026-04-01 04:17:55');
INSERT INTO Reviews (id, product_id, user_id, rating, comment, created_at) VALUES ('d2163f1a-3364-4f34-87bb-4081147d4d91', '01ad9202-0e28-4776-9a34-b7c8e3a75236', 'f70d7277-fce4-4f4a-924f-2196bafab52d', 1, 'Testing product review module with rating 1', '2026-03-31 04:17:55');
INSERT INTO Reviews (id, product_id, user_id, rating, comment, created_at) VALUES ('bb514fe7-ffa9-479b-a061-a5baa6837652', 'b287a075-58bd-4499-b78b-d82c0daf0054', '29ac56e2-3e19-4b83-9134-910f608682cc', 3, 'Testing product review module with rating 3', '2026-04-03 04:17:55');
INSERT INTO Reviews (id, product_id, user_id, rating, comment, created_at) VALUES ('81fe146d-c0cb-4310-9f82-03e2e4255f0b', 'ba766299-87a3-4192-8310-8c22afb0eb33', '913e5523-be92-4fec-a9ab-63fd0e39e704', 1, 'Testing product review module with rating 1', '2026-03-29 04:17:55');
INSERT INTO Reviews (id, product_id, user_id, rating, comment, created_at) VALUES ('db092f60-8c5e-4fb1-9801-d33dec3e1b84', 'd388a219-691c-439b-a08d-b7f2b8cdd956', 'f4d9bf2b-320e-4d02-8905-8b498de91959', 2, 'Testing product review module with rating 2', '2026-03-29 04:17:55');
INSERT INTO Reviews (id, product_id, user_id, rating, comment, created_at) VALUES ('0bfb8d63-8c19-4aff-956e-39967284cb6d', '1ec2956e-6d10-477a-9db2-9b2c744d6409', '9ff38873-e396-446a-86e2-70169dbb5095', 1, 'Testing product review module with rating 1', '2026-03-28 04:17:55');
INSERT INTO Reviews (id, product_id, user_id, rating, comment, created_at) VALUES ('97409970-22c7-476b-b8f7-52e45cddcd02', '4d6f5c68-d6ce-431b-85c4-c3cc843248b9', '96689df8-9b10-4974-97c5-104c74beaecc', 2, 'Testing product review module with rating 2', '2026-03-31 04:17:55');
INSERT INTO Reviews (id, product_id, user_id, rating, comment, created_at) VALUES ('d5bb864d-7dc9-4066-bf58-db50c5c17f68', 'f04fd5ce-8775-4822-a1f9-4455423ce927', 'e18ed6e9-e573-4920-875e-5a4b4a54f22d', 2, 'Testing product review module with rating 2', '2026-04-01 04:17:55');
INSERT INTO Reviews (id, product_id, user_id, rating, comment, created_at) VALUES ('a6c6ee92-f660-4e6b-84fb-51c925d10463', '36effd2f-bcc4-435f-bea4-bc535c099c1b', 'b310bf8b-14f3-4322-89e0-ffd8ecc3eed4', 2, 'Testing product review module with rating 2', '2026-03-30 04:17:55');
INSERT INTO Reviews (id, product_id, user_id, rating, comment, created_at) VALUES ('9629b1ff-3fe9-4c5a-96ea-e007078e5622', '5dc7d2be-8170-406e-9bf2-4ba3b427e977', '042e013a-bd8a-4001-97c4-6935c484071e', 4, 'Testing product review module with rating 4', '2026-04-01 04:17:55');
INSERT INTO Reviews (id, product_id, user_id, rating, comment, created_at) VALUES ('26d68d3b-3d08-4d80-aa1d-311df96127eb', '47f429de-7681-47bb-8f91-92d1ea6d8d4d', 'a7c23564-7cf7-466b-af52-d5f5265df2c3', 5, 'Testing product review module with rating 5', '2026-03-25 04:17:55');
INSERT INTO Reviews (id, product_id, user_id, rating, comment, created_at) VALUES ('6a84e32e-1203-4201-b49d-fbb4cb8cd109', '199c3cf5-0c66-4bbc-9f4e-a6d4c6e7e55d', 'b40d5621-ae1b-4ae3-9cf8-0dfe7dd149fc', 2, 'Testing product review module with rating 2', '2026-03-28 04:17:55');
INSERT INTO Reviews (id, product_id, user_id, rating, comment, created_at) VALUES ('3877282a-220c-4094-a16a-ec6ed78cdb68', 'a2b4430f-e7d5-457b-b156-7f04cdad7e08', '8ff5f273-cbf5-451d-a90b-9d58b7bbd1ce', 2, 'Testing product review module with rating 2', '2026-03-30 04:17:55');
INSERT INTO Reviews (id, product_id, user_id, rating, comment, created_at) VALUES ('f36a48c7-36d2-4981-9221-4f223ee1639d', '974a1a9f-c5b3-4cd7-a6ea-0e3e0bb5723a', '257e24c9-3f92-4001-aa31-9efd0edb1ccf', 4, 'Testing product review module with rating 4', '2026-03-29 04:17:55');
INSERT INTO Reviews (id, product_id, user_id, rating, comment, created_at) VALUES ('4fb056a2-0378-402a-b4da-7342b02cba21', '2281bd86-23db-43b8-834e-a90f0f4fc38d', '833eabb6-a213-4828-aa85-68495329d730', 1, 'Testing product review module with rating 1', '2026-04-03 04:17:55');
INSERT INTO Reviews (id, product_id, user_id, rating, comment, created_at) VALUES ('9a2208a5-72bc-4f69-b3a9-ac6842e68e1c', '7dfe43a7-add0-4903-a6e5-de9c21d0ee3f', '5815aa44-b608-42a8-a01e-fd978d65ed29', 4, 'Testing product review module with rating 4', '2026-04-02 04:17:55');
INSERT INTO Reviews (id, product_id, user_id, rating, comment, created_at) VALUES ('f3514580-b996-4a7d-bf20-2c10cfe47074', '4e6ee764-6c12-4688-ae8d-20617930f05f', '29ac56e2-3e19-4b83-9134-910f608682cc', 2, 'Testing product review module with rating 2', '2026-03-27 04:17:55');
INSERT INTO Reviews (id, product_id, user_id, rating, comment, created_at) VALUES ('5fbca1ef-1572-4f85-9958-d5f3426d0e5e', '795698c5-6eaa-44e5-9456-3ab625a66dfa', 'f18c5cc6-9c98-4ee5-a449-06423f3befd0', 3, 'Testing product review module with rating 3', '2026-04-03 04:17:55');
INSERT INTO Reviews (id, product_id, user_id, rating, comment, created_at) VALUES ('e0700f7d-bf1a-4580-9e52-288965fe6587', '6a048a7c-7592-4e51-8633-202a42dc3749', '9ff38873-e396-446a-86e2-70169dbb5095', 4, 'Testing product review module with rating 4', '2026-03-29 04:17:55');
INSERT INTO Reviews (id, product_id, user_id, rating, comment, created_at) VALUES ('e8ce76f0-a976-415c-88f9-a69a20c3fb13', '6f229bab-6e7a-427c-ac63-dad3af0c5e50', 'd9950953-7a41-4eea-bd68-9ce3b967d6dc', 1, 'Testing product review module with rating 1', '2026-03-28 04:17:55');
INSERT INTO Reviews (id, product_id, user_id, rating, comment, created_at) VALUES ('3931c90d-d7df-4569-a457-a150409ff1ac', '3f37db79-547e-4029-a2ee-9457395702a9', '0a40e647-a800-464f-b105-8f595c3601e0', 4, 'Testing product review module with rating 4', '2026-04-02 04:17:55');
INSERT INTO Reviews (id, product_id, user_id, rating, comment, created_at) VALUES ('f3e2b072-500e-45c2-87b5-11d0eb54fc7a', 'dc4d4adf-a375-4960-8372-225d26917a9a', 'e2466a30-cc59-4f01-a9bb-27beb9d56c53', 4, 'Testing product review module with rating 4', '2026-03-30 04:17:55');
INSERT INTO Reviews (id, product_id, user_id, rating, comment, created_at) VALUES ('4312cdb5-6bcf-40d5-a5d8-d0e57151cee9', '407d1549-028f-45ae-b8fd-046141c6822a', '780f0854-0613-4798-b309-664b79200f3b', 3, 'Testing product review module with rating 3', '2026-03-27 04:17:55');
INSERT INTO Reviews (id, product_id, user_id, rating, comment, created_at) VALUES ('7398ce4a-faaf-46e3-88c8-def393e6260a', '73142b98-c3bf-44b6-a3d2-2ac58474d3e0', '94fd965b-3376-4f48-b07a-39bd29a9ed52', 2, 'Testing product review module with rating 2', '2026-04-02 04:17:55');
INSERT INTO Reviews (id, product_id, user_id, rating, comment, created_at) VALUES ('1226ec99-c812-4677-b2b3-3449d5f81330', '01ad9202-0e28-4776-9a34-b7c8e3a75236', 'a0cea2aa-50e9-4aef-b30f-62b3e9c442df', 1, 'Testing product review module with rating 1', '2026-03-28 04:17:55');
INSERT INTO Reviews (id, product_id, user_id, rating, comment, created_at) VALUES ('0dcbd050-b247-486c-813f-0c8811dcea37', '36effd2f-bcc4-435f-bea4-bc535c099c1b', 'c3cd53dd-4a4a-433e-a623-b86b28ee950f', 1, 'Testing product review module with rating 1', '2026-04-03 04:17:55');
INSERT INTO Reviews (id, product_id, user_id, rating, comment, created_at) VALUES ('36c6d3a2-9567-4755-8d29-15f21959b8c9', '3527ad4e-2904-452e-9215-22867e37e14e', 'c07a9d43-f5d2-4dcc-a955-cb009ed9af51', 1, 'Testing product review module with rating 1', '2026-03-27 04:17:55');
INSERT INTO Reviews (id, product_id, user_id, rating, comment, created_at) VALUES ('33c9d993-d2ba-4cfb-92c8-f3feaf75cfe7', 'a8bf1ec3-bafa-4c35-8d64-36120c795724', 'e18ed6e9-e573-4920-875e-5a4b4a54f22d', 4, 'Testing product review module with rating 4', '2026-03-31 04:17:55');
INSERT INTO Reviews (id, product_id, user_id, rating, comment, created_at) VALUES ('f9f7b7a9-550e-4e2f-9a30-1fbc7097b127', '407d1549-028f-45ae-b8fd-046141c6822a', 'f37ae365-6f08-496b-8e1f-a3b7469f45bf', 5, 'Testing product review module with rating 5', '2026-04-03 04:17:55');
INSERT INTO Reviews (id, product_id, user_id, rating, comment, created_at) VALUES ('39e01245-385f-4b88-9e9c-721b1ee61b5f', '2c23bc5f-3123-4116-9e56-8eb931fcb187', 'a7f59351-ad02-4684-bfd7-8377c90b5497', 4, 'Testing product review module with rating 4', '2026-03-28 04:17:55');
INSERT INTO Reviews (id, product_id, user_id, rating, comment, created_at) VALUES ('800f3959-7baa-4d8d-98b6-a9e51bbad4ee', '0c208476-dc50-4a69-b6e1-bd9016796f7d', 'a2b082fd-1cc1-4726-bd68-c70bc1d01319', 4, 'Testing product review module with rating 4', '2026-04-04 04:17:55');
INSERT INTO Reviews (id, product_id, user_id, rating, comment, created_at) VALUES ('2094be3e-7175-41fa-a61a-f85255dbf66c', '66cb9293-764c-434e-b863-36af29a589c8', 'b38504f5-f484-487e-b832-811efb5f8f95', 3, 'Testing product review module with rating 3', '2026-03-28 04:17:55');
INSERT INTO Reviews (id, product_id, user_id, rating, comment, created_at) VALUES ('77b8655e-f229-48e5-88e4-c312c2596dff', '6704781d-02b7-4c85-b4df-a686878fbad4', 'a0cea2aa-50e9-4aef-b30f-62b3e9c442df', 4, 'Testing product review module with rating 4', '2026-03-26 04:17:55');
INSERT INTO Reviews (id, product_id, user_id, rating, comment, created_at) VALUES ('c4f4e627-3c3f-423e-ae2d-e2e5805ed89b', 'd4bd628f-2985-46d2-b473-3d919539a8b7', 'fcb02153-2d99-46b6-be81-f959198cee8c', 4, 'Testing product review module with rating 4', '2026-03-29 04:17:55');
INSERT INTO Reviews (id, product_id, user_id, rating, comment, created_at) VALUES ('82c4d9d5-b207-433f-8550-a3b7d06f7a07', 'a224eb59-db06-45ef-8e44-ddb9230b875c', '4d940c5f-c160-4330-b367-08127fd52ff1', 2, 'Testing product review module with rating 2', '2026-03-30 04:17:55');
INSERT INTO Reviews (id, product_id, user_id, rating, comment, created_at) VALUES ('8c1afdd6-68e0-4eaf-9c45-f3470ae1f54f', '65571d32-e3dd-46cb-a382-9242b854ee6c', '3dcb7fb9-e15e-43db-ba0d-785128b6c1c8', 1, 'Testing product review module with rating 1', '2026-04-03 04:17:55');
INSERT INTO Reviews (id, product_id, user_id, rating, comment, created_at) VALUES ('92fd0d9f-d099-4c9a-8cf1-1daef23bebf1', '47f429de-7681-47bb-8f91-92d1ea6d8d4d', '70d36bcc-358f-4c3d-8584-559157aebcd9', 1, 'Testing product review module with rating 1', '2026-03-26 04:17:55');
INSERT INTO Reviews (id, product_id, user_id, rating, comment, created_at) VALUES ('a426aa29-c5e9-4fce-a0cd-b7db75bbbede', 'a4f58fe6-3c00-45c9-ae95-0fb65eb35a5b', 'b7154edd-6442-44f2-a008-76441792e300', 1, 'Testing product review module with rating 1', '2026-03-27 04:17:55');
INSERT INTO Reviews (id, product_id, user_id, rating, comment, created_at) VALUES ('89e003e1-c907-4093-b1e9-3de53570ee33', 'e17a8a3c-6b94-4190-a1bb-ac6f190c2572', '309b07b7-b39b-4a40-a4dc-af6f91b63d18', 2, 'Testing product review module with rating 2', '2026-03-30 04:17:55');
INSERT INTO Reviews (id, product_id, user_id, rating, comment, created_at) VALUES ('4035b836-7e19-4e6f-930f-1c23a9de36a6', '4a927b9a-9cf5-4c56-a490-fb2f926cbb7d', '2aede90e-e66d-4cb4-a833-f2ef4f2e02a8', 2, 'Testing product review module with rating 2', '2026-04-02 04:17:55');
INSERT INTO Reviews (id, product_id, user_id, rating, comment, created_at) VALUES ('6013c973-f585-4193-829c-74a529a99a0f', '18412940-2f5f-4a94-a9f4-e4e5fd3f5b95', '1f6e2b7b-4b7d-4bc5-8334-d62cb841b0ac', 1, 'Testing product review module with rating 1', '2026-03-25 04:17:55');
INSERT INTO Reviews (id, product_id, user_id, rating, comment, created_at) VALUES ('8037fad7-7931-4646-9ed4-c73b3a75c316', '7587a3bb-676d-4b31-9989-b7f9a455a37e', '6b4ab8ff-15ed-4ffa-bed6-e4f8f38c18cf', 4, 'Testing product review module with rating 4', '2026-03-28 04:17:55');
INSERT INTO Reviews (id, product_id, user_id, rating, comment, created_at) VALUES ('5f3f4787-37ab-42e8-9a4c-79924509e862', '66cb9293-764c-434e-b863-36af29a589c8', 'f2bf5a0e-87ef-47fa-9bda-16ea5f5ccb61', 3, 'Testing product review module with rating 3', '2026-04-02 04:17:55');
INSERT INTO Reviews (id, product_id, user_id, rating, comment, created_at) VALUES ('48d16137-7212-4c52-bec3-8f187df2fab8', 'f04fd5ce-8775-4822-a1f9-4455423ce927', 'ec026ca2-26fa-492c-a380-5f13901e04ab', 2, 'Testing product review module with rating 2', '2026-03-28 04:17:55');
INSERT INTO Reviews (id, product_id, user_id, rating, comment, created_at) VALUES ('39afa70c-eb2f-4a10-b7e9-8ebcafb2f58f', '407d1549-028f-45ae-b8fd-046141c6822a', 'c20584b0-fa58-48d8-acba-54fae2fae177', 1, 'Testing product review module with rating 1', '2026-04-03 04:17:55');
INSERT INTO Reviews (id, product_id, user_id, rating, comment, created_at) VALUES ('81039d20-85c6-40bd-af97-5a6a80525f87', 'e17a8a3c-6b94-4190-a1bb-ac6f190c2572', 'e6499594-121d-40eb-883d-a585001ad516', 2, 'Testing product review module with rating 2', '2026-03-28 04:17:55');
INSERT INTO Reviews (id, product_id, user_id, rating, comment, created_at) VALUES ('0efeaa55-ca4e-49fd-854e-474b2d9f28a6', 'efe2c47b-df88-4faa-944c-ead53cfca0f3', '5efb4331-5ee6-471c-a05c-4dccdb54337f', 5, 'Testing product review module with rating 5', '2026-03-31 04:17:55');
INSERT INTO Reviews (id, product_id, user_id, rating, comment, created_at) VALUES ('732552f2-f357-4d18-884b-3b442d4f00d3', '86629150-2e6a-4220-9fab-d82816488866', '913a1a64-42f5-4d7a-97cd-6f84769e332e', 4, 'Testing product review module with rating 4', '2026-03-31 04:17:55');
INSERT INTO Reviews (id, product_id, user_id, rating, comment, created_at) VALUES ('2d1b61d3-e4cd-4c6d-b216-a16049376ba0', 'fbe52f5d-27ff-46df-b651-49a51d60c3a3', 'cc8205fb-de9c-4c33-a2db-28a296473c1f', 1, 'Testing product review module with rating 1', '2026-03-31 04:17:55');
INSERT INTO Reviews (id, product_id, user_id, rating, comment, created_at) VALUES ('d9ab3118-a3ff-4882-a55f-21b2372c7681', '45d438ab-0798-4320-ac10-f529660c3747', '40531f5f-2399-49aa-ac6f-d4800085388b', 1, 'Testing product review module with rating 1', '2026-04-03 04:17:55');
INSERT INTO Reviews (id, product_id, user_id, rating, comment, created_at) VALUES ('ab68d16e-aaf2-4358-8c62-974845229a0a', 'a8bf1ec3-bafa-4c35-8d64-36120c795724', 'fcb02153-2d99-46b6-be81-f959198cee8c', 4, 'Testing product review module with rating 4', '2026-03-27 04:17:55');
INSERT INTO Reviews (id, product_id, user_id, rating, comment, created_at) VALUES ('dcca7fe7-a2f5-49d2-a705-0ff146e1927a', 'e78bc9ed-ee17-4ca9-bbd7-2761e9651067', '42ff1c03-90df-409b-9741-0e0c6e706bbf', 3, 'Testing product review module with rating 3', '2026-03-30 04:17:55');
INSERT INTO Reviews (id, product_id, user_id, rating, comment, created_at) VALUES ('68064570-7dd2-4710-90c2-71b1566ca9e6', '1ec2956e-6d10-477a-9db2-9b2c744d6409', '919d464a-abe3-4752-aba8-1e86c1bfdc7b', 5, 'Testing product review module with rating 5', '2026-03-31 04:17:55');
INSERT INTO Reviews (id, product_id, user_id, rating, comment, created_at) VALUES ('d4187546-7389-447f-83fe-ece51962d2a0', 'd0bc30b9-f3a1-472b-b67b-148d4c715913', 'b44ccca1-5c97-4be7-b06a-f3c611915d76', 3, 'Testing product review module with rating 3', '2026-03-29 04:17:55');
INSERT INTO Reviews (id, product_id, user_id, rating, comment, created_at) VALUES ('c7acd8c3-8d1f-4bb0-8be9-f7270e4b98cc', 'd4bd628f-2985-46d2-b473-3d919539a8b7', '9ce8526f-be0f-4b20-ab7c-ca468dc472b5', 1, 'Testing product review module with rating 1', '2026-03-25 04:17:55');
INSERT INTO Reviews (id, product_id, user_id, rating, comment, created_at) VALUES ('546a49c6-b20e-427f-89f5-fe46dff7def0', '5e7966e7-3de7-4c50-8f52-20dc2d90ab0d', '1f6e2b7b-4b7d-4bc5-8334-d62cb841b0ac', 5, 'Testing product review module with rating 5', '2026-03-30 04:17:55');
INSERT INTO Reviews (id, product_id, user_id, rating, comment, created_at) VALUES ('2f4ce91d-fcc7-47c6-b7dd-97a06bf23a33', '5548956d-e4a6-4855-b44f-f7612b72b708', '7405c79b-7220-4b40-bd0b-1fd32bd77df8', 4, 'Testing product review module with rating 4', '2026-03-31 04:17:55');
INSERT INTO Reviews (id, product_id, user_id, rating, comment, created_at) VALUES ('85dfeae9-c071-4857-b549-c03149492323', '199c3cf5-0c66-4bbc-9f4e-a6d4c6e7e55d', '4d100011-9113-4a30-91c9-c4cfdcdd09eb', 4, 'Testing product review module with rating 4', '2026-03-30 04:17:55');
INSERT INTO Reviews (id, product_id, user_id, rating, comment, created_at) VALUES ('41b8c6db-4f51-4245-a7d6-e74fa8f89dda', 'd4bd628f-2985-46d2-b473-3d919539a8b7', '833eabb6-a213-4828-aa85-68495329d730', 4, 'Testing product review module with rating 4', '2026-03-30 04:17:55');
INSERT INTO Reviews (id, product_id, user_id, rating, comment, created_at) VALUES ('544af043-2dcb-4fd3-b998-56a4731f7883', '4d6f5c68-d6ce-431b-85c4-c3cc843248b9', '6af5ed49-e4ca-42cb-b676-c4af5cf4b79f', 1, 'Testing product review module with rating 1', '2026-03-29 04:17:55');
INSERT INTO Reviews (id, product_id, user_id, rating, comment, created_at) VALUES ('11c9ba4b-cf18-4db6-9f31-df7b670ea3d1', 'c5e7734c-6749-4292-b0b8-35d17464ddfd', 'f608c30b-eb53-485c-b1ef-54e28c901e97', 3, 'Testing product review module with rating 3', '2026-04-03 04:17:55');
INSERT INTO Reviews (id, product_id, user_id, rating, comment, created_at) VALUES ('cdec0e6f-9cd1-4889-9a7e-545c699062f8', '0dffb0f8-aad9-4814-8399-031d153b4b25', '756ebdc0-93f6-405f-a8ea-ea2e62327c9b', 2, 'Testing product review module with rating 2', '2026-03-25 04:17:55');
INSERT INTO Reviews (id, product_id, user_id, rating, comment, created_at) VALUES ('60f1e5e0-7df6-4aa5-8254-e83dbcf01954', '8741d3af-56c6-48a9-926c-a64113be8a31', '756ebdc0-93f6-405f-a8ea-ea2e62327c9b', 1, 'Testing product review module with rating 1', '2026-04-01 04:17:55');
INSERT INTO Reviews (id, product_id, user_id, rating, comment, created_at) VALUES ('ecdb4737-6336-48d3-9d23-d5ad7a3a3bcf', '56875e67-5e75-4413-9601-d88c50184934', 'cd1fea1f-6389-47be-ab2c-47b4bb1a5938', 2, 'Testing product review module with rating 2', '2026-04-02 04:17:55');
INSERT INTO Reviews (id, product_id, user_id, rating, comment, created_at) VALUES ('696f73be-0a74-4015-a351-171bcd4cb4f0', '47f429de-7681-47bb-8f91-92d1ea6d8d4d', '6766171c-ab33-4b11-9c06-9d93c11b0b25', 3, 'Testing product review module with rating 3', '2026-03-28 04:17:55');
INSERT INTO Reviews (id, product_id, user_id, rating, comment, created_at) VALUES ('98ac8a72-4cb1-4cfa-bbd7-fbd5e9a53ff3', 'ffb95efe-2c6a-40a8-a5ae-b9884cea2a44', '96689df8-9b10-4974-97c5-104c74beaecc', 4, 'Testing product review module with rating 4', '2026-03-26 04:17:55');
INSERT INTO Reviews (id, product_id, user_id, rating, comment, created_at) VALUES ('4b99e1a6-7f61-4337-a8fb-f5f17f53bcc2', 'e6d3dc82-5105-4726-a585-2afd52be5e02', 'f70d7277-fce4-4f4a-924f-2196bafab52d', 1, 'Testing product review module with rating 1', '2026-03-29 04:17:55');
INSERT INTO Reviews (id, product_id, user_id, rating, comment, created_at) VALUES ('558f1f76-c7ad-46ab-82c8-ff7324c0c4dc', 'e15de4bd-c227-46ee-bd9a-ab8e0b39749c', 'b96fe81a-6d90-49f9-b408-dd3853b44667', 3, 'Testing product review module with rating 3', '2026-04-01 04:17:55');
INSERT INTO Reviews (id, product_id, user_id, rating, comment, created_at) VALUES ('dcb9f2b0-c09b-4c65-a55f-a0d48e466869', '0dbd8fe9-eca0-4604-a3b1-6c48ae26045c', 'fcb02153-2d99-46b6-be81-f959198cee8c', 4, 'Testing product review module with rating 4', '2026-04-02 04:17:55');
INSERT INTO Reviews (id, product_id, user_id, rating, comment, created_at) VALUES ('7e2165d8-989c-410a-ad3e-065d6ea74975', 'a8bf1ec3-bafa-4c35-8d64-36120c795724', 'b38504f5-f484-487e-b832-811efb5f8f95', 5, 'Testing product review module with rating 5', '2026-03-27 04:17:55');
INSERT INTO Reviews (id, product_id, user_id, rating, comment, created_at) VALUES ('029ac292-c530-4645-a141-dee4c3c4b60f', '296b27c5-5bbf-44ba-8bf9-74038268fe71', '8c58d206-f29b-460b-bfe3-b017dad5390b', 3, 'Testing product review module with rating 3', '2026-04-02 04:17:55');
INSERT INTO Reviews (id, product_id, user_id, rating, comment, created_at) VALUES ('bae13384-d8df-41c1-bf05-9481431c78eb', 'ae3d0944-88c4-4baa-bd15-6c8f8da06862', 'c43c946e-37bd-4925-a469-ec9961ff8f5c', 3, 'Testing product review module with rating 3', '2026-03-28 04:17:55');
INSERT INTO Reviews (id, product_id, user_id, rating, comment, created_at) VALUES ('fbae2939-8c96-4885-90f6-c7b487c9a282', '407d1549-028f-45ae-b8fd-046141c6822a', 'a53a1616-40ae-42a3-8ee2-17390874cdd6', 5, 'Testing product review module with rating 5', '2026-03-25 04:17:55');
INSERT INTO Reviews (id, product_id, user_id, rating, comment, created_at) VALUES ('3536ed6d-3090-4dd1-8aac-fb7323998dfa', '4a927b9a-9cf5-4c56-a490-fb2f926cbb7d', '94fd965b-3376-4f48-b07a-39bd29a9ed52', 2, 'Testing product review module with rating 2', '2026-03-30 04:17:55');
INSERT INTO Reviews (id, product_id, user_id, rating, comment, created_at) VALUES ('ee26e1c3-3ec0-4292-8856-243f64097e23', 'd4bd628f-2985-46d2-b473-3d919539a8b7', '00d67916-5e5e-4d3a-9f26-1a3c242ee490', 5, 'Testing product review module with rating 5', '2026-04-01 04:17:55');
INSERT INTO Reviews (id, product_id, user_id, rating, comment, created_at) VALUES ('77dad146-7d1b-40bb-bf1a-fe63e4e2788c', 'f3de3ad0-dcf7-48a7-a0b6-0b9bc07e5c25', 'cd6cf8f2-dc53-498c-9039-75398f8eb2f4', 5, 'Testing product review module with rating 5', '2026-04-02 04:17:55');
INSERT INTO Reviews (id, product_id, user_id, rating, comment, created_at) VALUES ('ef5ce34b-d683-472c-b2a6-3e2540825f7c', '1b3df4d1-8ec7-423e-9894-8f4529a4004f', 'd9950953-7a41-4eea-bd68-9ce3b967d6dc', 5, 'Testing product review module with rating 5', '2026-03-29 04:17:55');
INSERT INTO Reviews (id, product_id, user_id, rating, comment, created_at) VALUES ('4e2468fd-3e9a-4769-bb6a-738fe0ee6aab', 'ae3d0944-88c4-4baa-bd15-6c8f8da06862', '46aab1d8-1f03-4359-9773-e247ab8889c9', 4, 'Testing product review module with rating 4', '2026-03-28 04:17:55');
INSERT INTO Reviews (id, product_id, user_id, rating, comment, created_at) VALUES ('375f2f4c-6767-4680-9707-fbe0c5084d2b', '6a048a7c-7592-4e51-8633-202a42dc3749', 'e7c3a52d-a99d-4d3b-9709-23381a78e4e8', 4, 'Testing product review module with rating 4', '2026-04-04 04:17:55');
INSERT INTO Reviews (id, product_id, user_id, rating, comment, created_at) VALUES ('93f08d76-ed35-4578-a588-db1bbff8e234', '974a1a9f-c5b3-4cd7-a6ea-0e3e0bb5723a', '141d58ba-b8ac-44d2-90ee-2c62493f5bda', 1, 'Testing product review module with rating 1', '2026-03-28 04:17:55');
INSERT INTO Reviews (id, product_id, user_id, rating, comment, created_at) VALUES ('ed4177ac-1677-4819-a91c-734c4bd2922d', '4d6f5c68-d6ce-431b-85c4-c3cc843248b9', 'f4d9bf2b-320e-4d02-8905-8b498de91959', 5, 'Testing product review module with rating 5', '2026-04-01 04:17:55');
INSERT INTO Reviews (id, product_id, user_id, rating, comment, created_at) VALUES ('647d9c82-5e90-433f-bd2c-11e2af0d1383', '47f429de-7681-47bb-8f91-92d1ea6d8d4d', 'a1c9c280-3300-4095-9ac9-d1f2cc4d0c4b', 4, 'Testing product review module with rating 4', '2026-03-26 04:17:55');
INSERT INTO Reviews (id, product_id, user_id, rating, comment, created_at) VALUES ('95ebc431-933b-4a23-b597-498b718846bb', '6f229bab-6e7a-427c-ac63-dad3af0c5e50', '709cfbd1-0ba3-4c1a-a71f-8efb5496fea4', 5, 'Testing product review module with rating 5', '2026-03-31 04:17:55');
INSERT INTO Reviews (id, product_id, user_id, rating, comment, created_at) VALUES ('a0ec3759-0d26-4859-8a7b-dab2aea3f3dc', '99f7c518-f1f0-45ed-882e-50c854c3bca2', 'f2bf5a0e-87ef-47fa-9bda-16ea5f5ccb61', 5, 'Testing product review module with rating 5', '2026-03-27 04:17:55');
INSERT INTO Reviews (id, product_id, user_id, rating, comment, created_at) VALUES ('a905d4bc-5602-4b3c-aa74-735e972b10e8', '47f429de-7681-47bb-8f91-92d1ea6d8d4d', '089effb1-025b-4e56-809c-b95621fe6d64', 1, 'Testing product review module with rating 1', '2026-03-28 04:17:55');
INSERT INTO Reviews (id, product_id, user_id, rating, comment, created_at) VALUES ('c4f2c0e3-e34f-4bfd-bb31-a3ed672b116e', 'f04fd5ce-8775-4822-a1f9-4455423ce927', 'a2b082fd-1cc1-4726-bd68-c70bc1d01319', 4, 'Testing product review module with rating 4', '2026-03-27 04:17:55');
INSERT INTO Reviews (id, product_id, user_id, rating, comment, created_at) VALUES ('b90317c4-f2a7-48bf-8295-e491ccfeec15', '8741d3af-56c6-48a9-926c-a64113be8a31', '3b685c4a-e24b-4ca1-86a0-605d80d599e2', 1, 'Testing product review module with rating 1', '2026-03-28 04:17:55');
INSERT INTO Reviews (id, product_id, user_id, rating, comment, created_at) VALUES ('6a185a9d-fb45-47c2-9e7b-9fd0e929043e', '5e7966e7-3de7-4c50-8f52-20dc2d90ab0d', 'a0d54df1-950d-4f8d-affa-cec4d2fc6f4b', 2, 'Testing product review module with rating 2', '2026-04-01 04:17:55');
INSERT INTO Reviews (id, product_id, user_id, rating, comment, created_at) VALUES ('367294b4-488e-4268-818b-f347b65f3634', '18fbc669-1a09-404f-93ea-66354b1f8e82', '0165d3eb-25d9-493d-b189-aa1165c571c7', 3, 'Testing product review module with rating 3', '2026-04-03 04:17:55');
INSERT INTO Reviews (id, product_id, user_id, rating, comment, created_at) VALUES ('753d83d7-c120-4511-aab7-9356abe7553f', 'd7956376-e159-4548-8da6-bc30ad4d1d80', '0165d3eb-25d9-493d-b189-aa1165c571c7', 2, 'Testing product review module with rating 2', '2026-04-02 04:17:55');
INSERT INTO Reviews (id, product_id, user_id, rating, comment, created_at) VALUES ('fbc6517d-460b-4618-9f39-4e59de6a8945', '46bd3d91-5ad3-40a1-8b96-368b1ad74693', 'f18c5cc6-9c98-4ee5-a449-06423f3befd0', 4, 'Testing product review module with rating 4', '2026-03-25 04:17:55');
INSERT INTO Reviews (id, product_id, user_id, rating, comment, created_at) VALUES ('a9341ef2-220b-48da-b373-a929955f5fb7', '443cb7df-eff2-42b5-ac5b-2972bccd124d', 'a2b082fd-1cc1-4726-bd68-c70bc1d01319', 4, 'Testing product review module with rating 4', '2026-03-29 04:17:55');
INSERT INTO Reviews (id, product_id, user_id, rating, comment, created_at) VALUES ('aef06f1b-c811-492f-a4a9-4ccf951b72c1', 'f2cfe336-aa63-4088-ab1f-218660f0dede', '8ceb3bbf-2843-46f2-b366-5c33c95ee222', 3, 'Testing product review module with rating 3', '2026-03-30 04:17:55');
INSERT INTO Reviews (id, product_id, user_id, rating, comment, created_at) VALUES ('3aba2859-8ed2-4f8d-8e4d-6ac2fedd4b79', 'ff95dc2d-3e4f-4c9e-81aa-57f44324b4fc', '7405c79b-7220-4b40-bd0b-1fd32bd77df8', 3, 'Testing product review module with rating 3', '2026-04-01 04:17:55');
INSERT INTO Reviews (id, product_id, user_id, rating, comment, created_at) VALUES ('5c15f621-2188-461a-b57e-7328f089af19', '46bd3d91-5ad3-40a1-8b96-368b1ad74693', '8c58d206-f29b-460b-bfe3-b017dad5390b', 4, 'Testing product review module with rating 4', '2026-03-29 04:17:55');
INSERT INTO Reviews (id, product_id, user_id, rating, comment, created_at) VALUES ('19d8c416-711f-4192-8a86-4c968035fa86', 'b287a075-58bd-4499-b78b-d82c0daf0054', '3ee39bdd-25ad-4f70-a181-fd2b761f1480', 5, 'Testing product review module with rating 5', '2026-04-01 04:17:55');
INSERT INTO Reviews (id, product_id, user_id, rating, comment, created_at) VALUES ('01dcba43-56ad-48ae-afbe-ff48f4e52542', '43cbc6a7-7065-4895-9c99-52f057e6d3ce', 'a0cea2aa-50e9-4aef-b30f-62b3e9c442df', 4, 'Testing product review module with rating 4', '2026-03-25 04:17:55');
INSERT INTO Reviews (id, product_id, user_id, rating, comment, created_at) VALUES ('fd225ecd-123f-4f7c-9f94-fe94edd617f3', 'c838d358-b4eb-4a7d-8b1a-5be5263805d1', 'c208a807-42fd-4c99-a3af-40292c0a601f', 4, 'Testing product review module with rating 4', '2026-03-26 04:17:55');
INSERT INTO Reviews (id, product_id, user_id, rating, comment, created_at) VALUES ('e165d28e-b81c-427f-aa46-0bc2ba548b04', '99f08a67-bb96-46d7-95f0-b6e3864a0f58', '520d6937-c4d6-44ed-96a9-1d25b188fc28', 5, 'Testing product review module with rating 5', '2026-03-27 04:17:55');
INSERT INTO Reviews (id, product_id, user_id, rating, comment, created_at) VALUES ('325ec2b2-4de4-4370-b6e0-a55d62d2ff8c', '0dffb0f8-aad9-4814-8399-031d153b4b25', 'd9950953-7a41-4eea-bd68-9ce3b967d6dc', 2, 'Testing product review module with rating 2', '2026-04-01 04:17:55');
INSERT INTO Reviews (id, product_id, user_id, rating, comment, created_at) VALUES ('61934f6e-2847-4e21-a277-a4df41ed8bc3', 'ffb95efe-2c6a-40a8-a5ae-b9884cea2a44', '8cfe2a7d-306a-460e-9aef-ebc9227dc39b', 5, 'Testing product review module with rating 5', '2026-03-28 04:17:55');
INSERT INTO Reviews (id, product_id, user_id, rating, comment, created_at) VALUES ('438df070-669c-4aac-9b86-57efc01c95dc', '0c208476-dc50-4a69-b6e1-bd9016796f7d', '51bbf1a7-1515-480a-b77b-3b5f2c11c832', 4, 'Testing product review module with rating 4', '2026-03-25 04:17:55');
INSERT INTO Reviews (id, product_id, user_id, rating, comment, created_at) VALUES ('144d9eb2-f97e-4a91-a767-79936c0598e1', '08bbf987-f4d5-4c5b-9d27-239dae31911b', 'ad931990-b82c-42a7-9ede-5f370579dc1a', 1, 'Testing product review module with rating 1', '2026-03-27 04:17:55');
INSERT INTO Reviews (id, product_id, user_id, rating, comment, created_at) VALUES ('e4855ef8-d4df-4031-8225-edebd65b7db3', '99e6cd49-884d-4ef4-ad7a-4987eda6110e', 'e6499594-121d-40eb-883d-a585001ad516', 1, 'Testing product review module with rating 1', '2026-03-27 04:17:55');
INSERT INTO Reviews (id, product_id, user_id, rating, comment, created_at) VALUES ('a3f88c75-e080-43ed-a7e5-9e9ad101984a', 'da3fd9b3-53fb-44d3-9b10-74523084406f', '96689df8-9b10-4974-97c5-104c74beaecc', 5, 'Testing product review module with rating 5', '2026-03-29 04:17:55');
INSERT INTO Reviews (id, product_id, user_id, rating, comment, created_at) VALUES ('33c386ed-11d5-42c9-98e5-797553c9cd4f', 'e6d3dc82-5105-4726-a585-2afd52be5e02', 'a0cea2aa-50e9-4aef-b30f-62b3e9c442df', 5, 'Testing product review module with rating 5', '2026-03-26 04:17:55');
INSERT INTO Reviews (id, product_id, user_id, rating, comment, created_at) VALUES ('096f2d53-4f18-4500-b864-c60e3bd40c9c', '674eb1d9-17c9-492f-bf1c-01cc09821d6c', '4d100011-9113-4a30-91c9-c4cfdcdd09eb', 5, 'Testing product review module with rating 5', '2026-03-28 04:17:55');
INSERT INTO Reviews (id, product_id, user_id, rating, comment, created_at) VALUES ('926e2472-a6d9-4910-bf17-359e8b1e0643', '42ddd728-d251-4289-aad3-a8d1eebe88e2', '5815aa44-b608-42a8-a01e-fd978d65ed29', 4, 'Testing product review module with rating 4', '2026-03-31 04:17:55');
INSERT INTO Reviews (id, product_id, user_id, rating, comment, created_at) VALUES ('24bbd387-2812-41c7-b43d-771cbe8ec1cf', '80f6d6c7-c41b-4784-bd5f-1fd35bd3e45b', '1f6e2b7b-4b7d-4bc5-8334-d62cb841b0ac', 4, 'Testing product review module with rating 4', '2026-04-02 04:17:55');
INSERT INTO Reviews (id, product_id, user_id, rating, comment, created_at) VALUES ('f5714c0e-808f-496f-b005-8ee1cb4138a6', 'efe2c47b-df88-4faa-944c-ead53cfca0f3', '0f8b96db-6b12-4d7d-94f8-e2a5a2223cca', 1, 'Testing product review module with rating 1', '2026-04-04 04:17:55');
INSERT INTO Reviews (id, product_id, user_id, rating, comment, created_at) VALUES ('b1c10a85-70d3-45b1-81d3-b525db393ce2', 'dc4d4adf-a375-4960-8372-225d26917a9a', '2b12e616-d824-4e3d-99c6-2e332194a268', 5, 'Testing product review module with rating 5', '2026-04-04 04:17:55');
INSERT INTO Reviews (id, product_id, user_id, rating, comment, created_at) VALUES ('3cf7a2ca-f6f5-4862-8a30-99b3140bfd1d', 'deac43f9-555a-467d-9ab8-cb188b8361d9', '0165d3eb-25d9-493d-b189-aa1165c571c7', 4, 'Testing product review module with rating 4', '2026-03-25 04:17:55');
INSERT INTO Reviews (id, product_id, user_id, rating, comment, created_at) VALUES ('cf37332a-32d3-4c9e-a580-bea3e9b87e09', 'd0178575-add7-4458-9cc9-7852d0cd76cc', 'e2466a30-cc59-4f01-a9bb-27beb9d56c53', 5, 'Testing product review module with rating 5', '2026-04-03 04:17:55');
INSERT INTO Reviews (id, product_id, user_id, rating, comment, created_at) VALUES ('b5d06e38-d5ad-4817-8603-fe90c574986b', 'f97a5393-a2aa-4fa0-a6c3-7bce305c23e5', '2cbba6b9-0ec5-401f-adcd-d9c9665d75f2', 2, 'Testing product review module with rating 2', '2026-04-04 04:17:55');
INSERT INTO Reviews (id, product_id, user_id, rating, comment, created_at) VALUES ('5bfd5b42-5416-4a1b-96bb-68a5119d9369', '974a1a9f-c5b3-4cd7-a6ea-0e3e0bb5723a', 'f7372ac3-28e3-4e2b-b553-47c2368113a3', 3, 'Testing product review module with rating 3', '2026-04-02 04:17:55');
INSERT INTO AdminLogs (id, admin_id, action, entity_id, created_at) VALUES ('570e2927-ea0e-4b9a-9c2e-f2ef5d6d7257', '932ce711-f721-41b9-b7ba-59f28638b71c', 'delete_variant', 'c838d358-b4eb-4a7d-8b1a-5be5263805d1', '2026-04-04 04:17:55');
INSERT INTO AdminLogs (id, admin_id, action, entity_id, created_at) VALUES ('e6ef3704-8cbe-40d5-9a4c-13be31c6e93c', '0165d3eb-25d9-493d-b189-aa1165c571c7', 'refund_order', 'a8bf1ec3-bafa-4c35-8d64-36120c795724', '2026-03-31 04:17:55');
INSERT INTO AdminLogs (id, admin_id, action, entity_id, created_at) VALUES ('0409f201-917d-4974-8eb7-1edf04ffdb15', 'f7372ac3-28e3-4e2b-b553-47c2368113a3', 'delete_variant', 'f04fd5ce-8775-4822-a1f9-4455423ce927', '2026-04-01 04:17:55');
INSERT INTO AdminLogs (id, admin_id, action, entity_id, created_at) VALUES ('b322391c-c399-4c72-bac5-1aed4df10d86', 'ad931990-b82c-42a7-9ede-5f370579dc1a', 'update_product', '2281bd86-23db-43b8-834e-a90f0f4fc38d', '2026-03-30 04:17:55');
INSERT INTO AdminLogs (id, admin_id, action, entity_id, created_at) VALUES ('02c56fb6-ec3d-43ba-aa27-702d90ce50b1', '2b12e616-d824-4e3d-99c6-2e332194a268', 'delete_variant', 'b29f5b2d-f034-47b8-bdc7-066e127688a7', '2026-03-31 04:17:55');
INSERT INTO AdminLogs (id, admin_id, action, entity_id, created_at) VALUES ('fc18cba2-ca36-47dd-8ae0-21af6353b87d', '709cfbd1-0ba3-4c1a-a71f-8efb5496fea4', 'delete_variant', 'd7956376-e159-4548-8da6-bc30ad4d1d80', '2026-04-01 04:17:55');
INSERT INTO AdminLogs (id, admin_id, action, entity_id, created_at) VALUES ('9bb8d3f9-aa2d-470b-bbcd-7adeb6ebe56a', '0ae32022-be28-4aeb-809d-e23b3136f2fb', 'delete_variant', '99e6cd49-884d-4ef4-ad7a-4987eda6110e', '2026-04-03 04:17:55');
INSERT INTO AdminLogs (id, admin_id, action, entity_id, created_at) VALUES ('522ddc5d-3918-430c-bcb3-cc0549add155', '6a691b28-c21a-4548-a4e1-d5ad28ec820d', 'delete_variant', '56875e67-5e75-4413-9601-d88c50184934', '2026-04-01 04:17:55');
INSERT INTO AdminLogs (id, admin_id, action, entity_id, created_at) VALUES ('0790f62c-0840-4e74-9ca0-be55aeb98f39', '833eabb6-a213-4828-aa85-68495329d730', 'refund_order', '7587a3bb-676d-4b31-9989-b7f9a455a37e', '2026-04-02 04:17:55');
INSERT INTO AdminLogs (id, admin_id, action, entity_id, created_at) VALUES ('734f0bf1-e7bf-4109-add6-c74e65c46f74', 'c9ed9c4f-b573-42f7-b2c5-f9169f65156a', 'update_product', 'd9123ae9-f36c-4c9b-a7ab-ca01cf81655a', '2026-04-01 04:17:55');
INSERT INTO AdminLogs (id, admin_id, action, entity_id, created_at) VALUES ('c0af23a6-94e0-4784-be96-2dcc4e8f4d6e', 'dd7288d7-d2c7-4407-bc7c-7b5ee1101b52', 'ban_user', '0dffb0f8-aad9-4814-8399-031d153b4b25', '2026-04-04 04:17:55');
INSERT INTO AdminLogs (id, admin_id, action, entity_id, created_at) VALUES ('5452b7f1-ac56-42e1-8d99-707ede98fa28', 'e18ed6e9-e573-4920-875e-5a4b4a54f22d', 'delete_variant', 'f97a5393-a2aa-4fa0-a6c3-7bce305c23e5', '2026-03-30 04:17:55');
INSERT INTO AdminLogs (id, admin_id, action, entity_id, created_at) VALUES ('24e87500-669c-4e5f-ae5b-4acb3028d10c', 'b96fe81a-6d90-49f9-b408-dd3853b44667', 'refund_order', '47f429de-7681-47bb-8f91-92d1ea6d8d4d', '2026-04-01 04:17:55');
INSERT INTO AdminLogs (id, admin_id, action, entity_id, created_at) VALUES ('5619fab7-ba26-4d7e-b653-7cffbc5555f6', 'f608c30b-eb53-485c-b1ef-54e28c901e97', 'refund_order', '4a927b9a-9cf5-4c56-a490-fb2f926cbb7d', '2026-03-31 04:17:55');
INSERT INTO AdminLogs (id, admin_id, action, entity_id, created_at) VALUES ('dfac3d72-36c8-4cdc-810b-180e3d99d88a', '7405c79b-7220-4b40-bd0b-1fd32bd77df8', 'delete_variant', 'e15de4bd-c227-46ee-bd9a-ab8e0b39749c', '2026-04-01 04:17:55');
INSERT INTO AdminLogs (id, admin_id, action, entity_id, created_at) VALUES ('6395f9de-6438-4f88-99ef-b16155897942', '0af22faf-3385-4cb2-8d2f-22ae697d5924', 'refund_order', '1b3df4d1-8ec7-423e-9894-8f4529a4004f', '2026-04-02 04:17:55');
INSERT INTO AdminLogs (id, admin_id, action, entity_id, created_at) VALUES ('7ef566ad-3226-4866-8df0-7bf5c4a197eb', '780f0854-0613-4798-b309-664b79200f3b', 'delete_variant', 'b9d51b0f-faa0-4ea0-98fc-14b31cf371a6', '2026-04-02 04:17:55');
INSERT INTO AdminLogs (id, admin_id, action, entity_id, created_at) VALUES ('3308cff2-ff6c-4346-918d-2054bad507a3', 'a53a1616-40ae-42a3-8ee2-17390874cdd6', 'delete_variant', '88118c51-08a9-4dad-83dc-3da5c7d300d8', '2026-04-02 04:17:55');
INSERT INTO AdminLogs (id, admin_id, action, entity_id, created_at) VALUES ('5eb0d2af-f5f9-4f99-8543-04fb82feb49a', '919d464a-abe3-4752-aba8-1e86c1bfdc7b', 'ban_user', 'fbe52f5d-27ff-46df-b651-49a51d60c3a3', '2026-04-03 04:17:55');
INSERT INTO AdminLogs (id, admin_id, action, entity_id, created_at) VALUES ('f9586a7b-01f1-416a-b219-184499ca1a34', '6a691b28-c21a-4548-a4e1-d5ad28ec820d', 'ban_user', 'c838d358-b4eb-4a7d-8b1a-5be5263805d1', '2026-03-31 04:17:55');
INSERT INTO AdminLogs (id, admin_id, action, entity_id, created_at) VALUES ('754d0ca4-3167-4af4-be22-8c8cd2cf7fbf', 'c3cd53dd-4a4a-433e-a623-b86b28ee950f', 'ban_user', '6a048a7c-7592-4e51-8633-202a42dc3749', '2026-03-31 04:17:55');
INSERT INTO AdminLogs (id, admin_id, action, entity_id, created_at) VALUES ('f00fb335-b317-4b19-937a-2675f51f6917', '552069d8-997e-4764-86cb-b0380f8ec7d9', 'ban_user', '6f229bab-6e7a-427c-ac63-dad3af0c5e50', '2026-04-04 04:17:55');
INSERT INTO AdminLogs (id, admin_id, action, entity_id, created_at) VALUES ('b6f12e2f-7b2f-464e-855e-0eb98e719eb8', '2aede90e-e66d-4cb4-a833-f2ef4f2e02a8', 'delete_variant', '06db2942-332c-4e11-933a-2fc37e039986', '2026-03-31 04:17:55');
INSERT INTO AdminLogs (id, admin_id, action, entity_id, created_at) VALUES ('3cc8b208-dab0-4821-be73-669224e68324', '6a691b28-c21a-4548-a4e1-d5ad28ec820d', 'ban_user', 'f3de3ad0-dcf7-48a7-a0b6-0b9bc07e5c25', '2026-04-04 04:17:55');
INSERT INTO AdminLogs (id, admin_id, action, entity_id, created_at) VALUES ('d44b64c7-f380-4159-befc-c3358602ff5d', '8b6df08e-f30c-4eef-b4bf-709c7fe64ded', 'refund_order', 'f401d7c1-69a8-4073-a269-341ce6d9423b', '2026-03-31 04:17:55');
INSERT INTO AdminLogs (id, admin_id, action, entity_id, created_at) VALUES ('bb820bbf-c70e-4487-9f7d-ad3f2d279b65', '922d799d-aee5-4359-8b6e-4bd4da0ff332', 'ban_user', 'c53b1b90-0fa8-4fd2-bde5-fc6bdb7c1e1b', '2026-04-03 04:17:55');
INSERT INTO AdminLogs (id, admin_id, action, entity_id, created_at) VALUES ('6bbd3a8f-96ca-4940-8212-36cb327d46e7', 'a0d54df1-950d-4f8d-affa-cec4d2fc6f4b', 'update_product', 'f04fd5ce-8775-4822-a1f9-4455423ce927', '2026-03-30 04:17:55');
INSERT INTO AdminLogs (id, admin_id, action, entity_id, created_at) VALUES ('bb969c59-d279-4155-963d-3c8f75741394', '970c3814-5b83-4f6f-9597-22108db891ad', 'refund_order', '06db2942-332c-4e11-933a-2fc37e039986', '2026-03-30 04:17:55');
INSERT INTO AdminLogs (id, admin_id, action, entity_id, created_at) VALUES ('14c0d173-fec9-4d57-81a6-e0d8a3bdbfd0', '7405c79b-7220-4b40-bd0b-1fd32bd77df8', 'delete_variant', 'b9d51b0f-faa0-4ea0-98fc-14b31cf371a6', '2026-04-02 04:17:55');
INSERT INTO AdminLogs (id, admin_id, action, entity_id, created_at) VALUES ('aec39f86-ed76-4862-94e0-c034285fd0d6', 'e2466a30-cc59-4f01-a9bb-27beb9d56c53', 'delete_variant', 'b2e4268e-a449-4f84-b631-663556cefcd1', '2026-04-02 04:17:55');
INSERT INTO AdminLogs (id, admin_id, action, entity_id, created_at) VALUES ('aab8ff0f-15a7-4daf-b3ed-93b8be566115', '4addac3c-3df5-4eee-949b-1dff0d2a7669', 'ban_user', 'b2e4268e-a449-4f84-b631-663556cefcd1', '2026-03-31 04:17:55');
INSERT INTO AdminLogs (id, admin_id, action, entity_id, created_at) VALUES ('71e20104-3c07-4556-870a-a8674a98aeb7', 'ed837698-8103-4da5-bb6b-1638fd2fc0ab', 'delete_variant', 'b287a075-58bd-4499-b78b-d82c0daf0054', '2026-03-31 04:17:55');
INSERT INTO AdminLogs (id, admin_id, action, entity_id, created_at) VALUES ('5d4be2f9-083d-49e4-abb6-088017fcdf5f', '9f8c892c-dd6e-4434-8000-f5f680c99030', 'update_product', 'fcad6c3b-045d-46a2-9512-71d4d64b9cc5', '2026-04-01 04:17:55');
INSERT INTO AdminLogs (id, admin_id, action, entity_id, created_at) VALUES ('9e4b7a13-1f4d-4d9f-9c9c-794e497626cb', '922d799d-aee5-4359-8b6e-4bd4da0ff332', 'ban_user', 'd7e85441-3716-4dc0-910c-27b79238b091', '2026-04-01 04:17:55');
INSERT INTO AdminLogs (id, admin_id, action, entity_id, created_at) VALUES ('d1651eeb-f0bc-425c-b5c4-27ba8068d067', '0f8b96db-6b12-4d7d-94f8-e2a5a2223cca', 'delete_variant', '5a86a87d-f357-4eb8-8769-ff1fa582fdc0', '2026-03-31 04:17:55');
INSERT INTO AdminLogs (id, admin_id, action, entity_id, created_at) VALUES ('5fcfa915-15fb-43bb-96c5-3ee91652c79d', '0af22faf-3385-4cb2-8d2f-22ae697d5924', 'refund_order', 'c5e7734c-6749-4292-b0b8-35d17464ddfd', '2026-04-02 04:17:55');
INSERT INTO AdminLogs (id, admin_id, action, entity_id, created_at) VALUES ('55b9cf6a-8cb8-49ce-844c-4d241a656acb', '6a691b28-c21a-4548-a4e1-d5ad28ec820d', 'delete_variant', '1420c7e0-b753-40be-8178-a4aa7033ed9b', '2026-03-31 04:17:55');
INSERT INTO AdminLogs (id, admin_id, action, entity_id, created_at) VALUES ('d9d6b298-3f05-4c52-b180-42dcd3bc335e', 'a7c23564-7cf7-466b-af52-d5f5265df2c3', 'delete_variant', '88118c51-08a9-4dad-83dc-3da5c7d300d8', '2026-04-03 04:17:55');
INSERT INTO AdminLogs (id, admin_id, action, entity_id, created_at) VALUES ('c27cba36-757a-4de1-b9fe-22046d67cf7c', 'd6fee95d-7b3f-4b20-8df4-8343d1e26a2b', 'ban_user', '746355f1-d150-485a-bba8-7bf7f927af03', '2026-04-03 04:17:55');
INSERT INTO AdminLogs (id, admin_id, action, entity_id, created_at) VALUES ('b14d03a9-fd73-487e-b269-148258e5b665', 'e7c3a52d-a99d-4d3b-9709-23381a78e4e8', 'delete_variant', 'cd0b8b0e-f526-4798-bc74-4238819b1d75', '2026-03-31 04:17:55');
INSERT INTO AdminLogs (id, admin_id, action, entity_id, created_at) VALUES ('68668234-028c-4f4e-9bd5-043e4f0eeeb6', 'b38504f5-f484-487e-b832-811efb5f8f95', 'refund_order', 'c5e7734c-6749-4292-b0b8-35d17464ddfd', '2026-04-01 04:17:55');
INSERT INTO AdminLogs (id, admin_id, action, entity_id, created_at) VALUES ('ffebb1cc-64c6-4163-8daf-f5f26628f00f', '309b07b7-b39b-4a40-a4dc-af6f91b63d18', 'ban_user', '6704781d-02b7-4c85-b4df-a686878fbad4', '2026-04-02 04:17:55');
INSERT INTO AdminLogs (id, admin_id, action, entity_id, created_at) VALUES ('6971b265-3531-44b1-ad1d-dde2d763cf85', '9f8c892c-dd6e-4434-8000-f5f680c99030', 'update_product', '99e6cd49-884d-4ef4-ad7a-4987eda6110e', '2026-04-04 04:17:55');
INSERT INTO AdminLogs (id, admin_id, action, entity_id, created_at) VALUES ('6cfa62be-4fe8-4651-8a18-a662f30c5d90', '970c3814-5b83-4f6f-9597-22108db891ad', 'update_product', '5e7966e7-3de7-4c50-8f52-20dc2d90ab0d', '2026-03-31 04:17:55');
INSERT INTO AdminLogs (id, admin_id, action, entity_id, created_at) VALUES ('214776c0-4833-42aa-b5e9-e6309df702c9', '756ebdc0-93f6-405f-a8ea-ea2e62327c9b', 'delete_variant', 'f1bbe195-8e80-48a3-9303-229bf6ba3ccf', '2026-03-30 04:17:55');
INSERT INTO AdminLogs (id, admin_id, action, entity_id, created_at) VALUES ('6f64b578-90fe-414d-9788-e7dc5916d930', 'b310bf8b-14f3-4322-89e0-ffd8ecc3eed4', 'delete_variant', 'f2cfe336-aa63-4088-ab1f-218660f0dede', '2026-03-31 04:17:55');
INSERT INTO AdminLogs (id, admin_id, action, entity_id, created_at) VALUES ('b665b56b-84e2-4f77-9648-9bbde7add29e', 'd6fee95d-7b3f-4b20-8df4-8343d1e26a2b', 'ban_user', 'c235813e-a018-441a-b57b-290a3c54be56', '2026-04-02 04:17:55');
INSERT INTO AdminLogs (id, admin_id, action, entity_id, created_at) VALUES ('c5493a05-d5db-4e84-a752-58727780866d', 'b6d037a6-9bb7-48b0-b911-6a0bfc61cf34', 'delete_variant', '0dffb0f8-aad9-4814-8399-031d153b4b25', '2026-04-02 04:17:55');
INSERT INTO AdminLogs (id, admin_id, action, entity_id, created_at) VALUES ('d1e9ef49-4898-469a-9c68-5d0b0b60b72b', 'c43c946e-37bd-4925-a469-ec9961ff8f5c', 'delete_variant', '199c3cf5-0c66-4bbc-9f4e-a6d4c6e7e55d', '2026-03-30 04:17:55');
INSERT INTO AdminLogs (id, admin_id, action, entity_id, created_at) VALUES ('3d4dbc2c-61c8-4036-b1d7-6ed9283ef197', '833eabb6-a213-4828-aa85-68495329d730', 'update_product', '1ec2956e-6d10-477a-9db2-9b2c744d6409', '2026-04-04 04:17:55');
INSERT INTO AdminLogs (id, admin_id, action, entity_id, created_at) VALUES ('1f7f0c45-7c37-43e2-8888-6acabbd6240e', '94fd965b-3376-4f48-b07a-39bd29a9ed52', 'delete_variant', '8a4bbeb9-ce0a-42d2-b1b1-f8ea154e0f2f', '2026-04-04 04:17:55');
INSERT INTO AdminLogs (id, admin_id, action, entity_id, created_at) VALUES ('f982a3a0-1c56-4a83-834b-7d4fe3189c45', '2c891dde-ede7-4fe4-85fb-6d23d45b5aee', 'update_product', '42ddd728-d251-4289-aad3-a8d1eebe88e2', '2026-03-30 04:17:55');
INSERT INTO AdminLogs (id, admin_id, action, entity_id, created_at) VALUES ('0d570966-f1ff-42e7-a6ae-fb9cbef1e303', '46aab1d8-1f03-4359-9773-e247ab8889c9', 'refund_order', 'e7a2f468-8207-4296-8d69-7bef96452b70', '2026-03-31 04:17:55');
INSERT INTO AdminLogs (id, admin_id, action, entity_id, created_at) VALUES ('623c7d8a-7155-4e59-be33-73c17433f8cf', '780f0854-0613-4798-b309-664b79200f3b', 'ban_user', 'c5e7734c-6749-4292-b0b8-35d17464ddfd', '2026-04-01 04:17:55');
INSERT INTO AdminLogs (id, admin_id, action, entity_id, created_at) VALUES ('e2031330-6f91-4130-b14f-4dbec4cd90d5', '0ae32022-be28-4aeb-809d-e23b3136f2fb', 'delete_variant', 'd284aa03-c5c2-4550-a8ef-aaf990044d58', '2026-04-01 04:17:55');
INSERT INTO AdminLogs (id, admin_id, action, entity_id, created_at) VALUES ('58159c94-cd60-4d83-a643-136df67356f3', 'b8b8da81-6431-4399-8ee8-5b5c7264bf5f', 'update_product', 'e6d3dc82-5105-4726-a585-2afd52be5e02', '2026-04-01 04:17:55');
INSERT INTO AdminLogs (id, admin_id, action, entity_id, created_at) VALUES ('6b287f9c-d053-4287-bad1-b15cb793d162', 'c20584b0-fa58-48d8-acba-54fae2fae177', 'delete_variant', 'efe2c47b-df88-4faa-944c-ead53cfca0f3', '2026-04-02 04:17:55');
INSERT INTO AdminLogs (id, admin_id, action, entity_id, created_at) VALUES ('88eb80bc-99a6-4fea-810d-efd54766c18f', '1f6e2b7b-4b7d-4bc5-8334-d62cb841b0ac', 'update_product', '3a30c4ab-1664-49dd-91e3-d97527dec6ff', '2026-03-30 04:17:55');
INSERT INTO AdminLogs (id, admin_id, action, entity_id, created_at) VALUES ('bcd01590-9d27-4989-ba63-a58f9eafffec', '709cfbd1-0ba3-4c1a-a71f-8efb5496fea4', 'delete_variant', '99f7c518-f1f0-45ed-882e-50c854c3bca2', '2026-03-31 04:17:55');
INSERT INTO AdminLogs (id, admin_id, action, entity_id, created_at) VALUES ('671531e2-e759-49f9-93bd-54887f5ce164', 'a7c23564-7cf7-466b-af52-d5f5265df2c3', 'ban_user', 'da3fd9b3-53fb-44d3-9b10-74523084406f', '2026-04-02 04:17:55');
INSERT INTO AdminLogs (id, admin_id, action, entity_id, created_at) VALUES ('032d45af-4f3c-4553-a968-890555bc0082', '257e24c9-3f92-4001-aa31-9efd0edb1ccf', 'refund_order', '3f37db79-547e-4029-a2ee-9457395702a9', '2026-04-01 04:17:55');
INSERT INTO AdminLogs (id, admin_id, action, entity_id, created_at) VALUES ('de88f503-5b87-4a5d-9abf-140093237735', '12f13b28-302e-403e-a7fc-c77f1c804d22', 'ban_user', '0c208476-dc50-4a69-b6e1-bd9016796f7d', '2026-04-01 04:17:55');
INSERT INTO AdminLogs (id, admin_id, action, entity_id, created_at) VALUES ('f339f87d-02ff-4c54-86ac-d8ae396c7551', '59cf6230-3fed-4ed8-8f99-aad52d809f56', 'ban_user', '4d6f5c68-d6ce-431b-85c4-c3cc843248b9', '2026-04-02 04:17:55');
INSERT INTO AdminLogs (id, admin_id, action, entity_id, created_at) VALUES ('4d3c7780-4ff4-466f-aa3a-859d714c65e7', 'a7f59351-ad02-4684-bfd7-8377c90b5497', 'refund_order', '4e6ee764-6c12-4688-ae8d-20617930f05f', '2026-04-04 04:17:55');
INSERT INTO AdminLogs (id, admin_id, action, entity_id, created_at) VALUES ('2820bb18-e994-4d12-953c-89b8a5542fa8', '0165d3eb-25d9-493d-b189-aa1165c571c7', 'delete_variant', '1420c7e0-b753-40be-8178-a4aa7033ed9b', '2026-04-04 04:17:55');
INSERT INTO AdminLogs (id, admin_id, action, entity_id, created_at) VALUES ('72c92794-e815-46b8-9c6b-205616f63d97', 'ed837698-8103-4da5-bb6b-1638fd2fc0ab', 'update_product', '56875e67-5e75-4413-9601-d88c50184934', '2026-04-01 04:17:55');
INSERT INTO AdminLogs (id, admin_id, action, entity_id, created_at) VALUES ('0e604701-b217-4332-80a7-103c3febb656', 'b38504f5-f484-487e-b832-811efb5f8f95', 'ban_user', '06db2942-332c-4e11-933a-2fc37e039986', '2026-03-31 04:17:55');
INSERT INTO AdminLogs (id, admin_id, action, entity_id, created_at) VALUES ('791a2569-fa94-4ff5-9e2e-1a8603af730e', '833eabb6-a213-4828-aa85-68495329d730', 'refund_order', '795698c5-6eaa-44e5-9456-3ab625a66dfa', '2026-04-03 04:17:55');
INSERT INTO AdminLogs (id, admin_id, action, entity_id, created_at) VALUES ('651eaf58-19ab-436a-81b6-515aef6f2211', '79cb10b8-161f-4ca4-9df5-2aa16e9c1d87', 'update_product', 'fdc36bd1-ffd4-46c2-b57f-406c65925ce6', '2026-04-03 04:17:55');
INSERT INTO AdminLogs (id, admin_id, action, entity_id, created_at) VALUES ('3f4e780e-9809-492d-bd60-14da8aa94c19', '982ffae6-1b1a-4229-ab90-7d106265889b', 'ban_user', 'fbe52f5d-27ff-46df-b651-49a51d60c3a3', '2026-04-04 04:17:55');
INSERT INTO AdminLogs (id, admin_id, action, entity_id, created_at) VALUES ('93f510ea-306b-4d4b-9b64-48d74ac52f06', '61e7b748-fec2-4e0f-b295-5299211ebe84', 'delete_variant', '7e567ca5-c03f-4acd-a82e-b4f668712fa3', '2026-04-03 04:17:55');
INSERT INTO AdminLogs (id, admin_id, action, entity_id, created_at) VALUES ('cb9a4047-2d94-4cb3-a3ae-58812a46f63e', 'c07a9d43-f5d2-4dcc-a955-cb009ed9af51', 'update_product', 'e6d3dc82-5105-4726-a585-2afd52be5e02', '2026-03-30 04:17:55');
INSERT INTO AdminLogs (id, admin_id, action, entity_id, created_at) VALUES ('f34a45b0-b0d7-4907-b2fd-8980a7966f83', '54ebb713-ef38-458a-b565-c4fce5c32d8a', 'ban_user', '296b27c5-5bbf-44ba-8bf9-74038268fe71', '2026-03-31 04:17:55');
INSERT INTO AdminLogs (id, admin_id, action, entity_id, created_at) VALUES ('bf675e36-21fd-4df7-a628-0951860f170a', '7ba2abf7-858b-4caf-b27d-7c01add95ce1', 'update_product', 'dc4d4adf-a375-4960-8372-225d26917a9a', '2026-04-02 04:17:55');
INSERT INTO AdminLogs (id, admin_id, action, entity_id, created_at) VALUES ('537bf6c1-fb7e-4668-a034-ef34227c3edd', '257e24c9-3f92-4001-aa31-9efd0edb1ccf', 'ban_user', '6704781d-02b7-4c85-b4df-a686878fbad4', '2026-04-02 04:17:55');
INSERT INTO AdminLogs (id, admin_id, action, entity_id, created_at) VALUES ('2fc0b31e-0366-4126-b1a4-0484b06523d1', '33b2eb1b-c074-47ee-8833-3c93f3bc0c92', 'ban_user', 'd1670013-5869-4e0c-80d6-23364891db5c', '2026-04-02 04:17:55');
INSERT INTO AdminLogs (id, admin_id, action, entity_id, created_at) VALUES ('3851209b-92c4-4e98-b3cb-e94fb0a1c246', '932ce711-f721-41b9-b7ba-59f28638b71c', 'ban_user', '99f7c518-f1f0-45ed-882e-50c854c3bca2', '2026-03-31 04:17:55');
INSERT INTO AdminLogs (id, admin_id, action, entity_id, created_at) VALUES ('6de2d348-c0b1-473d-8744-2255dbfe4135', '80b85459-ad90-412f-86a1-6b3734a25926', 'update_product', '0dffb0f8-aad9-4814-8399-031d153b4b25', '2026-04-03 04:17:55');
INSERT INTO AdminLogs (id, admin_id, action, entity_id, created_at) VALUES ('58175ba7-8170-45b9-813f-23289d90fcd6', '92cbfdca-506b-4a50-900c-002e1e625e10', 'delete_variant', '5e7966e7-3de7-4c50-8f52-20dc2d90ab0d', '2026-03-31 04:17:55');
INSERT INTO AdminLogs (id, admin_id, action, entity_id, created_at) VALUES ('be1776b0-4aa6-49fa-8511-5d891e782501', 'fcb02153-2d99-46b6-be81-f959198cee8c', 'ban_user', 'b9d51b0f-faa0-4ea0-98fc-14b31cf371a6', '2026-04-02 04:17:55');
INSERT INTO AdminLogs (id, admin_id, action, entity_id, created_at) VALUES ('e8a822e6-9d68-47c6-9e3f-7dc4947b0725', '24b77445-ae1c-4e8c-a354-1fd99d144095', 'ban_user', '0dbd8fe9-eca0-4604-a3b1-6c48ae26045c', '2026-03-30 04:17:55');
INSERT INTO AdminLogs (id, admin_id, action, entity_id, created_at) VALUES ('b154ab7d-5c00-468c-919a-b17cd1ceafff', '5efb4331-5ee6-471c-a05c-4dccdb54337f', 'update_product', '7e567ca5-c03f-4acd-a82e-b4f668712fa3', '2026-04-02 04:17:55');
INSERT INTO AdminLogs (id, admin_id, action, entity_id, created_at) VALUES ('028e19d7-5329-41f3-a12e-92bdf526a6cf', '68c5d026-e68d-4ebf-9ae6-929df5b8d0ae', 'refund_order', 'dcbdf3ce-7eb4-4694-b48d-98afc0c75895', '2026-03-31 04:17:55');
INSERT INTO AdminLogs (id, admin_id, action, entity_id, created_at) VALUES ('5c8ae778-8229-4247-b11f-d48f60409cd2', '00d67916-5e5e-4d3a-9f26-1a3c242ee490', 'refund_order', 'e15de4bd-c227-46ee-bd9a-ab8e0b39749c', '2026-04-04 04:17:55');
INSERT INTO AdminLogs (id, admin_id, action, entity_id, created_at) VALUES ('7187ccc4-8f07-424f-834b-8ef983a14411', 'e7c3a52d-a99d-4d3b-9709-23381a78e4e8', 'ban_user', '6704781d-02b7-4c85-b4df-a686878fbad4', '2026-03-30 04:17:55');
INSERT INTO AdminLogs (id, admin_id, action, entity_id, created_at) VALUES ('6048d9de-b369-4e11-a4ff-56392a7f26ae', '5efb4331-5ee6-471c-a05c-4dccdb54337f', 'refund_order', 'da3fd9b3-53fb-44d3-9b10-74523084406f', '2026-04-04 04:17:55');
INSERT INTO AdminLogs (id, admin_id, action, entity_id, created_at) VALUES ('32198f8b-cf0e-4810-91f5-5f34b71cda67', '0165d3eb-25d9-493d-b189-aa1165c571c7', 'refund_order', '4e6ee764-6c12-4688-ae8d-20617930f05f', '2026-04-01 04:17:55');
INSERT INTO AdminLogs (id, admin_id, action, entity_id, created_at) VALUES ('a22f8a77-7079-4e09-b0e8-24c2f7cf81b6', '6a691b28-c21a-4548-a4e1-d5ad28ec820d', 'refund_order', 'fdc36bd1-ffd4-46c2-b57f-406c65925ce6', '2026-04-02 04:17:55');
INSERT INTO AdminLogs (id, admin_id, action, entity_id, created_at) VALUES ('042376c2-1dfa-4323-a01c-006f38b46414', 'a7f59351-ad02-4684-bfd7-8377c90b5497', 'delete_variant', '18fbc669-1a09-404f-93ea-66354b1f8e82', '2026-04-03 04:17:55');
INSERT INTO AdminLogs (id, admin_id, action, entity_id, created_at) VALUES ('393aafd5-9678-4a47-9a4a-2677aa784176', 'a7c23564-7cf7-466b-af52-d5f5265df2c3', 'refund_order', '17ed8c1a-d854-4614-abf2-9382e2f4829a', '2026-03-31 04:17:55');
INSERT INTO AdminLogs (id, admin_id, action, entity_id, created_at) VALUES ('b770c648-98d4-47e6-b16d-9ee647bbd74e', 'e4fe0658-01ce-49ab-ac71-00d68f176ac2', 'update_product', 'cd0b8b0e-f526-4798-bc74-4238819b1d75', '2026-04-03 04:17:55');
INSERT INTO AdminLogs (id, admin_id, action, entity_id, created_at) VALUES ('94e666ab-38eb-4965-9237-05a86d04ff11', '112711f2-4396-4927-99af-2ae2d541ddac', 'update_product', 'ff95dc2d-3e4f-4c9e-81aa-57f44324b4fc', '2026-03-31 04:17:55');
INSERT INTO AdminLogs (id, admin_id, action, entity_id, created_at) VALUES ('a6e8d05f-24fd-4bf6-aa4e-677e3c522398', 'cc8205fb-de9c-4c33-a2db-28a296473c1f', 'delete_variant', 'c48cbeec-c08d-4321-9e22-425b5fb8eb24', '2026-04-01 04:17:55');
INSERT INTO AdminLogs (id, admin_id, action, entity_id, created_at) VALUES ('2f3ac822-56e3-4eaf-9841-3384c908b129', '6b4ab8ff-15ed-4ffa-bed6-e4f8f38c18cf', 'refund_order', '296b27c5-5bbf-44ba-8bf9-74038268fe71', '2026-03-31 04:17:55');
INSERT INTO AdminLogs (id, admin_id, action, entity_id, created_at) VALUES ('df73c516-e7c2-4f3a-ade9-079e357d8498', '042e013a-bd8a-4001-97c4-6935c484071e', 'ban_user', 'c48cbeec-c08d-4321-9e22-425b5fb8eb24', '2026-04-02 04:17:55');
INSERT INTO AdminLogs (id, admin_id, action, entity_id, created_at) VALUES ('3a889e19-7b32-4362-b90e-56f84b6d6b23', '7405c79b-7220-4b40-bd0b-1fd32bd77df8', 'update_product', '0c208476-dc50-4a69-b6e1-bd9016796f7d', '2026-03-31 04:17:55');
INSERT INTO AdminLogs (id, admin_id, action, entity_id, created_at) VALUES ('ab9be271-ca90-4506-ba43-31fc4f341e40', 'df3355a5-252f-434f-9bf2-4a0a471ccb86', 'delete_variant', '5dc7d2be-8170-406e-9bf2-4ba3b427e977', '2026-04-03 04:17:55');
INSERT INTO AdminLogs (id, admin_id, action, entity_id, created_at) VALUES ('5b5cab50-352f-4ae7-ba8d-60a6c1793a95', '2c891dde-ede7-4fe4-85fb-6d23d45b5aee', 'refund_order', '3a30c4ab-1664-49dd-91e3-d97527dec6ff', '2026-04-03 04:17:55');
INSERT INTO AdminLogs (id, admin_id, action, entity_id, created_at) VALUES ('03d74b19-79df-4e0e-a1ca-660981d8747e', 'f4d9bf2b-320e-4d02-8905-8b498de91959', 'delete_variant', 'ff95dc2d-3e4f-4c9e-81aa-57f44324b4fc', '2026-04-01 04:17:55');
INSERT INTO AdminLogs (id, admin_id, action, entity_id, created_at) VALUES ('1c595eef-ab94-4a05-9f21-5f6b8948e511', 'dd7288d7-d2c7-4407-bc7c-7b5ee1101b52', 'update_product', 'a224eb59-db06-45ef-8e44-ddb9230b875c', '2026-04-03 04:17:55');
INSERT INTO AdminLogs (id, admin_id, action, entity_id, created_at) VALUES ('c24d1618-1f9d-4e32-8e00-7f7950e356fe', '5815aa44-b608-42a8-a01e-fd978d65ed29', 'update_product', '86629150-2e6a-4220-9fab-d82816488866', '2026-04-03 04:17:55');
INSERT INTO AdminLogs (id, admin_id, action, entity_id, created_at) VALUES ('9b2d04ae-6d56-47ad-a8c1-b42847b5fb22', 'cd1fea1f-6389-47be-ab2c-47b4bb1a5938', 'delete_variant', 'd388a219-691c-439b-a08d-b7f2b8cdd956', '2026-03-30 04:17:55');
INSERT INTO AdminLogs (id, admin_id, action, entity_id, created_at) VALUES ('0401b400-e718-4fb6-b936-20a46da91e73', '51bbf1a7-1515-480a-b77b-3b5f2c11c832', 'delete_variant', '7b0378a7-7ba4-4ad6-a64c-497633e44c77', '2026-04-04 04:17:55');
INSERT INTO AdminLogs (id, admin_id, action, entity_id, created_at) VALUES ('4b766ea3-d47d-4b23-8616-8b107161d5e2', '374935b3-5aa6-4cb6-8191-87751b948303', 'ban_user', '4e6ee764-6c12-4688-ae8d-20617930f05f', '2026-04-04 04:17:55');
INSERT INTO AdminLogs (id, admin_id, action, entity_id, created_at) VALUES ('0377f069-a848-44f0-b3e5-ea10524f0df9', '46a5f60b-0cb8-4a63-b607-7640f0be3ff0', 'ban_user', '5dc7d2be-8170-406e-9bf2-4ba3b427e977', '2026-03-30 04:17:55');
INSERT INTO AdminLogs (id, admin_id, action, entity_id, created_at) VALUES ('4e55d527-b688-44e8-bf16-93e1a9a3b0d9', 'a53a1616-40ae-42a3-8ee2-17390874cdd6', 'update_product', '36effd2f-bcc4-435f-bea4-bc535c099c1b', '2026-04-01 04:17:55');
INSERT INTO AdminLogs (id, admin_id, action, entity_id, created_at) VALUES ('1c91f009-396d-49e3-be66-e2ba64bcee6b', '05b52c30-998c-448f-a4f6-3d09724a4f45', 'refund_order', '80f6d6c7-c41b-4784-bd5f-1fd35bd3e45b', '2026-04-03 04:17:55');
INSERT INTO AdminLogs (id, admin_id, action, entity_id, created_at) VALUES ('bb07e99a-65a9-470f-b2c1-fcd332eef60c', '552069d8-997e-4764-86cb-b0380f8ec7d9', 'refund_order', '407d1549-028f-45ae-b8fd-046141c6822a', '2026-04-03 04:17:55');
INSERT INTO AdminLogs (id, admin_id, action, entity_id, created_at) VALUES ('d6a605ee-4dd4-4c7c-89d2-11d33d64b93a', 'ee0a4518-9d43-44da-9ffc-0de60cb66ce1', 'delete_variant', '2281bd86-23db-43b8-834e-a90f0f4fc38d', '2026-03-30 04:17:55');
INSERT INTO AdminLogs (id, admin_id, action, entity_id, created_at) VALUES ('48286c18-329a-4918-a631-3f599ce096de', 'ad931990-b82c-42a7-9ede-5f370579dc1a', 'delete_variant', '2c23bc5f-3123-4116-9e56-8eb931fcb187', '2026-04-01 04:17:55');
INSERT INTO AdminLogs (id, admin_id, action, entity_id, created_at) VALUES ('d03cd64a-78d8-441e-bb57-54cde08dc4bd', '33b2eb1b-c074-47ee-8833-3c93f3bc0c92', 'update_product', 'ff95dc2d-3e4f-4c9e-81aa-57f44324b4fc', '2026-03-31 04:17:55');
INSERT INTO AdminLogs (id, admin_id, action, entity_id, created_at) VALUES ('9025da69-5573-4b10-89de-4344b3e01a2d', '46aab1d8-1f03-4359-9773-e247ab8889c9', 'ban_user', 'f04fd5ce-8775-4822-a1f9-4455423ce927', '2026-04-01 04:17:55');
INSERT INTO AdminLogs (id, admin_id, action, entity_id, created_at) VALUES ('daf06a43-3dd8-46da-b583-a86334a65ffb', 'd5944d0c-c617-4740-adcd-430a35e2a8d3', 'ban_user', '88118c51-08a9-4dad-83dc-3da5c7d300d8', '2026-04-01 04:17:55');
INSERT INTO AdminLogs (id, admin_id, action, entity_id, created_at) VALUES ('e266fbd9-91ab-415b-89e3-238b140c433e', '54ebb713-ef38-458a-b565-c4fce5c32d8a', 'ban_user', '56875e67-5e75-4413-9601-d88c50184934', '2026-03-31 04:17:55');
INSERT INTO AdminLogs (id, admin_id, action, entity_id, created_at) VALUES ('e5496376-4308-4be5-a9b3-7b70d4b464d1', '780f0854-0613-4798-b309-664b79200f3b', 'update_product', 'b287a075-58bd-4499-b78b-d82c0daf0054', '2026-04-03 04:17:55');
INSERT INTO AdminLogs (id, admin_id, action, entity_id, created_at) VALUES ('984fe193-4a80-4ca4-9f18-3557f47054f0', '00d67916-5e5e-4d3a-9f26-1a3c242ee490', 'ban_user', 'e7a2f468-8207-4296-8d69-7bef96452b70', '2026-04-03 04:17:55');
INSERT INTO AdminLogs (id, admin_id, action, entity_id, created_at) VALUES ('ef86ca01-43ba-46d0-a1f7-ca491b75e25d', '4917125c-9589-4ac9-ac15-aa8fddb80fec', 'update_product', '3f37db79-547e-4029-a2ee-9457395702a9', '2026-04-01 04:17:55');
INSERT INTO AdminLogs (id, admin_id, action, entity_id, created_at) VALUES ('b0bc35a2-d07e-4d7c-afb5-343bbf50ada5', 'ee0a4518-9d43-44da-9ffc-0de60cb66ce1', 'refund_order', 'd9123ae9-f36c-4c9b-a7ab-ca01cf81655a', '2026-03-31 04:17:55');
INSERT INTO AdminLogs (id, admin_id, action, entity_id, created_at) VALUES ('124f904b-656b-44ca-ab26-2af847f60e41', 'f2bf5a0e-87ef-47fa-9bda-16ea5f5ccb61', 'refund_order', '7dfe43a7-add0-4903-a6e5-de9c21d0ee3f', '2026-04-01 04:17:55');
INSERT INTO AdminLogs (id, admin_id, action, entity_id, created_at) VALUES ('67d73b5a-736b-4194-901b-f33eb61db699', '11d7529f-1f8b-48a9-a797-0f2698f5e769', 'refund_order', 'baea902a-95d5-4a3e-9a05-33f898bbd69f', '2026-04-03 04:17:55');
INSERT INTO AdminLogs (id, admin_id, action, entity_id, created_at) VALUES ('a646f70b-dd6b-4382-af09-666db2e03039', '8ff5f273-cbf5-451d-a90b-9d58b7bbd1ce', 'update_product', 'b29f5b2d-f034-47b8-bdc7-066e127688a7', '2026-04-03 04:17:55');
INSERT INTO AdminLogs (id, admin_id, action, entity_id, created_at) VALUES ('9161ca9c-03b5-4eeb-919f-0d7efe452830', 'b7154edd-6442-44f2-a008-76441792e300', 'delete_variant', 'd4bd628f-2985-46d2-b473-3d919539a8b7', '2026-03-31 04:17:55');
INSERT INTO AdminLogs (id, admin_id, action, entity_id, created_at) VALUES ('93da9434-ef1b-4df5-bb17-c76d961e8927', 'b96fe81a-6d90-49f9-b408-dd3853b44667', 'update_product', '199c3cf5-0c66-4bbc-9f4e-a6d4c6e7e55d', '2026-04-02 04:17:55');
INSERT INTO AdminLogs (id, admin_id, action, entity_id, created_at) VALUES ('193bde26-ee7e-4da1-94e5-8de24aa28450', '8c58d206-f29b-460b-bfe3-b017dad5390b', 'delete_variant', '5e7966e7-3de7-4c50-8f52-20dc2d90ab0d', '2026-03-31 04:17:55');
INSERT INTO AdminLogs (id, admin_id, action, entity_id, created_at) VALUES ('3e359ce2-8a78-43b2-9fef-f950b53846b7', 'c43c946e-37bd-4925-a469-ec9961ff8f5c', 'delete_variant', '5e7966e7-3de7-4c50-8f52-20dc2d90ab0d', '2026-03-31 04:17:55');
INSERT INTO AdminLogs (id, admin_id, action, entity_id, created_at) VALUES ('e48d6bee-6acf-45f7-b42b-487e0c3def6f', '2c891dde-ede7-4fe4-85fb-6d23d45b5aee', 'delete_variant', 'ffb95efe-2c6a-40a8-a5ae-b9884cea2a44', '2026-03-30 04:17:55');
INSERT INTO AdminLogs (id, admin_id, action, entity_id, created_at) VALUES ('1d92ee79-6ffb-46b7-8265-be27d85da0d5', '7d18ed27-6ccb-4fec-b1a4-f7ce3975f66e', 'ban_user', '02238a0c-dc05-46c9-8825-c2c7709f2b0f', '2026-04-04 04:17:55');
INSERT INTO AdminLogs (id, admin_id, action, entity_id, created_at) VALUES ('7b0c63dc-3ef9-499f-8190-1c187f0f06af', 'a1c9c280-3300-4095-9ac9-d1f2cc4d0c4b', 'refund_order', 'd388a219-691c-439b-a08d-b7f2b8cdd956', '2026-04-01 04:17:55');
INSERT INTO AdminLogs (id, admin_id, action, entity_id, created_at) VALUES ('10951fe8-b32e-4657-ac61-676a1ce86c4d', '709cfbd1-0ba3-4c1a-a71f-8efb5496fea4', 'update_product', 'f97a5393-a2aa-4fa0-a6c3-7bce305c23e5', '2026-04-02 04:17:55');
INSERT INTO AdminLogs (id, admin_id, action, entity_id, created_at) VALUES ('c24f7d12-a529-46b3-900e-2eed4bcba130', '2409e2b3-3ef1-476a-b57f-07baef5d118a', 'ban_user', 'a8bf1ec3-bafa-4c35-8d64-36120c795724', '2026-04-04 04:17:55');
INSERT INTO AdminLogs (id, admin_id, action, entity_id, created_at) VALUES ('111b544e-ab03-4064-b92e-4a637a2177f1', '47c9c174-7c29-4885-bb02-f0baff03a01c', 'refund_order', '88118c51-08a9-4dad-83dc-3da5c7d300d8', '2026-04-03 04:17:55');
INSERT INTO AdminLogs (id, admin_id, action, entity_id, created_at) VALUES ('bd95944f-03ce-4162-8e54-d1807dd369b6', 'cc8205fb-de9c-4c33-a2db-28a296473c1f', 'update_product', '746355f1-d150-485a-bba8-7bf7f927af03', '2026-04-01 04:17:55');
INSERT INTO AdminLogs (id, admin_id, action, entity_id, created_at) VALUES ('dae90898-6b06-4f99-aeff-a39522fb1ac7', 'e2466a30-cc59-4f01-a9bb-27beb9d56c53', 'ban_user', '65571d32-e3dd-46cb-a382-9242b854ee6c', '2026-03-31 04:17:55');
INSERT INTO AdminLogs (id, admin_id, action, entity_id, created_at) VALUES ('ae67afa2-c6fe-4cdf-8c1c-09cc776dd983', '257e24c9-3f92-4001-aa31-9efd0edb1ccf', 'update_product', '389c5938-f935-4163-a8c6-104b4642dcac', '2026-03-31 04:17:55');
INSERT INTO AdminLogs (id, admin_id, action, entity_id, created_at) VALUES ('00da86be-e3c5-4c95-95bf-cceb32816ec5', '8190ef8a-0603-4e92-8bab-227d00773615', 'delete_variant', '44770228-9a29-4ad4-9704-b2ee30a48346', '2026-04-02 04:17:55');
INSERT INTO AdminLogs (id, admin_id, action, entity_id, created_at) VALUES ('39d79d5a-b7dc-47b2-bf62-dd163d0b38ab', 'df3355a5-252f-434f-9bf2-4a0a471ccb86', 'update_product', '06db2942-332c-4e11-933a-2fc37e039986', '2026-03-31 04:17:55');
INSERT INTO AdminLogs (id, admin_id, action, entity_id, created_at) VALUES ('87ebb19c-98bc-4a8c-a2e5-13e2bab73236', '257e24c9-3f92-4001-aa31-9efd0edb1ccf', 'refund_order', '8741d3af-56c6-48a9-926c-a64113be8a31', '2026-04-03 04:17:55');
INSERT INTO AdminLogs (id, admin_id, action, entity_id, created_at) VALUES ('e3a24f20-1a38-41a0-8a51-34d3658b83bb', '5f734998-d4b0-47b2-8371-6bea17a09969', 'update_product', '674eb1d9-17c9-492f-bf1c-01cc09821d6c', '2026-04-02 04:17:55');
INSERT INTO AdminLogs (id, admin_id, action, entity_id, created_at) VALUES ('96e0d1fd-e52d-4319-92e0-dcb22f86a2d7', '8c58d206-f29b-460b-bfe3-b017dad5390b', 'refund_order', 'fcad6c3b-045d-46a2-9512-71d4d64b9cc5', '2026-04-01 04:17:55');
INSERT INTO AdminLogs (id, admin_id, action, entity_id, created_at) VALUES ('41178e8d-a765-4a4d-8379-fe7ca8857730', '2aede90e-e66d-4cb4-a833-f2ef4f2e02a8', 'ban_user', '7b0378a7-7ba4-4ad6-a64c-497633e44c77', '2026-03-30 04:17:55');
INSERT INTO AdminLogs (id, admin_id, action, entity_id, created_at) VALUES ('2506b1d5-1fa2-4c63-b45d-ccea300516b0', 'e04bf04a-48a7-42d6-94cc-14f0ab7fe077', 'ban_user', '42ddd728-d251-4289-aad3-a8d1eebe88e2', '2026-04-02 04:17:55');
INSERT INTO AdminLogs (id, admin_id, action, entity_id, created_at) VALUES ('f0a6fd76-70b0-4a22-8e02-dc59acb2eb9b', '8190ef8a-0603-4e92-8bab-227d00773615', 'update_product', 'deac43f9-555a-467d-9ab8-cb188b8361d9', '2026-04-04 04:17:55');
INSERT INTO AdminLogs (id, admin_id, action, entity_id, created_at) VALUES ('22f4ffd0-2d01-4ef9-b4aa-8d00ea15888e', '5815aa44-b608-42a8-a01e-fd978d65ed29', 'update_product', '86629150-2e6a-4220-9fab-d82816488866', '2026-03-30 04:17:55');
INSERT INTO AdminLogs (id, admin_id, action, entity_id, created_at) VALUES ('8693cde6-f6fc-485c-a513-b3524f31f15d', '6834da12-3c6f-4592-895d-d14a749cb744', 'update_product', 'd284aa03-c5c2-4550-a8ef-aaf990044d58', '2026-04-02 04:17:55');
INSERT INTO AdminLogs (id, admin_id, action, entity_id, created_at) VALUES ('1833f960-576f-4eb8-8cee-2d2e1d1e1c14', '4d940c5f-c160-4330-b367-08127fd52ff1', 'refund_order', 'd0178575-add7-4458-9cc9-7852d0cd76cc', '2026-04-01 04:17:55');
INSERT INTO AdminLogs (id, admin_id, action, entity_id, created_at) VALUES ('fb1414a5-21a0-438f-8d8d-94d3692f7218', '2c891dde-ede7-4fe4-85fb-6d23d45b5aee', 'refund_order', '66cb9293-764c-434e-b863-36af29a589c8', '2026-04-03 04:17:55');
INSERT INTO AdminLogs (id, admin_id, action, entity_id, created_at) VALUES ('7ef1c5ad-b4a6-4098-893f-2c2ceb02e70f', 'cf1b1be8-1c7b-4335-a5da-6b68a85530b6', 'ban_user', 'd284aa03-c5c2-4550-a8ef-aaf990044d58', '2026-04-02 04:17:55');
INSERT INTO AdminLogs (id, admin_id, action, entity_id, created_at) VALUES ('d41bfd2e-f40b-4c3c-8a94-dd0bb2b1cfe7', '6d070f3a-0b36-4d80-8a67-5275c48b8008', 'refund_order', '1ec2956e-6d10-477a-9db2-9b2c744d6409', '2026-04-02 04:17:55');
INSERT INTO AdminLogs (id, admin_id, action, entity_id, created_at) VALUES ('1af0e82d-f643-45ea-85ff-5216e1de1844', '8c58d206-f29b-460b-bfe3-b017dad5390b', 'delete_variant', '7b0378a7-7ba4-4ad6-a64c-497633e44c77', '2026-04-01 04:17:55');
INSERT INTO AdminLogs (id, admin_id, action, entity_id, created_at) VALUES ('05f4d800-3e7f-402c-85fb-ea18d3f94852', 'e6499594-121d-40eb-883d-a585001ad516', 'delete_variant', '1b3df4d1-8ec7-423e-9894-8f4529a4004f', '2026-04-04 04:17:55');
INSERT INTO AdminLogs (id, admin_id, action, entity_id, created_at) VALUES ('84c01529-0496-40c4-b30f-2e05a0d03cb7', 'b310bf8b-14f3-4322-89e0-ffd8ecc3eed4', 'ban_user', 'fbe52f5d-27ff-46df-b651-49a51d60c3a3', '2026-03-30 04:17:55');
INSERT INTO AdminLogs (id, admin_id, action, entity_id, created_at) VALUES ('a5f031c1-8a99-4fdb-8799-9cc53bf46c8b', '05b52c30-998c-448f-a4f6-3d09724a4f45', 'refund_order', 'f97a5393-a2aa-4fa0-a6c3-7bce305c23e5', '2026-04-02 04:17:55');
INSERT INTO AdminLogs (id, admin_id, action, entity_id, created_at) VALUES ('00d8f6e2-6333-4bea-b512-83d06b1407d1', 'e04bf04a-48a7-42d6-94cc-14f0ab7fe077', 'delete_variant', 'e15de4bd-c227-46ee-bd9a-ab8e0b39749c', '2026-03-31 04:17:55');
INSERT INTO AdminLogs (id, admin_id, action, entity_id, created_at) VALUES ('55e75a28-0571-48be-ae90-2bc28eba90ac', '7ba2abf7-858b-4caf-b27d-7c01add95ce1', 'refund_order', '4e6ee764-6c12-4688-ae8d-20617930f05f', '2026-04-03 04:17:55');
INSERT INTO AdminLogs (id, admin_id, action, entity_id, created_at) VALUES ('eac39972-d173-4c25-a8e6-e085ab81ee6b', '3ee39bdd-25ad-4f70-a181-fd2b761f1480', 'update_product', 'dc4d4adf-a375-4960-8372-225d26917a9a', '2026-04-01 04:17:55');
INSERT INTO AdminLogs (id, admin_id, action, entity_id, created_at) VALUES ('1a78592f-481f-4dcc-9acc-688a070ce8f5', 'f37ae365-6f08-496b-8e1f-a3b7469f45bf', 'ban_user', '746355f1-d150-485a-bba8-7bf7f927af03', '2026-03-31 04:17:55');
INSERT INTO AdminLogs (id, admin_id, action, entity_id, created_at) VALUES ('8fdda5f9-07fd-4267-b53b-a7de4e3615cb', 'fd5c7b77-7cdc-4f15-8e63-c730553b12b7', 'delete_variant', 'f3de3ad0-dcf7-48a7-a0b6-0b9bc07e5c25', '2026-04-03 04:17:55');
INSERT INTO AdminLogs (id, admin_id, action, entity_id, created_at) VALUES ('10545b9d-d2e9-4b4b-bc54-18dcb2bff1ab', 'ec026ca2-26fa-492c-a380-5f13901e04ab', 'update_product', 'efe2c47b-df88-4faa-944c-ead53cfca0f3', '2026-03-31 04:17:55');
INSERT INTO AdminLogs (id, admin_id, action, entity_id, created_at) VALUES ('f7ab7d39-e762-470b-acce-41bba9d90e9f', '7405c79b-7220-4b40-bd0b-1fd32bd77df8', 'delete_variant', 'f283e059-ee31-4b83-97d6-10f173af01c5', '2026-03-31 04:17:55');
INSERT INTO AdminLogs (id, admin_id, action, entity_id, created_at) VALUES ('46ffdf97-31f4-4a84-b7e6-168819e8a0e8', '970c3814-5b83-4f6f-9597-22108db891ad', 'delete_variant', 'b8a456f6-73fb-4d2a-8025-dd230694e921', '2026-04-04 04:17:55');
INSERT INTO AdminLogs (id, admin_id, action, entity_id, created_at) VALUES ('c66ab2ca-e7ea-42e7-947c-f2f0b0adceb7', 'c208a807-42fd-4c99-a3af-40292c0a601f', 'ban_user', '2c23bc5f-3123-4116-9e56-8eb931fcb187', '2026-04-02 04:17:55');
INSERT INTO AdminLogs (id, admin_id, action, entity_id, created_at) VALUES ('25f75029-92f8-4648-a7ab-139dba5f8af4', 'e4fe0658-01ce-49ab-ac71-00d68f176ac2', 'refund_order', '389c5938-f935-4163-a8c6-104b4642dcac', '2026-03-30 04:17:55');
INSERT INTO AdminLogs (id, admin_id, action, entity_id, created_at) VALUES ('c5ccf85e-1fc4-4c25-a24f-cc28be18edf0', '6b4ab8ff-15ed-4ffa-bed6-e4f8f38c18cf', 'refund_order', 'e6d3dc82-5105-4726-a585-2afd52be5e02', '2026-03-31 04:17:55');
INSERT INTO AdminLogs (id, admin_id, action, entity_id, created_at) VALUES ('65906c40-ad7c-4d1c-aa19-dbc8e70466c7', '2b12e616-d824-4e3d-99c6-2e332194a268', 'refund_order', 'efe2c47b-df88-4faa-944c-ead53cfca0f3', '2026-03-30 04:17:55');
INSERT INTO AdminLogs (id, admin_id, action, entity_id, created_at) VALUES ('066597fa-2414-47a1-abb2-67b1f50d4365', 'f4d9bf2b-320e-4d02-8905-8b498de91959', 'ban_user', 'f6e8db96-1817-45a9-b10b-ac51aee395d5', '2026-04-03 04:17:55');
INSERT INTO AdminLogs (id, admin_id, action, entity_id, created_at) VALUES ('368cd84f-dc6f-4c4d-9411-82215cb828b2', 'd9950953-7a41-4eea-bd68-9ce3b967d6dc', 'update_product', 'f1bbe195-8e80-48a3-9303-229bf6ba3ccf', '2026-03-31 04:17:55');
INSERT INTO AdminLogs (id, admin_id, action, entity_id, created_at) VALUES ('b5331099-949e-4018-8270-d5076a0ea525', 'dd7288d7-d2c7-4407-bc7c-7b5ee1101b52', 'delete_variant', '0dffb0f8-aad9-4814-8399-031d153b4b25', '2026-04-04 04:17:55');
INSERT INTO AdminLogs (id, admin_id, action, entity_id, created_at) VALUES ('7c4f3cff-94ec-4d48-9b4e-0e8d48936ce6', '4a5b55e8-e735-466f-83b9-ca47573858c7', 'refund_order', '99f7c518-f1f0-45ed-882e-50c854c3bca2', '2026-04-01 04:17:55');
INSERT INTO AdminLogs (id, admin_id, action, entity_id, created_at) VALUES ('6c5ef1be-8333-4be8-9cdd-1baa0152446c', 'f37ae365-6f08-496b-8e1f-a3b7469f45bf', 'ban_user', 'd9123ae9-f36c-4c9b-a7ab-ca01cf81655a', '2026-04-03 04:17:55');
INSERT INTO AdminLogs (id, admin_id, action, entity_id, created_at) VALUES ('5065c2ec-3a5d-4c68-aa66-4e5f7c0babc2', 'f7372ac3-28e3-4e2b-b553-47c2368113a3', 'ban_user', '2281bd86-23db-43b8-834e-a90f0f4fc38d', '2026-03-31 04:17:55');
INSERT INTO AdminLogs (id, admin_id, action, entity_id, created_at) VALUES ('fcf2c0b2-c1f5-4c47-8685-f0c3f36366bf', 'f3c93346-3d95-4cdf-b785-2d841c35da0f', 'delete_variant', '1ec2956e-6d10-477a-9db2-9b2c744d6409', '2026-04-01 04:17:55');
INSERT INTO AdminLogs (id, admin_id, action, entity_id, created_at) VALUES ('f24bf24f-3f21-464a-ba4b-9f522235cefc', '0ae32022-be28-4aeb-809d-e23b3136f2fb', 'refund_order', '746355f1-d150-485a-bba8-7bf7f927af03', '2026-04-02 04:17:55');
INSERT INTO AdminLogs (id, admin_id, action, entity_id, created_at) VALUES ('ca51ba7d-aadd-4ff5-af04-f2dfe6f2d9e8', '922d799d-aee5-4359-8b6e-4bd4da0ff332', 'delete_variant', 'fbe52f5d-27ff-46df-b651-49a51d60c3a3', '2026-04-01 04:17:55');
INSERT INTO AdminLogs (id, admin_id, action, entity_id, created_at) VALUES ('3b532bd8-6c61-4e52-ba52-ddd88d4a553a', '7a772fac-d6d6-48ce-a53b-5b147efd3af2', 'refund_order', 'b29f5b2d-f034-47b8-bdc7-066e127688a7', '2026-04-03 04:17:55');
INSERT INTO AdminLogs (id, admin_id, action, entity_id, created_at) VALUES ('10460486-a859-4832-9cca-0d18f6069021', '833eabb6-a213-4828-aa85-68495329d730', 'ban_user', 'c704c895-44d1-4dc0-9ab8-c6a53657008b', '2026-04-02 04:17:55');
INSERT INTO AdminLogs (id, admin_id, action, entity_id, created_at) VALUES ('e97cb283-5d8b-4ab8-b7d1-9fe98c3e1269', 'f2bf5a0e-87ef-47fa-9bda-16ea5f5ccb61', 'delete_variant', '7b0378a7-7ba4-4ad6-a64c-497633e44c77', '2026-04-04 04:17:55');
INSERT INTO AdminLogs (id, admin_id, action, entity_id, created_at) VALUES ('10104f99-d0c9-45ab-8768-a47fac4b03ad', '24b77445-ae1c-4e8c-a354-1fd99d144095', 'update_product', 'fdc36bd1-ffd4-46c2-b57f-406c65925ce6', '2026-04-01 04:17:55');
INSERT INTO AdminLogs (id, admin_id, action, entity_id, created_at) VALUES ('3eee2794-e515-47f0-9161-85d0d66b0228', '12f13b28-302e-403e-a7fc-c77f1c804d22', 'update_product', 'cd0b8b0e-f526-4798-bc74-4238819b1d75', '2026-04-04 04:17:55');
INSERT INTO AdminLogs (id, admin_id, action, entity_id, created_at) VALUES ('2ccf4242-d1fb-4981-bdca-ddf241c36b5b', '6766171c-ab33-4b11-9c06-9d93c11b0b25', 'delete_variant', '08bbf987-f4d5-4c5b-9d27-239dae31911b', '2026-03-31 04:17:55');
INSERT INTO AdminLogs (id, admin_id, action, entity_id, created_at) VALUES ('5a66d2e1-66f5-4413-b671-d69615ae689d', '982ffae6-1b1a-4229-ab90-7d106265889b', 'update_product', 'b9d51b0f-faa0-4ea0-98fc-14b31cf371a6', '2026-03-30 04:17:55');
INSERT INTO AdminLogs (id, admin_id, action, entity_id, created_at) VALUES ('a0649c23-d9fb-4213-8096-3a544df5cb46', '932ce711-f721-41b9-b7ba-59f28638b71c', 'delete_variant', '3527ad4e-2904-452e-9215-22867e37e14e', '2026-04-01 04:17:55');
INSERT INTO AdminLogs (id, admin_id, action, entity_id, created_at) VALUES ('43bf26ba-b204-47aa-a160-0928a51539bc', 'cc8205fb-de9c-4c33-a2db-28a296473c1f', 'ban_user', 'd284aa03-c5c2-4550-a8ef-aaf990044d58', '2026-04-01 04:17:55');
INSERT INTO AdminLogs (id, admin_id, action, entity_id, created_at) VALUES ('720b96cc-3044-4fd2-b1a5-47cc669f7d68', 'c208a807-42fd-4c99-a3af-40292c0a601f', 'delete_variant', '7dfe43a7-add0-4903-a6e5-de9c21d0ee3f', '2026-04-01 04:17:55');
INSERT INTO AdminLogs (id, admin_id, action, entity_id, created_at) VALUES ('a0d93ef4-0484-486d-a105-565f8d6dd609', '12f13b28-302e-403e-a7fc-c77f1c804d22', 'delete_variant', 'e6d3dc82-5105-4726-a585-2afd52be5e02', '2026-04-01 04:17:55');
INSERT INTO AdminLogs (id, admin_id, action, entity_id, created_at) VALUES ('07496e62-c674-4e72-8e76-69b802e1bc3f', '51bbf1a7-1515-480a-b77b-3b5f2c11c832', 'refund_order', 'b287a075-58bd-4499-b78b-d82c0daf0054', '2026-03-30 04:17:55');
INSERT INTO AdminLogs (id, admin_id, action, entity_id, created_at) VALUES ('84c26023-ef0a-480c-9dbf-9f67d04b3424', '922d799d-aee5-4359-8b6e-4bd4da0ff332', 'ban_user', '8741d3af-56c6-48a9-926c-a64113be8a31', '2026-04-04 04:17:55');
INSERT INTO AdminLogs (id, admin_id, action, entity_id, created_at) VALUES ('bc0107b8-c462-4755-aa8d-390452c89abd', '0ae32022-be28-4aeb-809d-e23b3136f2fb', 'ban_user', '06db2942-332c-4e11-933a-2fc37e039986', '2026-04-04 04:17:55');
INSERT INTO AdminLogs (id, admin_id, action, entity_id, created_at) VALUES ('db2f6698-21b4-4bd0-86be-4cf5c6c937d6', 'ad931990-b82c-42a7-9ede-5f370579dc1a', 'ban_user', 'fcad6c3b-045d-46a2-9512-71d4d64b9cc5', '2026-03-31 04:17:55');
INSERT INTO AdminLogs (id, admin_id, action, entity_id, created_at) VALUES ('b22dcec4-eb7f-4c53-8e12-acd68d4c28ec', 'd5944d0c-c617-4740-adcd-430a35e2a8d3', 'update_product', 'c838d358-b4eb-4a7d-8b1a-5be5263805d1', '2026-03-31 04:17:55');
INSERT INTO AdminLogs (id, admin_id, action, entity_id, created_at) VALUES ('11fad22c-9e34-4f57-aacf-2e48be11285a', 'ee0a4518-9d43-44da-9ffc-0de60cb66ce1', 'delete_variant', 'e7a2f468-8207-4296-8d69-7bef96452b70', '2026-03-31 04:17:55');
INSERT INTO AdminLogs (id, admin_id, action, entity_id, created_at) VALUES ('0e58ccb4-e460-4c6e-9bbd-c1c3539a8c5d', '982ffae6-1b1a-4229-ab90-7d106265889b', 'refund_order', 'deac43f9-555a-467d-9ab8-cb188b8361d9', '2026-04-03 04:17:55');
INSERT INTO AdminLogs (id, admin_id, action, entity_id, created_at) VALUES ('c558c45f-ac6e-47b6-b28c-93077efecd80', '00d67916-5e5e-4d3a-9f26-1a3c242ee490', 'refund_order', '36effd2f-bcc4-435f-bea4-bc535c099c1b', '2026-04-03 04:17:55');
INSERT INTO AdminLogs (id, admin_id, action, entity_id, created_at) VALUES ('e713f52e-c445-4ef8-8a06-3728580bc620', '24b77445-ae1c-4e8c-a354-1fd99d144095', 'ban_user', '199c3cf5-0c66-4bbc-9f4e-a6d4c6e7e55d', '2026-04-01 04:17:55');
INSERT INTO AdminLogs (id, admin_id, action, entity_id, created_at) VALUES ('85d99bf1-8a1a-46ec-863c-4c6b6536519e', 'ed837698-8103-4da5-bb6b-1638fd2fc0ab', 'refund_order', 'b9d51b0f-faa0-4ea0-98fc-14b31cf371a6', '2026-04-02 04:17:55');
INSERT INTO AdminLogs (id, admin_id, action, entity_id, created_at) VALUES ('1017385f-7d9e-40a3-9320-79b7c74d18bf', '2aede90e-e66d-4cb4-a833-f2ef4f2e02a8', 'refund_order', 'ff95dc2d-3e4f-4c9e-81aa-57f44324b4fc', '2026-04-02 04:17:55');
INSERT INTO AdminLogs (id, admin_id, action, entity_id, created_at) VALUES ('2d37bdef-b01e-4c36-9da9-1b415eff2620', '309b07b7-b39b-4a40-a4dc-af6f91b63d18', 'ban_user', 'd0178575-add7-4458-9cc9-7852d0cd76cc', '2026-03-31 04:17:55');
INSERT INTO AdminLogs (id, admin_id, action, entity_id, created_at) VALUES ('47814769-217a-4217-9dd2-ad1eb269e9dd', 'ebe6b0e5-c6b8-43b8-b3ef-14f67c854134', 'refund_order', 'a635bb8a-bf9c-4b54-83e9-f9dae6b33cdf', '2026-04-03 04:17:55');
INSERT INTO AdminLogs (id, admin_id, action, entity_id, created_at) VALUES ('858d6556-1bf6-4d63-adab-2128da948918', '70d36bcc-358f-4c3d-8584-559157aebcd9', 'delete_variant', 'c704c895-44d1-4dc0-9ab8-c6a53657008b', '2026-04-01 04:17:55');
INSERT INTO AdminLogs (id, admin_id, action, entity_id, created_at) VALUES ('6b820e87-36dd-429c-adcd-a9b97048aa78', '8c52a3f3-923a-4694-8e75-b7030025c00a', 'ban_user', '0dffb0f8-aad9-4814-8399-031d153b4b25', '2026-04-03 04:17:55');
INSERT INTO AdminLogs (id, admin_id, action, entity_id, created_at) VALUES ('88305c7c-334b-4946-8e00-8d5d8117004b', 'f608c30b-eb53-485c-b1ef-54e28c901e97', 'ban_user', 'd0bc30b9-f3a1-472b-b67b-148d4c715913', '2026-04-03 04:17:55');
INSERT INTO AdminLogs (id, admin_id, action, entity_id, created_at) VALUES ('38bd9bb9-230c-4a3f-9886-50df64bfc47b', '780f0854-0613-4798-b309-664b79200f3b', 'delete_variant', 'c48cbeec-c08d-4321-9e22-425b5fb8eb24', '2026-03-31 04:17:55');
INSERT INTO AdminLogs (id, admin_id, action, entity_id, created_at) VALUES ('7651f596-c4e9-4758-b9a2-e50f4a284a2a', '6a691b28-c21a-4548-a4e1-d5ad28ec820d', 'ban_user', '8741d3af-56c6-48a9-926c-a64113be8a31', '2026-04-02 04:17:55');
INSERT INTO AdminLogs (id, admin_id, action, entity_id, created_at) VALUES ('3cb9b9e1-f47e-481d-b030-13d5ec222840', 'ebe6b0e5-c6b8-43b8-b3ef-14f67c854134', 'update_product', 'fcad6c3b-045d-46a2-9512-71d4d64b9cc5', '2026-03-30 04:17:55');
INSERT INTO AdminLogs (id, admin_id, action, entity_id, created_at) VALUES ('6a6da141-5710-453d-8d0c-db8bfc0b8a3a', 'df3355a5-252f-434f-9bf2-4a0a471ccb86', 'ban_user', '8a4bbeb9-ce0a-42d2-b1b1-f8ea154e0f2f', '2026-04-04 04:17:55');
INSERT INTO AdminLogs (id, admin_id, action, entity_id, created_at) VALUES ('9ef5dac9-4441-450a-a712-527fd0687121', 'a1c9c280-3300-4095-9ac9-d1f2cc4d0c4b', 'delete_variant', 'f3de3ad0-dcf7-48a7-a0b6-0b9bc07e5c25', '2026-04-01 04:17:55');
INSERT INTO AdminLogs (id, admin_id, action, entity_id, created_at) VALUES ('a1ee857b-1e36-4130-a882-17a866276e71', '5f734998-d4b0-47b2-8371-6bea17a09969', 'update_product', 'fdc36bd1-ffd4-46c2-b57f-406c65925ce6', '2026-04-01 04:17:55');
INSERT INTO AdminLogs (id, admin_id, action, entity_id, created_at) VALUES ('cba17d46-81af-4efb-b34a-6f373cb57046', '2aede90e-e66d-4cb4-a833-f2ef4f2e02a8', 'update_product', 'b2e4268e-a449-4f84-b631-663556cefcd1', '2026-04-02 04:17:55');
INSERT INTO AdminLogs (id, admin_id, action, entity_id, created_at) VALUES ('8d544289-369a-4871-9698-8849144212c3', 'cd1fea1f-6389-47be-ab2c-47b4bb1a5938', 'update_product', 'b2e4268e-a449-4f84-b631-663556cefcd1', '2026-04-01 04:17:55');
INSERT INTO AdminLogs (id, admin_id, action, entity_id, created_at) VALUES ('73ad19ea-8bbe-482d-8d0d-ac0d3820689f', '4917125c-9589-4ac9-ac15-aa8fddb80fec', 'delete_variant', '3a30c4ab-1664-49dd-91e3-d97527dec6ff', '2026-03-30 04:17:55');
INSERT INTO AdminLogs (id, admin_id, action, entity_id, created_at) VALUES ('88644bb9-689a-46e0-8d9d-7b15ccbb721d', '374935b3-5aa6-4cb6-8191-87751b948303', 'ban_user', '5548956d-e4a6-4855-b44f-f7612b72b708', '2026-03-30 04:17:55');
INSERT INTO AdminLogs (id, admin_id, action, entity_id, created_at) VALUES ('23814dcf-783d-4008-bee4-65158f89ee27', 'c07a9d43-f5d2-4dcc-a955-cb009ed9af51', 'delete_variant', '7432525a-6e45-43b2-9f0c-56fa3eaeeab3', '2026-04-03 04:17:55');
INSERT INTO AdminLogs (id, admin_id, action, entity_id, created_at) VALUES ('03387dd3-ad09-4d9a-9e50-166f4ac8e813', '919d464a-abe3-4752-aba8-1e86c1bfdc7b', 'ban_user', '6704781d-02b7-4c85-b4df-a686878fbad4', '2026-04-01 04:17:55');
INSERT INTO AdminLogs (id, admin_id, action, entity_id, created_at) VALUES ('4efcfe4c-d532-412e-9f88-0af47db947f4', 'b6d037a6-9bb7-48b0-b911-6a0bfc61cf34', 'ban_user', 'a635bb8a-bf9c-4b54-83e9-f9dae6b33cdf', '2026-03-30 04:17:55');
INSERT INTO AdminLogs (id, admin_id, action, entity_id, created_at) VALUES ('d614d5f3-0cbc-4319-a318-824cf0e7b15d', '922d799d-aee5-4359-8b6e-4bd4da0ff332', 'refund_order', '8a4bbeb9-ce0a-42d2-b1b1-f8ea154e0f2f', '2026-04-03 04:17:55');
INSERT INTO AdminLogs (id, admin_id, action, entity_id, created_at) VALUES ('9236d06d-c05c-431f-83ed-723e99fda47c', 'cc8205fb-de9c-4c33-a2db-28a296473c1f', 'refund_order', '1ec2956e-6d10-477a-9db2-9b2c744d6409', '2026-03-30 04:17:55');
INSERT INTO AdminLogs (id, admin_id, action, entity_id, created_at) VALUES ('7b7a4dee-ded4-425b-8edf-41556ac6c95b', '9d9acfd4-f69b-46ca-a135-d642c8199a80', 'refund_order', '389c5938-f935-4163-a8c6-104b4642dcac', '2026-03-30 04:17:55');
INSERT INTO AdminLogs (id, admin_id, action, entity_id, created_at) VALUES ('e6717cea-c6cd-40d9-99c9-432f8435e8c6', '3ee39bdd-25ad-4f70-a181-fd2b761f1480', 'ban_user', 'd7956376-e159-4548-8da6-bc30ad4d1d80', '2026-04-04 04:17:55');
INSERT INTO AdminLogs (id, admin_id, action, entity_id, created_at) VALUES ('d0d15171-a350-4330-83c2-b693d469bb08', '6b4ab8ff-15ed-4ffa-bed6-e4f8f38c18cf', 'update_product', 'f8d4faa5-ca28-4fe1-8c91-adc5c01d17a9', '2026-04-04 04:17:55');
INSERT INTO AdminLogs (id, admin_id, action, entity_id, created_at) VALUES ('61de0d53-76da-4a49-9d00-351d69b6fc89', '520d6937-c4d6-44ed-96a9-1d25b188fc28', 'delete_variant', 'da3fd9b3-53fb-44d3-9b10-74523084406f', '2026-04-04 04:17:55');
INSERT INTO AdminLogs (id, admin_id, action, entity_id, created_at) VALUES ('a89018db-8e42-4cd5-b283-99cb60714cec', '59cf6230-3fed-4ed8-8f99-aad52d809f56', 'delete_variant', '2c23bc5f-3123-4116-9e56-8eb931fcb187', '2026-03-30 04:17:55');
INSERT INTO AdminLogs (id, admin_id, action, entity_id, created_at) VALUES ('99f6fd6e-cdb4-4f8f-a260-67d1d8ed5ead', '9f8c892c-dd6e-4434-8000-f5f680c99030', 'refund_order', 'f3de3ad0-dcf7-48a7-a0b6-0b9bc07e5c25', '2026-04-02 04:17:55');
INSERT INTO AdminLogs (id, admin_id, action, entity_id, created_at) VALUES ('e8476d34-d59c-4fca-9d10-65e11397c02c', 'a7c23564-7cf7-466b-af52-d5f5265df2c3', 'ban_user', 'd7e85441-3716-4dc0-910c-27b79238b091', '2026-04-04 04:17:55');
INSERT INTO AdminLogs (id, admin_id, action, entity_id, created_at) VALUES ('a585c16a-54fe-4620-8093-436191b99bf1', 'a0cea2aa-50e9-4aef-b30f-62b3e9c442df', 'refund_order', 'b2e4268e-a449-4f84-b631-663556cefcd1', '2026-04-04 04:17:55');
INSERT INTO AdminLogs (id, admin_id, action, entity_id, created_at) VALUES ('f3f44610-7915-4033-aa80-bb7307d4fc04', 'ec026ca2-26fa-492c-a380-5f13901e04ab', 'ban_user', '5dc7d2be-8170-406e-9bf2-4ba3b427e977', '2026-04-01 04:17:55');
INSERT INTO AdminLogs (id, admin_id, action, entity_id, created_at) VALUES ('eb4ea01a-a5a4-4ceb-ac72-af4150df969a', 'c20584b0-fa58-48d8-acba-54fae2fae177', 'ban_user', '73142b98-c3bf-44b6-a3d2-2ac58474d3e0', '2026-04-03 04:17:55');
INSERT INTO AdminLogs (id, admin_id, action, entity_id, created_at) VALUES ('2276b52f-2627-4936-9d7a-87a95cb3ec8f', '7d18ed27-6ccb-4fec-b1a4-f7ce3975f66e', 'update_product', 'd7956376-e159-4548-8da6-bc30ad4d1d80', '2026-04-02 04:17:55');
INSERT INTO AdminLogs (id, admin_id, action, entity_id, created_at) VALUES ('fca8a9a5-67c2-4379-9afe-302b2942dfb0', 'c9ed9c4f-b573-42f7-b2c5-f9169f65156a', 'refund_order', '674eb1d9-17c9-492f-bf1c-01cc09821d6c', '2026-03-30 04:17:55');
INSERT INTO AdminLogs (id, admin_id, action, entity_id, created_at) VALUES ('4b9a7889-2c7e-40ac-bd52-ae90cd9068f1', 'a7c23564-7cf7-466b-af52-d5f5265df2c3', 'update_product', 'ae3d0944-88c4-4baa-bd15-6c8f8da06862', '2026-04-01 04:17:55');
INSERT INTO AdminLogs (id, admin_id, action, entity_id, created_at) VALUES ('4e067db7-cc8d-4613-843f-e19dc80404b8', 'ed837698-8103-4da5-bb6b-1638fd2fc0ab', 'delete_variant', 'e78bc9ed-ee17-4ca9-bbd7-2761e9651067', '2026-04-02 04:17:55');
INSERT INTO AdminLogs (id, admin_id, action, entity_id, created_at) VALUES ('f709de0d-799e-4811-8729-717b37cafd4d', '2aede90e-e66d-4cb4-a833-f2ef4f2e02a8', 'update_product', '44770228-9a29-4ad4-9704-b2ee30a48346', '2026-03-31 04:17:55');
INSERT INTO AdminLogs (id, admin_id, action, entity_id, created_at) VALUES ('1febde46-0263-4143-9d87-e87df3ec0a5a', '40531f5f-2399-49aa-ac6f-d4800085388b', 'update_product', 'f2cfe336-aa63-4088-ab1f-218660f0dede', '2026-03-31 04:17:55');
INSERT INTO AdminLogs (id, admin_id, action, entity_id, created_at) VALUES ('f02ab7d4-83c4-4957-b168-237cf62117df', '9f8c892c-dd6e-4434-8000-f5f680c99030', 'refund_order', 'b9d51b0f-faa0-4ea0-98fc-14b31cf371a6', '2026-03-30 04:17:55');
INSERT INTO AdminLogs (id, admin_id, action, entity_id, created_at) VALUES ('060fa494-20cd-4f79-b9f0-721c4c0f4bf2', 'e4fe0658-01ce-49ab-ac71-00d68f176ac2', 'update_product', 'b8a456f6-73fb-4d2a-8025-dd230694e921', '2026-04-04 04:17:55');
INSERT INTO AdminLogs (id, admin_id, action, entity_id, created_at) VALUES ('fcbd7469-fd8e-4cfb-8e13-e6d886f70b17', '40531f5f-2399-49aa-ac6f-d4800085388b', 'delete_variant', '746355f1-d150-485a-bba8-7bf7f927af03', '2026-03-31 04:17:55');
INSERT INTO AdminLogs (id, admin_id, action, entity_id, created_at) VALUES ('aa853a69-dea0-4b99-96d4-01e674ccda7f', 'd5944d0c-c617-4740-adcd-430a35e2a8d3', 'delete_variant', '0dffb0f8-aad9-4814-8399-031d153b4b25', '2026-04-03 04:17:55');
INSERT INTO AdminLogs (id, admin_id, action, entity_id, created_at) VALUES ('978a0b57-92c8-4590-a49a-f3c7652ec043', '2409e2b3-3ef1-476a-b57f-07baef5d118a', 'delete_variant', 'b29f5b2d-f034-47b8-bdc7-066e127688a7', '2026-04-01 04:17:55');
INSERT INTO AdminLogs (id, admin_id, action, entity_id, created_at) VALUES ('a32d1c4b-e0e2-4314-98ff-9d8e8fbecb6e', '970c3814-5b83-4f6f-9597-22108db891ad', 'refund_order', '18fbc669-1a09-404f-93ea-66354b1f8e82', '2026-04-01 04:17:55');
INSERT INTO AdminLogs (id, admin_id, action, entity_id, created_at) VALUES ('e2b856fc-21f4-46a5-915d-9939155c4afe', '089effb1-025b-4e56-809c-b95621fe6d64', 'update_product', 'f6e8db96-1817-45a9-b10b-ac51aee395d5', '2026-04-01 04:17:55');
INSERT INTO AdminLogs (id, admin_id, action, entity_id, created_at) VALUES ('5b4bcfe2-db11-4392-98ee-a19e637cbc34', '46a5f60b-0cb8-4a63-b607-7640f0be3ff0', 'delete_variant', 'a2b4430f-e7d5-457b-b156-7f04cdad7e08', '2026-03-31 04:17:55');
INSERT INTO AdminLogs (id, admin_id, action, entity_id, created_at) VALUES ('f5de56bd-a799-4cf0-a0bb-2baa865abd3e', '6834da12-3c6f-4592-895d-d14a749cb744', 'delete_variant', 'dc4d4adf-a375-4960-8372-225d26917a9a', '2026-04-03 04:17:55');
INSERT INTO AdminLogs (id, admin_id, action, entity_id, created_at) VALUES ('7fe0faad-e16c-44d1-aef6-3d4bc9c59f3d', 'ed837698-8103-4da5-bb6b-1638fd2fc0ab', 'update_product', '56875e67-5e75-4413-9601-d88c50184934', '2026-04-02 04:17:55');
INSERT INTO AdminLogs (id, admin_id, action, entity_id, created_at) VALUES ('85986a07-ba69-4f87-adea-8cb2120ee8d2', '780f0854-0613-4798-b309-664b79200f3b', 'delete_variant', '5e7966e7-3de7-4c50-8f52-20dc2d90ab0d', '2026-04-04 04:17:55');
INSERT INTO AdminLogs (id, admin_id, action, entity_id, created_at) VALUES ('2bb7a4fb-5b61-4c8a-9dc4-98afc545d790', '7ba2abf7-858b-4caf-b27d-7c01add95ce1', 'ban_user', '1b3df4d1-8ec7-423e-9894-8f4529a4004f', '2026-04-03 04:17:55');
INSERT INTO AdminLogs (id, admin_id, action, entity_id, created_at) VALUES ('28c1c5ec-fb3e-46eb-a059-f9ca2ce529d9', 'f4d9bf2b-320e-4d02-8905-8b498de91959', 'delete_variant', 'dc4d4adf-a375-4960-8372-225d26917a9a', '2026-03-31 04:17:55');
INSERT INTO AdminLogs (id, admin_id, action, entity_id, created_at) VALUES ('1373618b-139c-4458-b952-05291f42d13e', '33b2eb1b-c074-47ee-8833-3c93f3bc0c92', 'update_product', 'f6e8db96-1817-45a9-b10b-ac51aee395d5', '2026-03-30 04:17:55');
INSERT INTO AdminLogs (id, admin_id, action, entity_id, created_at) VALUES ('61704ff5-b629-491f-a32f-89d34c277eb8', 'd5944d0c-c617-4740-adcd-430a35e2a8d3', 'refund_order', '99f08a67-bb96-46d7-95f0-b6e3864a0f58', '2026-04-04 04:17:55');
INSERT INTO AdminLogs (id, admin_id, action, entity_id, created_at) VALUES ('b9e83b4b-72a2-4e78-b812-1a2415e6978e', '2cbba6b9-0ec5-401f-adcd-d9c9665d75f2', 'delete_variant', 'd1670013-5869-4e0c-80d6-23364891db5c', '2026-04-04 04:17:55');
INSERT INTO AdminLogs (id, admin_id, action, entity_id, created_at) VALUES ('ad422c9b-2684-4c89-a41b-58a75e94eeab', 'ed837698-8103-4da5-bb6b-1638fd2fc0ab', 'delete_variant', 'ff95dc2d-3e4f-4c9e-81aa-57f44324b4fc', '2026-03-30 04:17:55');
INSERT INTO AdminLogs (id, admin_id, action, entity_id, created_at) VALUES ('7994fff5-8744-4d3d-b0f7-9f1538e17a2d', 'f2bf5a0e-87ef-47fa-9bda-16ea5f5ccb61', 'update_product', 'f97a5393-a2aa-4fa0-a6c3-7bce305c23e5', '2026-04-02 04:17:55');
INSERT INTO AdminLogs (id, admin_id, action, entity_id, created_at) VALUES ('e85b2cb6-7ce7-4599-9d83-4736fa981415', '2aede90e-e66d-4cb4-a833-f2ef4f2e02a8', 'update_product', 'e15de4bd-c227-46ee-bd9a-ab8e0b39749c', '2026-04-01 04:17:55');
